sad: 0.5983906984329224
neu: 0.33029812574386597
hap: 0.06629494577646255
sad: 0.8466365933418274
neu: 0.1385616660118103
hap: 0.014792784117162228
sad: 0.8657028079032898
neu: 0.12562455236911774
hap: 0.008583110757172108
sad: 0.8690991997718811
neu: 0.1268378645181656
hap: 0.004049124661833048
sad: 0.6641443371772766
neu: 0.24784734845161438
hap: 0.08220507204532623
sad: 0.9673874974250793
hap: 0.03198981285095215
neu: 0.0005201375461183488
sad: 0.7575370669364929
neu: 0.16420169174671173
hap: 0.07825654000043869
sad: 0.6327958106994629
neu: 0.23892679810523987
hap: 0.12338467687368393
sad: 0.9877002239227295
hap: 0.007904672995209694
neu: 0.004337680526077747
hap: 0.40625131130218506
sad: 0.3480002284049988
neu: 0.24541758000850677
sad: 0.5778577923774719
neu: 0.3687846064567566
hap: 0.052277326583862305
sad: 0.6217116713523865
neu: 0.322411447763443
hap: 0.055841438472270966
sad: 0.7839713096618652
neu: 0.18613769114017487
hap: 0.0298850666731596
sad: 0.5787040591239929
neu: 0.3882236182689667
hap: 0.03299088403582573
sad: 0.6270626187324524
neu: 0.3434610962867737
hap: 0.02941763587296009
neu: 0.5226446986198425
sad: 0.4641821086406708
hap: 0.013047189451754093
sad: 0.6680510640144348
neu: 0.3120841681957245
hap: 0.019582796841859818
sad: 0.5847309827804565
neu: 0.36519452929496765
hap: 0.05006245896220207
sad: 0.8107292056083679
neu: 0.14995144307613373
hap: 0.03931737691164017
sad: 0.6101775169372559
neu: 0.3684416115283966
hap: 0.016991794109344482
sad: 0.8841837048530579
neu: 0.08303841948509216
hap: 0.031826067715883255
sad: 0.9589080214500427
neu: 0.027388976886868477
hap: 0.013078761287033558
sad: 0.721194863319397
neu: 0.23747368156909943
hap: 0.038129061460494995
sad: 0.8109086751937866
neu: 0.10746291279792786
hap: 0.07379470765590668
sad: 0.5862532258033752
neu: 0.27506402134895325
hap: 0.13328678905963898
sad: 0.5849698185920715
neu: 0.29389625787734985
hap: 0.10325616598129272
sad: 0.7472533583641052
neu: 0.1532459259033203
hap: 0.09750452637672424
sad: 0.9444281458854675
neu: 0.02725345827639103
ang: 0.015216234140098095
sad: 0.853465735912323
hap: 0.08818740397691727
neu: 0.044912632554769516
sad: 0.690665066242218
hap: 0.28140825033187866
neu: 0.023990506306290627
sad: 0.7577676773071289
neu: 0.16559404134750366
hap: 0.05057400092482567
sad: 0.5893121957778931
neu: 0.3597625494003296
ang: 0.027260005474090576
sad: 0.6725993156433105
neu: 0.2599598467350006
hap: 0.04388538375496864
sad: 0.8544000387191772
hap: 0.07757188379764557
neu: 0.06400745362043381
sad: 0.7978246212005615
hap: 0.12041349709033966
neu: 0.0807385966181755
sad: 0.533943772315979
neu: 0.38928401470184326
hap: 0.07657916843891144
sad: 0.8579003810882568
hap: 0.05146319791674614
neu: 0.04559953883290291
sad: 0.8182851672172546
neu: 0.14417575299739838
hap: 0.034015953540802
sad: 0.39394935965538025
neu: 0.3783109188079834
hap: 0.22369888424873352
neu: 0.5418808460235596
sad: 0.31373730301856995
hap: 0.08391503989696503
sad: 0.8653311133384705
neu: 0.09896819293498993
hap: 0.030971966683864594
sad: 0.5002196431159973
neu: 0.328959584236145
hap: 0.1702195703983307
neu: 0.5554034113883972
hap: 0.3339213728904724
sad: 0.10656584054231644
neu: 0.7596551179885864
hap: 0.14562086760997772
sad: 0.0939120501279831
neu: 0.47840917110443115
sad: 0.4578370451927185
hap: 0.06224470213055611
neu: 0.4960922300815582
hap: 0.287004679441452
sad: 0.2162555754184723
neu: 0.5125405788421631
sad: 0.3936711847782135
ang: 0.0629161149263382
hap: 0.3472425043582916
sad: 0.33442258834838867
neu: 0.3163793087005615
sad: 0.49728941917419434
neu: 0.44845667481422424
hap: 0.046919092535972595
neu: 0.5204156041145325
sad: 0.31854918599128723
hap: 0.15366782248020172
ang: 0.30569976568222046
sad: 0.2909013628959656
hap: 0.24156564474105835
neu: 0.6348048448562622
sad: 0.20998667180538177
hap: 0.14571884274482727
sad: 0.6447933316230774
hap: 0.2133648693561554
neu: 0.14149360358715057
hap: 0.5256184339523315
sad: 0.4310873746871948
neu: 0.03678338602185249
hap: 0.4299139380455017
neu: 0.3595883548259735
sad: 0.19952909648418427
sad: 0.6293391585350037
neu: 0.3124973177909851
hap: 0.04462943598628044
neu: 0.4289275109767914
sad: 0.2296323925256729
hap: 0.19749769568443298
sad: 0.7519060969352722
hap: 0.22194033861160278
neu: 0.018967218697071075
neu: 0.5365451574325562
hap: 0.32192742824554443
sad: 0.14144569635391235
sad: 0.5159069895744324
hap: 0.4611966013908386
neu: 0.02149171568453312
hap: 0.5099595785140991
sad: 0.45258545875549316
neu: 0.023290220648050308
sad: 0.9784409999847412
hap: 0.01693357527256012
neu: 0.003536770585924387
sad: 0.8156527280807495
hap: 0.15373167395591736
neu: 0.030205730348825455
sad: 0.47889411449432373
hap: 0.4114745557308197
neu: 0.10406647622585297
sad: 0.537738025188446
hap: 0.24096743762493134
neu: 0.19624698162078857
sad: 0.7804756760597229
hap: 0.20030713081359863
neu: 0.015590946190059185
sad: 0.3751639425754547
ang: 0.2785383462905884
neu: 0.23860950767993927
sad: 0.7908144593238831
hap: 0.15155591070652008
neu: 0.033040110021829605
sad: 0.6510960459709167
hap: 0.17956702411174774
neu: 0.1415286511182785
sad: 0.7793902158737183
hap: 0.2118820995092392
neu: 0.007500684820115566
sad: 0.4861902594566345
hap: 0.29420438408851624
neu: 0.2183295488357544
sad: 0.47222644090652466
hap: 0.2573821246623993
neu: 0.1434534788131714
sad: 0.8793282508850098
neu: 0.10265188664197922
hap: 0.009911715984344482
sad: 0.5802762508392334
neu: 0.33795273303985596
hap: 0.05783064663410187
sad: 0.8519390821456909
neu: 0.09567873924970627
hap: 0.04905882105231285
sad: 0.9639145135879517
neu: 0.03247383236885071
hap: 0.003251956542953849
sad: 0.7098333835601807
neu: 0.27312275767326355
hap: 0.014686117880046368
sad: 0.39080989360809326
neu: 0.37570202350616455
hap: 0.22999489307403564
sad: 0.48328897356987
neu: 0.471203088760376
ang: 0.023078709840774536
sad: 0.8787122368812561
hap: 0.079957976937294
neu: 0.04098227247595787
sad: 0.8589847683906555
neu: 0.10062196850776672
hap: 0.03926163911819458
sad: 0.8751101493835449
neu: 0.0776599794626236
hap: 0.04536466673016548
sad: 0.9684514403343201
neu: 0.02268943376839161
hap: 0.007447834592312574
sad: 0.9929147958755493
neu: 0.005134843289852142
hap: 0.0015190087724477053
sad: 0.4636913239955902
neu: 0.36687299609184265
hap: 0.12654057145118713
sad: 0.8270711302757263
neu: 0.14531584084033966
hap: 0.024064620956778526
sad: 0.6229410767555237
neu: 0.3293929398059845
hap: 0.04765492305159569
sad: 0.7522432804107666
neu: 0.17326565086841583
hap: 0.07448973506689072
sad: 0.7910240888595581
neu: 0.1581612229347229
hap: 0.05081349238753319
sad: 0.7486611604690552
neu: 0.17602576315402985
hap: 0.0753105953335762
sad: 0.8114975690841675
neu: 0.17352402210235596
hap: 0.014779976569116116
hap: 0.6040689945220947
ang: 0.21461646258831024
sad: 0.17753441631793976
neu: 0.5181883573532104
sad: 0.30946046113967896
hap: 0.15756754577159882
hap: 0.7057041525840759
sad: 0.1952657252550125
neu: 0.053369682282209396
hap: 0.8066744804382324
sad: 0.16811935603618622
neu: 0.024808058515191078
hap: 0.5335361957550049
sad: 0.2963283956050873
neu: 0.1664690375328064
sad: 0.49833187460899353
hap: 0.29873353242874146
neu: 0.20282849669456482
neu: 0.5751261711120605
sad: 0.3510535657405853
hap: 0.05425994470715523
neu: 0.4916023910045624
sad: 0.302940309047699
hap: 0.20008082687854767
sad: 0.40508681535720825
hap: 0.39144328236579895
neu: 0.19933569431304932
neu: 0.46557343006134033
hap: 0.36283764243125916
sad: 0.17040836811065674
sad: 0.776958703994751
neu: 0.20749680697917938
hap: 0.015519927255809307
sad: 0.6965574622154236
neu: 0.29512548446655273
hap: 0.007281520403921604
sad: 0.4316277801990509
neu: 0.40917110443115234
hap: 0.15555895864963531
sad: 0.3689645230770111
neu: 0.3356828987598419
hap: 0.2700263559818268
sad: 0.7390915751457214
neu: 0.1544540822505951
hap: 0.07750630378723145
sad: 0.846042275428772
neu: 0.10013728588819504
hap: 0.050387077033519745
hap: 0.45855775475502014
sad: 0.29389381408691406
neu: 0.22906306385993958
sad: 0.6719203591346741
neu: 0.30346882343292236
hap: 0.01483766920864582
sad: 0.9556387066841125
hap: 0.03531573340296745
neu: 0.0065303463488817215
hap: 0.38494524359703064
sad: 0.36282381415367126
neu: 0.1741054654121399
hap: 0.5216519832611084
sad: 0.2586822211742401
neu: 0.20896457135677338
sad: 0.955187976360321
neu: 0.03263571113348007
hap: 0.011913159862160683
sad: 0.7075851559638977
hap: 0.2662853002548218
neu: 0.025943562388420105
sad: 0.8689059019088745
neu: 0.08871650695800781
hap: 0.03449515253305435
sad: 0.9511289000511169
neu: 0.02941286191344261
hap: 0.01888820342719555
sad: 0.8489830493927002
neu: 0.13099050521850586
hap: 0.018079038709402084
sad: 0.926903486251831
neu: 0.05596829950809479
hap: 0.011381850577890873
sad: 0.6863544583320618
neu: 0.2659379839897156
hap: 0.04695754498243332
neu: 0.47040167450904846
sad: 0.46628907322883606
hap: 0.06320255994796753
sad: 0.7747374773025513
hap: 0.11745984107255936
neu: 0.10779765993356705
sad: 0.9767016172409058
neu: 0.02221601828932762
hap: 0.0010822426993399858
neu: 0.5963267683982849
hap: 0.19717663526535034
sad: 0.19259367883205414
sad: 0.7501002550125122
neu: 0.233665332198143
hap: 0.016214147210121155
sad: 0.6897245645523071
neu: 0.2558324635028839
hap: 0.05441298335790634
sad: 0.7534241080284119
neu: 0.189059317111969
hap: 0.057513341307640076
sad: 0.6893539428710938
neu: 0.2685225307941437
hap: 0.04211760312318802
sad: 0.5446334481239319
neu: 0.2368091195821762
hap: 0.21855153143405914
neu: 0.6396109461784363
sad: 0.3498286306858063
hap: 0.009763361886143684
sad: 0.7112546563148499
neu: 0.2766745686531067
hap: 0.010953010991215706
neu: 0.6687008142471313
sad: 0.2576434016227722
hap: 0.06713376939296722
sad: 0.45356565713882446
neu: 0.40802091360092163
hap: 0.13411258161067963
sad: 0.8579633831977844
neu: 0.13504710793495178
hap: 0.006850020028650761
sad: 0.49191558361053467
hap: 0.3214664161205292
neu: 0.17656582593917847
sad: 0.6035148501396179
neu: 0.37910526990890503
hap: 0.01696179248392582
hap: 0.5839399695396423
sad: 0.17733070254325867
neu: 0.16877615451812744
sad: 0.7173752188682556
neu: 0.21944506466388702
hap: 0.06241758540272713
sad: 0.599554717540741
neu: 0.28793099522590637
hap: 0.11239447444677353
sad: 0.5293101668357849
neu: 0.35625991225242615
hap: 0.1036040261387825
sad: 0.6553842425346375
hap: 0.18814387917518616
neu: 0.15463395416736603
sad: 0.5717859268188477
neu: 0.36524513363838196
hap: 0.06291472166776657
hap: 0.490692675113678
sad: 0.3198511302471161
neu: 0.15709102153778076
neu: 0.5408225655555725
sad: 0.41512173414230347
hap: 0.04380292072892189
sad: 0.6407737731933594
neu: 0.19922412931919098
hap: 0.16000090539455414
sad: 0.66993647813797
neu: 0.20339426398277283
hap: 0.126668781042099
sad: 0.841189980506897
neu: 0.09622622281312943
hap: 0.0625830739736557
sad: 0.7162744998931885
neu: 0.17227759957313538
hap: 0.11144576966762543
sad: 0.7932128310203552
neu: 0.16860325634479523
hap: 0.0381830632686615
sad: 0.7248708009719849
neu: 0.18621520698070526
hap: 0.08891141414642334
sad: 0.6999872326850891
neu: 0.22352761030197144
hap: 0.07648248970508575
neu: 0.565986692905426
sad: 0.41357964277267456
hap: 0.020425599068403244
sad: 0.743180513381958
neu: 0.2522355914115906
hap: 0.004576563369482756
sad: 0.7605279684066772
neu: 0.22974394261837006
hap: 0.009711959399282932
neu: 0.5095309615135193
sad: 0.486529141664505
hap: 0.003920821473002434
sad: 0.5851896405220032
neu: 0.3934420347213745
hap: 0.02135225385427475
sad: 0.4995484948158264
neu: 0.4464144706726074
hap: 0.05402465909719467
sad: 0.6151292324066162
neu: 0.3198467195034027
hap: 0.0650194063782692
sad: 0.8687140941619873
neu: 0.11130467802286148
hap: 0.019879905506968498
neu: 0.8297705054283142
sad: 0.11384327709674835
hap: 0.05417652800679207
sad: 0.6730616092681885
neu: 0.27512139081954956
hap: 0.05181223899126053
sad: 0.5364069938659668
neu: 0.4390883445739746
hap: 0.020668618381023407
neu: 0.7170426845550537
sad: 0.25012558698654175
hap: 0.031980905681848526
sad: 0.6054658889770508
neu: 0.3759671449661255
hap: 0.018545236438512802
sad: 0.8133819103240967
neu: 0.1520054042339325
hap: 0.03394652530550957
neu: 0.5030338764190674
sad: 0.4857870936393738
hap: 0.011099060997366905
sad: 0.5892263650894165
neu: 0.32111963629722595
hap: 0.08939184993505478
sad: 0.7755232453346252
hap: 0.13516370952129364
neu: 0.08829785138368607
sad: 0.6847925782203674
neu: 0.30661311745643616
hap: 0.0078096166253089905
sad: 0.5492098927497864
neu: 0.37832221388816833
hap: 0.07014814764261246
sad: 0.62508225440979
hap: 0.22346940636634827
neu: 0.1509256213903427
sad: 0.7347425222396851
neu: 0.21663105487823486
hap: 0.04862486943602562
sad: 0.5066686272621155
neu: 0.48186081647872925
hap: 0.011416404508054256
hap: 0.7397920489311218
neu: 0.21215683221817017
sad: 0.033029910176992416
sad: 0.803295373916626
neu: 0.16410581767559052
hap: 0.032597865909338
sad: 0.7163849472999573
neu: 0.26408571004867554
hap: 0.019516780972480774
sad: 0.4938776195049286
neu: 0.29320675134658813
hap: 0.13348239660263062
sad: 0.5821332931518555
neu: 0.3713027238845825
hap: 0.04653172567486763
sad: 0.6609127521514893
neu: 0.1772175282239914
hap: 0.1618686020374298
sad: 0.732602059841156
neu: 0.18274334073066711
hap: 0.08465375751256943
sad: 0.8030910491943359
neu: 0.16171179711818695
hap: 0.035192303359508514
sad: 0.6074796915054321
neu: 0.3799687623977661
hap: 0.012467901222407818
sad: 0.6414473652839661
neu: 0.32328060269355774
hap: 0.031681984663009644
neu: 0.7348471283912659
sad: 0.15579533576965332
hap: 0.10581749677658081
hap: 0.32537397742271423
sad: 0.3082254230976105
neu: 0.2092599719762802
sad: 0.5838117599487305
neu: 0.3923918604850769
hap: 0.023730522021651268
neu: 0.7186484336853027
sad: 0.26395493745803833
hap: 0.01662704162299633
neu: 0.6280850768089294
sad: 0.31918424367904663
hap: 0.049840208142995834
sad: 0.47687745094299316
neu: 0.3867218494415283
hap: 0.13293594121932983
sad: 0.5628171563148499
hap: 0.2481311708688736
neu: 0.18852797150611877
sad: 0.7073798775672913
neu: 0.2600577175617218
hap: 0.032560765743255615
neu: 0.6127053499221802
sad: 0.3123660087585449
hap: 0.07375634461641312
sad: 0.6706347465515137
neu: 0.30071529746055603
hap: 0.026464514434337616
neu: 0.6121705174446106
sad: 0.2679433524608612
hap: 0.11364457756280899
sad: 0.5397312045097351
neu: 0.4036931097507477
ang: 0.03654629364609718
neu: 0.7006936073303223
sad: 0.16936735808849335
hap: 0.12654705345630646
neu: 0.49186408519744873
sad: 0.3950694799423218
hap: 0.11249653995037079
sad: 0.72904372215271
neu: 0.21610777080059052
hap: 0.047010015696287155
sad: 0.5281709432601929
neu: 0.2915743589401245
hap: 0.17628756165504456
sad: 0.4716978073120117
neu: 0.46226146817207336
hap: 0.04587288573384285
neu: 0.5955838561058044
sad: 0.22009150683879852
hap: 0.18287423253059387
hap: 0.6278408765792847
sad: 0.18475298583507538
neu: 0.17943541705608368
sad: 0.8040220141410828
neu: 0.17781859636306763
hap: 0.016775641590356827
hap: 0.9435024857521057
sad: 0.04938597232103348
neu: 0.005721889436244965
hap: 0.8208658695220947
neu: 0.08848261833190918
sad: 0.08797690272331238
sad: 0.6755012273788452
neu: 0.18453826010227203
hap: 0.13031527400016785
sad: 0.8859452605247498
neu: 0.08948057889938354
hap: 0.02448900043964386
sad: 0.9146766066551208
neu: 0.07526436448097229
hap: 0.010029450058937073
neu: 0.5558462142944336
hap: 0.2769487202167511
sad: 0.1464739441871643
sad: 0.9441578388214111
neu: 0.041115302592515945
hap: 0.012013209983706474
sad: 0.7600841522216797
neu: 0.17713607847690582
hap: 0.06195495277643204
neu: 0.6086515784263611
hap: 0.21318413317203522
ang: 0.09102734178304672
neu: 0.7499457597732544
sad: 0.2264576554298401
hap: 0.02276604063808918
neu: 0.6200225949287415
sad: 0.36068645119667053
hap: 0.01913278177380562
sad: 0.7445213794708252
neu: 0.21055860817432404
hap: 0.044917043298482895
neu: 0.6620043516159058
sad: 0.31142348051071167
hap: 0.017495032399892807
neu: 0.5684728622436523
sad: 0.40907973051071167
ang: 0.01782378926873207
sad: 0.6157032251358032
neu: 0.27025705575942993
hap: 0.0637282133102417
neu: 0.5273231267929077
sad: 0.456407368183136
hap: 0.011964921839535236
sad: 0.7145212888717651
neu: 0.20172381401062012
hap: 0.07099299877882004
sad: 0.8028844594955444
neu: 0.12424398958683014
hap: 0.048582132905721664
sad: 0.488373726606369
neu: 0.37020930647850037
hap: 0.13586948812007904
sad: 0.6120076775550842
neu: 0.26630812883377075
hap: 0.12070703506469727
hap: 0.4519434869289398
neu: 0.34944605827331543
ang: 0.12517663836479187
sad: 0.839799702167511
neu: 0.14680200815200806
hap: 0.013390614651143551
sad: 0.7170906066894531
neu: 0.24267417192459106
hap: 0.04022952914237976
sad: 0.6827159523963928
neu: 0.20950622856616974
hap: 0.10777592658996582
sad: 0.7426950931549072
neu: 0.1543569266796112
hap: 0.10294631123542786
neu: 0.49640029668807983
ang: 0.2583101987838745
sad: 0.12803862988948822
neu: 0.5129643678665161
sad: 0.4659118354320526
hap: 0.021073393523693085
sad: 0.6617028713226318
neu: 0.3255695104598999
hap: 0.012665522284805775
sad: 0.7085135579109192
neu: 0.2774760127067566
hap: 0.013983294367790222
sad: 0.5974928736686707
neu: 0.38265901803970337
hap: 0.019398491829633713
sad: 0.5998408794403076
neu: 0.333018958568573
hap: 0.0671299621462822
sad: 0.5805429220199585
neu: 0.31925681233406067
hap: 0.10019684582948685
sad: 0.7259057760238647
neu: 0.23258836567401886
hap: 0.04150354489684105
ang: 0.553975522518158
neu: 0.2500287592411041
sad: 0.12595105171203613
neu: 0.5998682975769043
sad: 0.36424827575683594
hap: 0.03586653247475624
sad: 0.856951892375946
neu: 0.12284169346094131
hap: 0.020202377811074257
sad: 0.7176816463470459
neu: 0.24448727071285248
hap: 0.037829913198947906
sad: 0.601404070854187
neu: 0.38300591707229614
hap: 0.015435916371643543
sad: 0.7377587556838989
neu: 0.22403044998645782
hap: 0.03820732235908508
sad: 0.7582012414932251
neu: 0.18902716040611267
hap: 0.05276837944984436
sad: 0.8642866611480713
hap: 0.05964399501681328
neu: 0.04080997407436371
sad: 0.6518622636795044
neu: 0.28807005286216736
hap: 0.06006476655602455
sad: 0.6037390232086182
neu: 0.37976688146591187
hap: 0.016410326585173607
neu: 0.4770858883857727
hap: 0.3035329580307007
ang: 0.15114207565784454
neu: 0.5270448327064514
sad: 0.43589624762535095
hap: 0.03644649311900139
sad: 0.7745545506477356
neu: 0.19626173377037048
hap: 0.02917381562292576
sad: 0.5835357308387756
hap: 0.2217712551355362
neu: 0.19468942284584045
sad: 0.9190383553504944
neu: 0.07001732289791107
hap: 0.010777460411190987
sad: 0.4906046688556671
neu: 0.37205296754837036
hap: 0.13265569508075714
neu: 0.35369035601615906
hap: 0.32865631580352783
sad: 0.30264410376548767
neu: 0.8528698682785034
hap: 0.08191917836666107
sad: 0.06370145827531815
neu: 0.488559752702713
sad: 0.259148508310318
hap: 0.22305306792259216
sad: 0.8508702516555786
neu: 0.1197647973895073
hap: 0.029360637068748474
sad: 0.8447631001472473
neu: 0.13137874007225037
hap: 0.022818518802523613
sad: 0.8395311832427979
neu: 0.08876760303974152
hap: 0.07067365199327469
hap: 0.5840154886245728
sad: 0.267092764377594
neu: 0.14449860155582428
hap: 0.4713183045387268
neu: 0.39674171805381775
sad: 0.1283882111310959
sad: 0.7260127663612366
neu: 0.17878346145153046
hap: 0.09466442465782166
sad: 0.7284879684448242
neu: 0.19548770785331726
hap: 0.07602295279502869
sad: 0.7780609130859375
neu: 0.1720653921365738
hap: 0.04987283796072006
sad: 0.7065807580947876
neu: 0.19008029997348785
hap: 0.1033371090888977
sad: 0.6992694139480591
neu: 0.23473818600177765
hap: 0.06599133461713791
sad: 0.8234810829162598
neu: 0.1188676506280899
hap: 0.05764998495578766
sad: 0.771687388420105
neu: 0.19716700911521912
hap: 0.03114418126642704
hap: 0.514316737651825
sad: 0.1789768934249878
ang: 0.16808578372001648
hap: 0.5563833117485046
sad: 0.2626893222332001
neu: 0.1382010132074356
hap: 0.7399668097496033
neu: 0.19722938537597656
sad: 0.05892118811607361
sad: 0.7889021039009094
neu: 0.15250079333782196
hap: 0.05859433487057686
sad: 0.7506489157676697
neu: 0.12481888383626938
hap: 0.12453106045722961
sad: 0.7179007530212402
neu: 0.18364368379116058
hap: 0.09845275431871414
sad: 0.7506051063537598
neu: 0.18702450394630432
hap: 0.06236821413040161
sad: 0.6344887018203735
neu: 0.2126828134059906
hap: 0.15282689034938812
sad: 0.8028954267501831
neu: 0.14626285433769226
hap: 0.05084026977419853
sad: 0.7829366326332092
neu: 0.11050862073898315
hap: 0.10655306279659271
sad: 0.8125730156898499
neu: 0.12338658422231674
hap: 0.0640391930937767
sad: 0.7250438332557678
neu: 0.2112036645412445
hap: 0.0637497827410698
sad: 0.5938677787780762
neu: 0.37102484703063965
hap: 0.03431830182671547
sad: 0.8051315546035767
neu: 0.1390763819217682
hap: 0.055790867656469345
sad: 0.7451883554458618
neu: 0.20990286767482758
hap: 0.04490751028060913
sad: 0.6283562183380127
neu: 0.3051196336746216
hap: 0.0665220394730568
sad: 0.7720635533332825
neu: 0.158733069896698
hap: 0.06920145452022552
sad: 0.7416844964027405
neu: 0.17821311950683594
hap: 0.08010123670101166
sad: 0.6277729272842407
neu: 0.2575058937072754
hap: 0.11471926420927048
sad: 0.6674990057945251
neu: 0.29495692253112793
hap: 0.034276265650987625
sad: 0.7806879878044128
neu: 0.17688940465450287
hap: 0.042413379997015
sad: 0.4093276262283325
hap: 0.341078519821167
neu: 0.24650603532791138
sad: 0.7217453718185425
neu: 0.1707145720720291
hap: 0.10753791034221649
sad: 0.6770253777503967
neu: 0.23113329708576202
hap: 0.09183982759714127
sad: 0.5839316248893738
neu: 0.328456848859787
hap: 0.08761008083820343
sad: 0.6968952417373657
neu: 0.20257021486759186
hap: 0.10053261369466782
sad: 0.7867914438247681
neu: 0.18692269921302795
hap: 0.026284832507371902
sad: 0.7810438871383667
neu: 0.1802157312631607
hap: 0.03873195871710777
neu: 0.6001256108283997
sad: 0.38005495071411133
hap: 0.01905709132552147
neu: 0.6953180432319641
sad: 0.2814103364944458
hap: 0.02325030229985714
sad: 0.8736514449119568
neu: 0.10633862763643265
hap: 0.02000494673848152
sad: 0.5829193592071533
neu: 0.40284469723701477
hap: 0.013981380499899387
sad: 0.6475857496261597
neu: 0.22868244349956512
hap: 0.11733577400445938
sad: 0.47884413599967957
neu: 0.4408475458621979
hap: 0.06953707337379456
neu: 0.6835519075393677
sad: 0.29878443479537964
hap: 0.01693701185286045
sad: 0.5166105031967163
neu: 0.45249852538108826
hap: 0.030879568308591843
sad: 0.6562420129776001
neu: 0.28713005781173706
hap: 0.0566258430480957
sad: 0.8306410312652588
neu: 0.10473153740167618
hap: 0.0646248459815979
sad: 0.8169143795967102
neu: 0.11401247978210449
hap: 0.06907220184803009
sad: 0.7409375309944153
neu: 0.20301885902881622
hap: 0.05603904277086258
sad: 0.8853914737701416
neu: 0.0976267084479332
hap: 0.016981180757284164
sad: 0.6867449879646301
neu: 0.22270359098911285
hap: 0.09054963290691376
sad: 0.8284854888916016
neu: 0.13452719151973724
hap: 0.036986470222473145
sad: 0.6109238266944885
neu: 0.2862633764743805
hap: 0.1028108224272728
sad: 0.6092188954353333
hap: 0.279717355966568
neu: 0.11106249690055847
sad: 0.774814784526825
neu: 0.1793569028377533
hap: 0.04582754150032997
sad: 0.8316122889518738
neu: 0.12203525006771088
hap: 0.046351149678230286
sad: 0.7060874104499817
neu: 0.18648047745227814
hap: 0.10743056982755661
sad: 0.7745888829231262
neu: 0.1487787961959839
hap: 0.07663147896528244
sad: 0.7216397523880005
neu: 0.1683313101530075
hap: 0.11002805083990097
sad: 0.8442760705947876
neu: 0.11279280483722687
hap: 0.04293033108115196
sad: 0.6138718724250793
neu: 0.2841969132423401
hap: 0.1019277423620224
sad: 0.6839583516120911
neu: 0.30024707317352295
hap: 0.015793047845363617
sad: 0.8027276396751404
neu: 0.17037302255630493
hap: 0.026898138225078583
sad: 0.7631967663764954
neu: 0.18749412894248962
hap: 0.04930781573057175
sad: 0.8239437937736511
neu: 0.13570351898670197
hap: 0.040351152420043945
sad: 0.7646428942680359
hap: 0.13700534403324127
neu: 0.09835061430931091
sad: 0.7755036950111389
neu: 0.1934475302696228
hap: 0.03104747086763382
sad: 0.8257864713668823
neu: 0.15744073688983917
hap: 0.016771743074059486
sad: 0.7124826312065125
neu: 0.28501710295677185
hap: 0.0024869649205356836
sad: 0.7979418635368347
neu: 0.1459493339061737
hap: 0.05610774829983711
sad: 0.4270685315132141
neu: 0.39699694514274597
hap: 0.17592787742614746
sad: 0.8068665862083435
neu: 0.13745123147964478
hap: 0.05568171665072441
sad: 0.7663140296936035
neu: 0.20289669930934906
hap: 0.030787941068410873
sad: 0.5899341702461243
hap: 0.24552704393863678
neu: 0.16453817486763
sad: 0.764650285243988
neu: 0.1545519381761551
hap: 0.08079586178064346
sad: 0.7379233241081238
neu: 0.14061486721038818
hap: 0.12146109342575073
hap: 0.5092784762382507
sad: 0.4096737504005432
neu: 0.0754825621843338
sad: 0.7939919829368591
neu: 0.17052462697029114
hap: 0.03548245131969452
sad: 0.5604972243309021
neu: 0.3551003038883209
hap: 0.08439991623163223
sad: 0.6253365874290466
neu: 0.3230804204940796
hap: 0.04612194746732712
hap: 0.5634803771972656
neu: 0.2448008954524994
sad: 0.19093678891658783
sad: 0.6963422298431396
neu: 0.23058295249938965
hap: 0.0729355439543724
sad: 0.890468418598175
neu: 0.10704507678747177
hap: 0.002415433758869767
sad: 0.9187893867492676
neu: 0.07786992937326431
hap: 0.00319568975828588
neu: 0.5151891708374023
sad: 0.4403171241283417
hap: 0.044392768293619156
sad: 0.4830552637577057
neu: 0.4784768223762512
hap: 0.03705838322639465
hap: 0.7916793823242188
neu: 0.18839812278747559
sad: 0.01972646266222
neu: 0.6247066259384155
sad: 0.21158824861049652
hap: 0.16340211033821106
neu: 0.5559762120246887
sad: 0.42099490761756897
hap: 0.020421860739588737
neu: 0.608975350856781
hap: 0.2090221345424652
sad: 0.14559781551361084
sad: 0.4727484881877899
hap: 0.28201934695243835
neu: 0.24382834136486053
hap: 0.5450137853622437
neu: 0.39364415407180786
sad: 0.04804743826389313
hap: 0.682851254940033
ang: 0.18471109867095947
neu: 0.07774828374385834
neu: 0.4915158748626709
hap: 0.42859551310539246
sad: 0.06412753462791443
neu: 0.9370744228363037
hap: 0.04486512020230293
sad: 0.013700036332011223
hap: 0.7112722992897034
ang: 0.26732444763183594
neu: 0.016469741240143776
neu: 0.768265426158905
hap: 0.21031343936920166
sad: 0.014014962129294872
neu: 0.5837802290916443
sad: 0.25271525979042053
hap: 0.161664679646492
hap: 0.44001737236976624
neu: 0.4351027011871338
sad: 0.08774271607398987
hap: 0.723504364490509
sad: 0.19528591632843018
ang: 0.048136889934539795
neu: 0.4699642062187195
sad: 0.28003832697868347
hap: 0.24734275043010712
ang: 0.4520267844200134
hap: 0.2919055223464966
neu: 0.18797257542610168
neu: 0.49661946296691895
hap: 0.2875809669494629
sad: 0.2147778570652008
sad: 0.5563557147979736
neu: 0.341001957654953
hap: 0.1024581715464592
sad: 0.9568557739257812
neu: 0.037628959864377975
hap: 0.005443928297609091
sad: 0.758312463760376
neu: 0.23061254620552063
hap: 0.011054855771362782
sad: 0.965290367603302
neu: 0.03230070695281029
hap: 0.0023710939567536116
sad: 0.9102398753166199
neu: 0.08328011631965637
hap: 0.006475224159657955
neu: 0.5865113139152527
sad: 0.3125022351741791
hap: 0.100332111120224
neu: 0.4291149973869324
hap: 0.40038827061653137
sad: 0.15142129361629486
sad: 0.46181628108024597
hap: 0.33531805872917175
neu: 0.20105567574501038
hap: 0.7552814483642578
sad: 0.19730070233345032
neu: 0.04168564826250076
sad: 0.38748040795326233
hap: 0.29725804924964905
neu: 0.2964976131916046
sad: 0.7397691607475281
neu: 0.18973924219608307
hap: 0.07007775455713272
hap: 0.643481433391571
sad: 0.3240921199321747
neu: 0.02047661878168583
sad: 0.7464076280593872
neu: 0.19696278870105743
hap: 0.05654053017497063
neu: 0.619332492351532
sad: 0.21672587096691132
hap: 0.15774692595005035
neu: 0.5901994109153748
sad: 0.23746469616889954
hap: 0.16145206987857819
hap: 0.764714241027832
neu: 0.13673490285873413
sad: 0.09533212333917618
neu: 0.4670617878437042
sad: 0.45853564143180847
hap: 0.07437601685523987
sad: 0.8098011612892151
neu: 0.1525663435459137
hap: 0.03716084733605385
sad: 0.8477523922920227
neu: 0.12641029059886932
hap: 0.025789381936192513
sad: 0.951329231262207
hap: 0.029717061668634415
neu: 0.018938597291707993
hap: 0.47233903408050537
neu: 0.23431845009326935
sad: 0.14821848273277283
sad: 0.5347089171409607
neu: 0.280306339263916
hap: 0.18359607458114624
hap: 0.6457018852233887
sad: 0.28466475009918213
neu: 0.06892012059688568
sad: 0.8346343636512756
neu: 0.14103783667087555
hap: 0.02191493660211563
sad: 0.8004826307296753
neu: 0.14440830051898956
hap: 0.05510778725147247
sad: 0.5119311213493347
neu: 0.4626505672931671
hap: 0.02541547268629074
sad: 0.537970781326294
neu: 0.43124884366989136
hap: 0.030742725357413292
neu: 0.5821352005004883
sad: 0.39701247215270996
hap: 0.020837092772126198
sad: 0.6990494132041931
neu: 0.1651741862297058
hap: 0.13577423989772797
sad: 0.7803447246551514
neu: 0.19304987788200378
hap: 0.026547055691480637
sad: 0.5227751135826111
neu: 0.44506072998046875
hap: 0.03213176131248474
sad: 0.884187638759613
neu: 0.10071805864572525
hap: 0.014922664500772953
neu: 0.465657114982605
sad: 0.4621135890483856
hap: 0.041841939091682434
hap: 0.6207445859909058
neu: 0.19619011878967285
sad: 0.1513819843530655
ang: 0.5854713916778564
neu: 0.20777647197246552
hap: 0.14323925971984863
hap: 0.5863726735115051
neu: 0.2042824923992157
sad: 0.19502002000808716
neu: 0.6508935689926147
hap: 0.27561071515083313
sad: 0.056236252188682556
neu: 0.5108279585838318
sad: 0.4413298964500427
hap: 0.04782449081540108
hap: 0.5925440788269043
sad: 0.2245274782180786
neu: 0.17518873512744904
sad: 0.7371813654899597
hap: 0.14676876366138458
neu: 0.10155896097421646
hap: 0.49794697761535645
sad: 0.25166231393814087
neu: 0.24836072325706482
hap: 0.44361138343811035
neu: 0.35062164068222046
sad: 0.19982542097568512
neu: 0.41821885108947754
hap: 0.3232436180114746
sad: 0.14726531505584717
neu: 0.5752339959144592
ang: 0.3110755383968353
sad: 0.08305144309997559
sad: 0.48906585574150085
hap: 0.3699389100074768
neu: 0.13691557943820953
sad: 0.9054515957832336
neu: 0.07701712846755981
hap: 0.016615847125649452
sad: 0.4308498501777649
neu: 0.40772324800491333
hap: 0.1293361932039261
hap: 0.5859882235527039
neu: 0.28960177302360535
ang: 0.08907221257686615
sad: 0.8320369124412537
neu: 0.10953211784362793
hap: 0.05842478945851326
sad: 0.7667033076286316
neu: 0.1951063722372055
hap: 0.038189444690942764
neu: 0.343755841255188
sad: 0.30162960290908813
hap: 0.27353784441947937
sad: 0.6997838020324707
neu: 0.1682700663805008
hap: 0.13194382190704346
sad: 0.623319685459137
neu: 0.28183481097221375
hap: 0.09483827650547028
sad: 0.8142855763435364
neu: 0.15008002519607544
hap: 0.03563317283987999
sad: 0.7716395854949951
neu: 0.191521555185318
hap: 0.03683686628937721
sad: 0.7608504891395569
neu: 0.188822939991951
hap: 0.050326015800237656
neu: 0.6623232960700989
sad: 0.1769288182258606
hap: 0.12155935168266296
sad: 0.8522700667381287
neu: 0.10521496087312698
hap: 0.03995825722813606
sad: 0.7174397706985474
neu: 0.18423382937908173
hap: 0.09730140119791031
sad: 0.9404633641242981
hap: 0.03413046523928642
neu: 0.025311805307865143
sad: 0.8156736493110657
neu: 0.1159052848815918
hap: 0.06841957569122314
sad: 0.8798164129257202
neu: 0.07911673188209534
hap: 0.041066255420446396
sad: 0.5417917370796204
neu: 0.4197256863117218
hap: 0.03799482807517052
sad: 0.8842294812202454
neu: 0.09561353921890259
hap: 0.015072000212967396
sad: 0.8208057284355164
neu: 0.14613568782806396
hap: 0.0330580472946167
sad: 0.9229766726493835
neu: 0.06265479326248169
hap: 0.012903746217489243
sad: 0.8835505843162537
hap: 0.06677684932947159
neu: 0.048523906618356705
sad: 0.7100867033004761
neu: 0.21691030263900757
hap: 0.06821231544017792
neu: 0.46415209770202637
hap: 0.37386348843574524
sad: 0.15650688111782074
neu: 0.571975588798523
hap: 0.3117275834083557
sad: 0.11315033584833145
neu: 0.448994904756546
ang: 0.27266979217529297
sad: 0.20400424301624298
sad: 0.6684941053390503
neu: 0.2986662685871124
hap: 0.0327349454164505
sad: 0.7116754055023193
neu: 0.21069027483463287
hap: 0.0776318684220314
sad: 0.7378897666931152
neu: 0.23347212374210358
hap: 0.02862880378961563
sad: 0.5671014785766602
neu: 0.3567221164703369
hap: 0.06162240728735924
sad: 0.7192870378494263
neu: 0.251478910446167
hap: 0.029229287058115005
sad: 0.5475282669067383
neu: 0.24923525750637054
hap: 0.2032245248556137
sad: 0.8442201018333435
neu: 0.12322194129228592
hap: 0.03255739435553551
sad: 0.7069222331047058
neu: 0.2520485520362854
hap: 0.04102058708667755
ang: 0.8178526163101196
neu: 0.1227458268404007
sad: 0.04257715865969658
sad: 0.5058584809303284
hap: 0.25081875920295715
neu: 0.24055960774421692
neu: 0.4345380663871765
hap: 0.3196397125720978
sad: 0.24480202794075012
neu: 0.8557912707328796
sad: 0.12380114942789078
hap: 0.0191732756793499
neu: 0.5006264448165894
hap: 0.2506689429283142
sad: 0.24368105828762054
hap: 0.4264638125896454
ang: 0.23107117414474487
sad: 0.23035910725593567
neu: 0.6714709997177124
sad: 0.2542021572589874
hap: 0.06319383531808853
sad: 0.5286989808082581
neu: 0.39003610610961914
hap: 0.08046392351388931
neu: 0.847261905670166
hap: 0.10996681451797485
sad: 0.0416870191693306
neu: 0.5732041001319885
sad: 0.1610543429851532
hap: 0.1406407505273819
sad: 0.641107976436615
hap: 0.22961099445819855
neu: 0.12816844880580902
neu: 0.8089940547943115
sad: 0.12116416543722153
hap: 0.06868926435709
ang: 0.5507221221923828
neu: 0.23521900177001953
sad: 0.11904239654541016
neu: 0.649352490901947
sad: 0.29769378900527954
hap: 0.05284510925412178
neu: 0.5549683570861816
hap: 0.35697680711746216
ang: 0.07470007985830307
ang: 0.35269683599472046
neu: 0.30086883902549744
hap: 0.18584536015987396
sad: 0.822790801525116
neu: 0.13531415164470673
hap: 0.041893742978572845
sad: 0.666212260723114
neu: 0.29763346910476685
hap: 0.0361475870013237
ang: 0.9144710898399353
hap: 0.0484025701880455
neu: 0.02806100621819496
neu: 0.6151291131973267
sad: 0.3382597863674164
hap: 0.04646915942430496
sad: 0.8150196671485901
neu: 0.17415492236614227
hap: 0.010824190452694893
neu: 0.6335845589637756
sad: 0.16876481473445892
ang: 0.12082118541002274
neu: 0.5077542066574097
sad: 0.4560471177101135
hap: 0.03619308024644852
neu: 0.5166521668434143
sad: 0.3409140110015869
hap: 0.12068871408700943
neu: 0.48990195989608765
sad: 0.4098225235939026
hap: 0.10016093403100967
neu: 0.6351559162139893
hap: 0.30996716022491455
sad: 0.03664682060480118
neu: 0.5957249999046326
sad: 0.2895626723766327
hap: 0.08122222125530243
sad: 0.5660675168037415
hap: 0.2390214055776596
neu: 0.19295530021190643
ang: 0.9890196919441223
hap: 0.006464405916631222
neu: 0.0038896449841558933
ang: 0.5158417224884033
neu: 0.23055243492126465
hap: 0.22628700733184814
neu: 0.5050948858261108
hap: 0.3568490445613861
ang: 0.10381913930177689
sad: 0.6336865425109863
neu: 0.35279783606529236
hap: 0.013325835578143597
sad: 0.8363324999809265
neu: 0.12545496225357056
hap: 0.038211990147829056
sad: 0.6409303545951843
neu: 0.3365732729434967
hap: 0.022493558004498482
sad: 0.7660035490989685
neu: 0.1654866635799408
hap: 0.06850873678922653
sad: 0.6406621932983398
neu: 0.31209835410118103
hap: 0.04723425209522247
hap: 0.42173683643341064
neu: 0.39469149708747864
sad: 0.16940873861312866
neu: 0.4534810185432434
hap: 0.27879124879837036
sad: 0.23024876415729523
neu: 0.4580899477005005
hap: 0.2646191716194153
sad: 0.26088547706604004
sad: 0.5318002700805664
neu: 0.4602319002151489
hap: 0.007573388516902924
neu: 0.4454891085624695
hap: 0.38052672147750854
ang: 0.15203776955604553
ang: 0.34776028990745544
hap: 0.3369954824447632
neu: 0.2638895809650421
neu: 0.7483333349227905
hap: 0.20851919054985046
sad: 0.03259188309311867
hap: 0.46974074840545654
sad: 0.2910216748714447
neu: 0.2236282080411911
sad: 0.687787652015686
neu: 0.2366890013217926
hap: 0.07552064955234528
neu: 0.8659165501594543
sad: 0.12314432114362717
hap: 0.010533078573644161
sad: 0.5757391452789307
neu: 0.3354036509990692
hap: 0.08884794265031815
sad: 0.6238496899604797
neu: 0.3691423535346985
hap: 0.0067238593474030495
sad: 0.7896560430526733
neu: 0.20703259110450745
hap: 0.003263987135142088
sad: 0.5356454849243164
neu: 0.4559302031993866
hap: 0.007992907427251339
neu: 0.6583005785942078
sad: 0.3283548355102539
hap: 0.0121528971940279
sad: 0.9315216541290283
neu: 0.0634048581123352
hap: 0.004720546305179596
sad: 0.826908528804779
neu: 0.1688467413187027
hap: 0.004067669622600079
sad: 0.7042781710624695
neu: 0.287090927362442
hap: 0.00853843055665493
sad: 0.7385374307632446
neu: 0.18249157071113586
hap: 0.0789671316742897
neu: 0.9046828150749207
hap: 0.06495724618434906
sad: 0.02993358112871647
neu: 0.644080638885498
sad: 0.269528865814209
hap: 0.07638528943061829
sad: 0.8328297138214111
neu: 0.13410960137844086
hap: 0.03305840119719505
sad: 0.8000470995903015
neu: 0.18334902822971344
hap: 0.016600292176008224
sad: 0.7804746031761169
neu: 0.1917298585176468
hap: 0.02779334969818592
sad: 0.8118432760238647
neu: 0.1792667806148529
hap: 0.008885129354894161
sad: 0.7358167171478271
neu: 0.24685457348823547
hap: 0.017323004081845284
sad: 0.8042122721672058
neu: 0.13403549790382385
hap: 0.06175145134329796
sad: 0.8325480818748474
neu: 0.1156587302684784
hap: 0.051792800426483154
sad: 0.7386190295219421
neu: 0.24233552813529968
hap: 0.01904270425438881
sad: 0.849901556968689
neu: 0.11789770424365997
hap: 0.03219754621386528
sad: 0.8629778623580933
neu: 0.10641932487487793
hap: 0.030602267012000084
sad: 0.8162651062011719
neu: 0.1423967033624649
hap: 0.041337668895721436
sad: 0.7645074129104614
neu: 0.18618591129779816
hap: 0.04930603876709938
sad: 0.7431961297988892
neu: 0.20366312563419342
hap: 0.05313926190137863
sad: 0.854390561580658
neu: 0.09842658042907715
hap: 0.04718239605426788
sad: 0.7628496289253235
neu: 0.15338867902755737
hap: 0.0837603509426117
sad: 0.811265230178833
neu: 0.12778009474277496
hap: 0.06095375865697861
sad: 0.8893445134162903
neu: 0.10326215624809265
hap: 0.007268548011779785
sad: 0.7667158246040344
neu: 0.16708390414714813
hap: 0.06619912385940552
sad: 0.87960284948349
neu: 0.11051325500011444
hap: 0.00988302193582058
sad: 0.7994447946548462
neu: 0.14414608478546143
hap: 0.05640823394060135
sad: 0.7950769662857056
neu: 0.13535775244235992
hap: 0.06956414133310318
sad: 0.8255380988121033
neu: 0.09743184596300125
hap: 0.07702913880348206
sad: 0.7648934721946716
neu: 0.19087786972522736
hap: 0.04422761872410774
sad: 0.7668963670730591
neu: 0.1792421042919159
hap: 0.053860314190387726
sad: 0.7808734774589539
neu: 0.14783459901809692
hap: 0.0712905004620552
sad: 0.6219238042831421
hap: 0.22712863981723785
neu: 0.15094570815563202
sad: 0.7191041707992554
neu: 0.2714671194553375
hap: 0.009419276379048824
sad: 0.8829545974731445
neu: 0.06302829086780548
hap: 0.05401647835969925
sad: 0.6941593289375305
neu: 0.2685254216194153
hap: 0.03731093183159828
sad: 0.832115113735199
neu: 0.1223878562450409
hap: 0.045496150851249695
sad: 0.8396500945091248
neu: 0.1395038217306137
hap: 0.020669041201472282
sad: 0.9237274527549744
neu: 0.0636991560459137
hap: 0.012572999112308025
sad: 0.7957189679145813
neu: 0.1684684008359909
hap: 0.03581206500530243
sad: 0.8504748940467834
neu: 0.12183808535337448
hap: 0.0276864655315876
sad: 0.8321220278739929
neu: 0.11245802789926529
hap: 0.055418405681848526
sad: 0.7828437685966492
neu: 0.1289607137441635
hap: 0.08819474279880524
sad: 0.8047503232955933
neu: 0.15777485072612762
hap: 0.03747407719492912
sad: 0.7663669586181641
neu: 0.12354182451963425
hap: 0.11009015142917633
sad: 0.8097838163375854
neu: 0.1329917311668396
hap: 0.057223718613386154
sad: 0.8071892261505127
neu: 0.16156455874443054
hap: 0.031206026673316956
sad: 0.6317155957221985
neu: 0.3033548891544342
hap: 0.06336703896522522
sad: 0.8150299787521362
neu: 0.17214269936084747
hap: 0.012824984267354012
sad: 0.7549126744270325
neu: 0.19845333695411682
hap: 0.04663166403770447
neu: 0.5190041065216064
hap: 0.31512871384620667
sad: 0.15272925794124603
sad: 0.6092320680618286
hap: 0.30704566836357117
neu: 0.06584008783102036
neu: 0.7567881941795349
ang: 0.16417525708675385
sad: 0.05440840497612953
sad: 0.6987396478652954
neu: 0.2749282121658325
hap: 0.02417854778468609
sad: 0.7471420764923096
neu: 0.22156371176242828
hap: 0.030858492478728294
sad: 0.9006285071372986
neu: 0.06537456065416336
hap: 0.01962118037045002
neu: 0.5637511014938354
hap: 0.3341406285762787
sad: 0.08646377921104431
hap: 0.7953084111213684
neu: 0.17391912639141083
ang: 0.027912331745028496
hap: 0.5295740962028503
neu: 0.3488032817840576
sad: 0.0912446528673172
sad: 0.8641467690467834
neu: 0.06831665337085724
hap: 0.051578160375356674
sad: 0.785578191280365
neu: 0.12223837524652481
hap: 0.09218157827854156
sad: 0.7764862775802612
neu: 0.16261723637580872
hap: 0.06089533865451813
sad: 0.7524638175964355
neu: 0.16613972187042236
hap: 0.08139548450708389
sad: 0.7206447720527649
hap: 0.17127171158790588
neu: 0.1080813854932785
sad: 0.8062195777893066
neu: 0.16722719371318817
hap: 0.026455126702785492
sad: 0.8452644348144531
neu: 0.13535961508750916
hap: 0.019374754279851913
hap: 0.41149580478668213
ang: 0.26303812861442566
neu: 0.21042442321777344
neu: 0.605384111404419
sad: 0.1979111284017563
hap: 0.14420191943645477
neu: 0.5428318381309509
hap: 0.3345305025577545
sad: 0.08518443256616592
neu: 0.31167885661125183
hap: 0.24545873701572418
sad: 0.22275961935520172
sad: 0.558858335018158
neu: 0.3823745548725128
hap: 0.054669205099344254
sad: 0.4193437099456787
hap: 0.38747715950012207
neu: 0.18321646749973297
sad: 0.8664904236793518
neu: 0.09994737803936005
hap: 0.03356190025806427
sad: 0.7647194266319275
neu: 0.1592966467142105
hap: 0.07598190009593964
sad: 0.8280988931655884
neu: 0.11502376943826675
hap: 0.05687614902853966
neu: 0.4971366226673126
sad: 0.41001012921333313
hap: 0.07067077606916428
sad: 0.6957798004150391
neu: 0.26698896288871765
hap: 0.03722076863050461
neu: 0.5425202250480652
sad: 0.40336546301841736
hap: 0.048314861953258514
sad: 0.8754086494445801
neu: 0.11870790272951126
hap: 0.0038579702377319336
sad: 0.6854355335235596
neu: 0.23934617638587952
hap: 0.07521706819534302
neu: 0.6201328635215759
hap: 0.2823737859725952
ang: 0.09027279913425446
hap: 0.8090213537216187
neu: 0.1644604653120041
ang: 0.0232358630746603
sad: 0.8605964779853821
neu: 0.09164020419120789
hap: 0.047762561589479446
sad: 0.8179890513420105
neu: 0.10946200042963028
hap: 0.07254792004823685
sad: 0.8891645073890686
neu: 0.09122748672962189
hap: 0.019607480615377426
sad: 0.7341964840888977
neu: 0.13701696693897247
hap: 0.1287851631641388
sad: 0.6865054965019226
neu: 0.17123664915561676
hap: 0.14225609600543976
hap: 0.33566343784332275
neu: 0.30463913083076477
sad: 0.29527339339256287
neu: 0.3066728711128235
ang: 0.2981128692626953
hap: 0.2683476209640503
hap: 0.4411982297897339
sad: 0.23946289718151093
neu: 0.21050390601158142
sad: 0.737571656703949
neu: 0.15460997819900513
hap: 0.09098713099956512
neu: 0.4275559186935425
hap: 0.27553337812423706
sad: 0.22152315080165863
neu: 0.7719014286994934
hap: 0.10530383884906769
sad: 0.06836140900850296
neu: 0.45913928747177124
ang: 0.30653607845306396
hap: 0.14162714779376984
sad: 0.7349427342414856
neu: 0.24319827556610107
hap: 0.021852971985936165
sad: 0.477342814207077
neu: 0.1910271942615509
ang: 0.1712784767150879
ang: 0.32137975096702576
sad: 0.26575708389282227
neu: 0.2455768585205078
hap: 0.6563423871994019
neu: 0.2536378502845764
sad: 0.046511515974998474
neu: 0.5929750204086304
hap: 0.3542860746383667
sad: 0.049439165741205215
hap: 0.44213640689849854
neu: 0.32695403695106506
sad: 0.2180391252040863
sad: 0.5148980021476746
neu: 0.2739623785018921
hap: 0.21004493534564972
neu: 0.4397899806499481
hap: 0.30081620812416077
sad: 0.23179619014263153
sad: 0.8009166717529297
neu: 0.17340829968452454
hap: 0.025674166157841682
sad: 0.7001011371612549
neu: 0.21501639485359192
hap: 0.08488000184297562
neu: 0.5638405084609985
sad: 0.22520682215690613
ang: 0.13909001648426056
hap: 0.5383365154266357
neu: 0.423063188791275
sad: 0.03572860360145569
hap: 0.5466313362121582
neu: 0.3033948540687561
sad: 0.10302719473838806
neu: 0.5332069396972656
hap: 0.25255927443504333
sad: 0.19448836147785187
neu: 0.6926724314689636
hap: 0.2278895229101181
sad: 0.057539161294698715
sad: 0.4705546498298645
neu: 0.4440939426422119
hap: 0.0796574056148529
hap: 0.2924226224422455
neu: 0.27717500925064087
sad: 0.2588484287261963
neu: 0.530482828617096
hap: 0.37375301122665405
ang: 0.05066385120153427
neu: 0.3529660105705261
ang: 0.261283814907074
sad: 0.22122067213058472
sad: 0.7113985419273376
neu: 0.2696879804134369
hap: 0.01849568448960781
sad: 0.5702809691429138
neu: 0.42477959394454956
hap: 0.003892440116032958
neu: 0.5200887322425842
sad: 0.4153868556022644
hap: 0.06451039761304855
neu: 0.47878700494766235
hap: 0.4675971269607544
ang: 0.027891572564840317
hap: 0.7329972386360168
sad: 0.16706246137619019
neu: 0.07870854437351227
ang: 0.4969010353088379
neu: 0.3514421582221985
hap: 0.09587252885103226
sad: 0.4941873550415039
hap: 0.3403606414794922
neu: 0.13943514227867126
neu: 0.5843729972839355
hap: 0.23882460594177246
sad: 0.16659651696681976
ang: 0.6404911875724792
hap: 0.2731779217720032
neu: 0.07854831218719482
sad: 0.5537751317024231
neu: 0.41373926401138306
hap: 0.03213334456086159
neu: 0.5103366374969482
sad: 0.4387281835079193
hap: 0.04936616122722626
neu: 0.604857325553894
sad: 0.2856961190700531
hap: 0.10924536734819412
sad: 0.6056971549987793
neu: 0.3594433069229126
hap: 0.034656133502721786
sad: 0.7719593048095703
neu: 0.21566322445869446
hap: 0.012087242677807808
sad: 0.6905346512794495
neu: 0.3002842366695404
hap: 0.00907941721379757
sad: 0.7443670034408569
neu: 0.18291673064231873
hap: 0.07270648330450058
sad: 0.8857289552688599
neu: 0.10360359400510788
hap: 0.010608195327222347
sad: 0.656389057636261
neu: 0.3345002233982086
hap: 0.009080760180950165
neu: 0.7820939421653748
sad: 0.18468981981277466
hap: 0.02950950711965561
sad: 0.4434995651245117
neu: 0.4225142300128937
hap: 0.1292022317647934
sad: 0.5832823514938354
neu: 0.3864290118217468
hap: 0.02993515506386757
sad: 0.7842898964881897
neu: 0.20345434546470642
hap: 0.012251251377165318
sad: 0.9715514183044434
neu: 0.02803708054125309
hap: 0.00036942859878763556
sad: 0.6245379447937012
neu: 0.34714820981025696
hap: 0.028284206986427307
sad: 0.6104779243469238
neu: 0.3853291869163513
hap: 0.003908957354724407
sad: 0.632811427116394
neu: 0.34662705659866333
hap: 0.019745543599128723
sad: 0.7692892551422119
neu: 0.2246776521205902
hap: 0.005368269048631191
sad: 0.700179398059845
neu: 0.2969032824039459
hap: 0.002777288667857647
neu: 0.6054736971855164
sad: 0.230592742562294
hap: 0.16343379020690918
sad: 0.7183080315589905
neu: 0.26869115233421326
hap: 0.01299416832625866
sad: 0.7511776089668274
neu: 0.20920157432556152
hap: 0.039617907255887985
sad: 0.7453629374504089
neu: 0.24481114745140076
hap: 0.009819040074944496
sad: 0.5091961622238159
neu: 0.4647553563117981
hap: 0.026027092710137367
sad: 0.6801772713661194
neu: 0.29897019267082214
hap: 0.020833062008023262
neu: 0.5002899765968323
sad: 0.4601653814315796
hap: 0.03952239826321602
neu: 0.7613009214401245
sad: 0.15181443095207214
hap: 0.08635041862726212
neu: 0.5046260356903076
sad: 0.4115382730960846
hap: 0.08309007436037064
sad: 0.6559382677078247
neu: 0.2841116189956665
hap: 0.05992646887898445
neu: 0.5688915252685547
sad: 0.4012279808521271
hap: 0.02984706684947014
sad: 0.5020532011985779
neu: 0.45702341198921204
hap: 0.04073389619588852
sad: 0.6102306246757507
neu: 0.3526279032230377
hap: 0.03713607043027878
sad: 0.7027442455291748
neu: 0.26900750398635864
hap: 0.02824375033378601
sad: 0.7360125184059143
neu: 0.23484501242637634
hap: 0.02913874387741089
sad: 0.7963518500328064
neu: 0.17895366251468658
hap: 0.024690022692084312
sad: 0.5444956421852112
neu: 0.43304863572120667
hap: 0.022441020235419273
sad: 0.6513093709945679
neu: 0.303318053483963
hap: 0.045208316296339035
sad: 0.785544753074646
neu: 0.16732531785964966
hap: 0.04712126776576042
sad: 0.790394127368927
neu: 0.15968036651611328
hap: 0.04992379620671272
sad: 0.7000923156738281
neu: 0.19140960276126862
hap: 0.10849478095769882
sad: 0.8237817883491516
neu: 0.1379581242799759
hap: 0.038246769458055496
sad: 0.6278188228607178
neu: 0.35322606563568115
hap: 0.018935121595859528
sad: 0.5038055777549744
neu: 0.45008012652397156
hap: 0.04610999673604965
sad: 0.8224496245384216
neu: 0.11864973604679108
hap: 0.04284222051501274
sad: 0.5379675626754761
neu: 0.44238269329071045
hap: 0.01888894848525524
neu: 0.7600858211517334
sad: 0.22481344640254974
hap: 0.015062912367284298
neu: 0.7067682147026062
sad: 0.285310834646225
hap: 0.007852443493902683
neu: 0.5080509185791016
sad: 0.44334980845451355
hap: 0.04794005677103996
sad: 0.5396668314933777
neu: 0.4433915913105011
hap: 0.016377445310354233
sad: 0.5463053584098816
neu: 0.4256291389465332
hap: 0.02789679355919361
sad: 0.7492244839668274
neu: 0.23905575275421143
hap: 0.011666731908917427
neu: 0.605640172958374
sad: 0.3812522292137146
hap: 0.012946193106472492
neu: 0.6734036207199097
sad: 0.304674357175827
hap: 0.02186466008424759
sad: 0.6132270097732544
neu: 0.3762388229370117
hap: 0.010428442619740963
sad: 0.6076226234436035
neu: 0.37925824522972107
hap: 0.01284586451947689
sad: 0.7139478921890259
neu: 0.2813059389591217
hap: 0.004180083982646465
sad: 0.513949990272522
neu: 0.4672486186027527
hap: 0.01809026300907135
sad: 0.47815096378326416
neu: 0.42147114872932434
hap: 0.10036911070346832
sad: 0.6316832304000854
neu: 0.2536987364292145
hap: 0.11461431533098221
sad: 0.6495924592018127
neu: 0.2850627601146698
hap: 0.06534045189619064
sad: 0.6026589870452881
neu: 0.37426432967185974
hap: 0.02302071638405323
sad: 0.7176010012626648
neu: 0.27263179421424866
hap: 0.009591963142156601
sad: 0.6679538488388062
neu: 0.30988892912864685
hap: 0.020932095125317574
neu: 0.7017426490783691
sad: 0.25526121258735657
hap: 0.042165402323007584
sad: 0.5920662879943848
neu: 0.3990897536277771
hap: 0.008674641139805317
neu: 0.9224381446838379
sad: 0.07077953219413757
hap: 0.006623583845794201
neu: 0.5413399338722229
sad: 0.4552958309650421
hap: 0.0032309547532349825
sad: 0.5383805632591248
neu: 0.3981671631336212
hap: 0.06344103068113327
neu: 0.8964273929595947
sad: 0.07446566969156265
hap: 0.02829144150018692
neu: 0.8834918141365051
sad: 0.10701999813318253
hap: 0.009475373663008213
neu: 0.5912355184555054
sad: 0.2792809307575226
hap: 0.10959496349096298
sad: 0.7853890657424927
neu: 0.20815667510032654
hap: 0.006124390754848719
sad: 0.5377073287963867
neu: 0.4346552789211273
hap: 0.02752740867435932
sad: 0.7025253772735596
neu: 0.28843992948532104
hap: 0.008790788240730762
sad: 0.6183823943138123
neu: 0.36620032787323
hap: 0.015311607159674168
neu: 0.6156708002090454
sad: 0.2912237048149109
hap: 0.09237770736217499
neu: 0.6250466704368591
sad: 0.32132863998413086
hap: 0.053106941282749176
sad: 0.5288475751876831
neu: 0.40396714210510254
hap: 0.06713761389255524
sad: 0.791687548160553
neu: 0.1047755628824234
hap: 0.10272502899169922
neu: 0.48901018500328064
sad: 0.4682296812534332
hap: 0.04268523305654526
hap: 0.6280573010444641
sad: 0.3135010302066803
neu: 0.04962509125471115
sad: 0.4359521269798279
hap: 0.41257986426353455
neu: 0.14050470292568207
neu: 0.8153128027915955
hap: 0.1588456928730011
sad: 0.024904828518629074
sad: 0.6378505229949951
hap: 0.20411263406276703
neu: 0.14164979755878448
sad: 0.8308353424072266
neu: 0.1319861114025116
hap: 0.03596175089478493
sad: 0.9374844431877136
neu: 0.05003403127193451
hap: 0.012126061134040356
sad: 0.8612748980522156
neu: 0.1237458810210228
hap: 0.014404119923710823
neu: 0.4682615101337433
sad: 0.4249325692653656
hap: 0.0883849561214447
hap: 0.4038160443305969
neu: 0.37567880749702454
sad: 0.19843599200248718
hap: 0.8561537265777588
neu: 0.09195920825004578
sad: 0.051405612379312515
sad: 0.746329665184021
neu: 0.1627703756093979
hap: 0.08913523703813553
neu: 0.7831625938415527
sad: 0.1217721551656723
hap: 0.09393573552370071
sad: 0.7556312680244446
neu: 0.22968323528766632
hap: 0.01382266916334629
sad: 0.567481517791748
hap: 0.23280499875545502
neu: 0.13290025293827057
sad: 0.6036315560340881
hap: 0.3051304817199707
neu: 0.08661048859357834
sad: 0.6412807703018188
neu: 0.2740630805492401
hap: 0.08221139758825302
neu: 0.7445928454399109
hap: 0.12006312608718872
sad: 0.0841231644153595
neu: 0.3492075800895691
hap: 0.336214542388916
sad: 0.2971894145011902
sad: 0.7557632923126221
neu: 0.18435677886009216
hap: 0.05906661972403526
hap: 0.5839168429374695
sad: 0.2181907743215561
neu: 0.1577766239643097
hap: 0.8767113089561462
neu: 0.058580897748470306
sad: 0.03558624908328056
neu: 0.6128418445587158
sad: 0.2913276255130768
hap: 0.0929686576128006
neu: 0.5809985995292664
sad: 0.2308388352394104
hap: 0.1874808967113495
hap: 0.6226542592048645
sad: 0.3072572946548462
neu: 0.06915558874607086
neu: 0.3934359550476074
hap: 0.2723250985145569
ang: 0.22956377267837524
hap: 0.48419830203056335
sad: 0.47170528769493103
neu: 0.03977968916296959
hap: 0.7425694465637207
sad: 0.17523561418056488
neu: 0.07652059197425842
hap: 0.651141345500946
neu: 0.2704787850379944
sad: 0.06392306089401245
neu: 0.7179598212242126
sad: 0.23826581239700317
hap: 0.04270969703793526
sad: 0.9422509670257568
neu: 0.043585143983364105
hap: 0.013700730167329311
hap: 0.5367342829704285
ang: 0.23960217833518982
neu: 0.15186846256256104
neu: 0.6362098455429077
hap: 0.21083058416843414
ang: 0.08590510487556458
neu: 0.7120203375816345
sad: 0.2728950083255768
hap: 0.013193727470934391
neu: 0.516501247882843
hap: 0.2581889033317566
sad: 0.22519302368164062
sad: 0.5166245698928833
neu: 0.46591678261756897
hap: 0.0174268689006567
sad: 0.6398832201957703
neu: 0.3512301445007324
hap: 0.008215028792619705
sad: 0.7699397802352905
neu: 0.19981038570404053
hap: 0.0283573679625988
sad: 0.7012215852737427
neu: 0.24603687226772308
hap: 0.0522167943418026
sad: 0.6509528160095215
neu: 0.2996707558631897
hap: 0.04932495206594467
neu: 0.5030269622802734
sad: 0.48650041222572327
hap: 0.010385369881987572
hap: 0.5257900953292847
neu: 0.227639839053154
sad: 0.13093489408493042
sad: 0.6964425444602966
neu: 0.19678524136543274
hap: 0.10549642145633698
sad: 0.5671892166137695
neu: 0.21975776553153992
hap: 0.20159710943698883
neu: 0.5667946338653564
sad: 0.36526328325271606
hap: 0.06722303479909897
sad: 0.4387936592102051
neu: 0.37644892930984497
hap: 0.18204037845134735
sad: 0.6461716890335083
neu: 0.32489022612571716
hap: 0.028251711279153824
sad: 0.7425660490989685
neu: 0.22510747611522675
hap: 0.032208796590566635
sad: 0.8224660158157349
neu: 0.1464945375919342
hap: 0.03091050125658512
sad: 0.8463280200958252
neu: 0.1484289914369583
hap: 0.00521710654720664
sad: 0.922720730304718
neu: 0.07244949787855148
hap: 0.004826045129448175
sad: 0.692862868309021
neu: 0.29886394739151
hap: 0.008144532330334187
sad: 0.873687207698822
neu: 0.11370707303285599
hap: 0.01161018293350935
sad: 0.5273880958557129
hap: 0.30534467101097107
neu: 0.16494397819042206
neu: 0.7546249032020569
sad: 0.19597329199314117
hap: 0.049102138727903366
sad: 0.5363932847976685
neu: 0.4347339868545532
hap: 0.028759682551026344
sad: 0.8179802894592285
neu: 0.16402344405651093
hap: 0.017991043627262115
sad: 0.749722421169281
neu: 0.2337220311164856
hap: 0.016533955931663513
neu: 0.6256892681121826
hap: 0.17853637039661407
sad: 0.17405050992965698
neu: 0.5825886130332947
sad: 0.38577374815940857
hap: 0.031000133603811264
ang: 0.5911348462104797
hap: 0.18193916976451874
sad: 0.16248345375061035
neu: 0.6890013813972473
hap: 0.16161872446537018
sad: 0.14925186336040497
sad: 0.4761432111263275
hap: 0.36785203218460083
neu: 0.1545484960079193
neu: 0.49459731578826904
hap: 0.3520667254924774
sad: 0.151735320687294
sad: 0.7747800350189209
hap: 0.11750619858503342
neu: 0.10721004754304886
sad: 0.6052492260932922
neu: 0.20931974053382874
hap: 0.18235698342323303
sad: 0.7685844898223877
hap: 0.1715668886899948
neu: 0.05013926327228546
sad: 0.5222214460372925
neu: 0.41540324687957764
hap: 0.062093641608953476
sad: 0.6747264862060547
hap: 0.21263480186462402
neu: 0.1032310277223587
sad: 0.6496281623840332
neu: 0.2649851143360138
hap: 0.08103130012750626
sad: 0.5880720615386963
neu: 0.353962779045105
hap: 0.05728497356176376
sad: 0.8606136441230774
neu: 0.13088631629943848
hap: 0.008458686992526054
hap: 0.4018701910972595
sad: 0.3409746587276459
neu: 0.23106472194194794
neu: 0.4510965645313263
hap: 0.33969196677207947
sad: 0.20625045895576477
sad: 0.8710188865661621
hap: 0.08736343681812286
neu: 0.04113099351525307
hap: 0.46896135807037354
neu: 0.3632236421108246
sad: 0.1470220685005188
neu: 0.4975103735923767
sad: 0.4853017330169678
hap: 0.017059534788131714
sad: 0.884060800075531
neu: 0.09210466593503952
hap: 0.023254627361893654
hap: 0.5534381866455078
sad: 0.288565069437027
neu: 0.14523935317993164
sad: 0.6465405821800232
neu: 0.31915560364723206
hap: 0.03429359197616577
sad: 0.7458136081695557
neu: 0.23886407911777496
hap: 0.015276237390935421
neu: 0.6398802995681763
hap: 0.18208420276641846
sad: 0.1414540559053421
hap: 0.8446670174598694
ang: 0.09542208909988403
sad: 0.048376139253377914
hap: 0.8408597707748413
neu: 0.10083645582199097
ang: 0.05095582455396652
hap: 0.5891052484512329
sad: 0.3574032783508301
ang: 0.04333413392305374
sad: 0.5069245100021362
ang: 0.26076629757881165
neu: 0.15568901598453522
hap: 0.7073878645896912
ang: 0.1771882325410843
sad: 0.06720133125782013
sad: 0.7131970524787903
hap: 0.21536126732826233
ang: 0.054822809994220734
hap: 0.6830824017524719
sad: 0.13012191653251648
neu: 0.10582353919744492
sad: 0.4899086654186249
neu: 0.4853242337703705
hap: 0.024507291615009308
neu: 0.5237848162651062
sad: 0.4201454222202301
hap: 0.05442839488387108
hap: 0.954559326171875
sad: 0.027412045747041702
neu: 0.017555223777890205
hap: 0.41565653681755066
ang: 0.2952093482017517
sad: 0.19969412684440613
ang: 0.43772169947624207
hap: 0.4000997543334961
neu: 0.11101914942264557
hap: 0.5120496153831482
ang: 0.3460846245288849
sad: 0.11203546822071075
sad: 0.8651058673858643
neu: 0.10574217140674591
hap: 0.028729619458317757
neu: 0.6227043867111206
hap: 0.21348582208156586
sad: 0.1573907732963562
neu: 0.409783273935318
hap: 0.32395243644714355
sad: 0.25053325295448303
neu: 0.5660483837127686
sad: 0.26518774032592773
hap: 0.13765528798103333
sad: 0.5311185121536255
neu: 0.31276535987854004
hap: 0.11655116081237793
hap: 0.6948586702346802
sad: 0.21157050132751465
neu: 0.07371802628040314
hap: 0.4135493040084839
sad: 0.24322108924388885
ang: 0.1932026743888855
neu: 0.34508955478668213
ang: 0.3178408443927765
sad: 0.1913921982049942
sad: 0.8764066696166992
neu: 0.08803557604551315
ang: 0.02123461291193962
hap: 0.5307121276855469
sad: 0.37870633602142334
ang: 0.06434778869152069
hap: 0.423159122467041
sad: 0.3384898602962494
neu: 0.23448438942432404
sad: 0.676051676273346
hap: 0.26284655928611755
neu: 0.054849859327077866
sad: 0.8987811207771301
hap: 0.07931546866893768
neu: 0.020407425239682198
neu: 0.5027728080749512
sad: 0.30033430457115173
hap: 0.10091432929039001
neu: 0.5635038018226624
hap: 0.3423294126987457
sad: 0.068138487637043
sad: 0.5405030250549316
hap: 0.24921752512454987
neu: 0.16020914912223816
sad: 0.6494077444076538
hap: 0.20634600520133972
ang: 0.08635124564170837
sad: 0.4884633719921112
hap: 0.25447261333465576
neu: 0.19315862655639648
neu: 0.4537254571914673
hap: 0.443144828081131
sad: 0.06983823329210281
sad: 0.7294841408729553
neu: 0.23050545156002045
hap: 0.03827119246125221
neu: 0.8034786581993103
sad: 0.1459457129240036
hap: 0.04541480541229248
neu: 0.43358922004699707
sad: 0.38039353489875793
hap: 0.18560543656349182
sad: 0.42576390504837036
neu: 0.3624332547187805
hap: 0.15069332718849182
neu: 0.8725715279579163
sad: 0.06746842712163925
hap: 0.046196430921554565
hap: 0.9224414825439453
neu: 0.04548036679625511
sad: 0.03175736963748932
sad: 0.7737643718719482
hap: 0.15391512215137482
neu: 0.06124776601791382
sad: 0.7227437496185303
neu: 0.25572332739830017
hap: 0.017440704628825188
sad: 0.9173576235771179
neu: 0.05748072639107704
hap: 0.022697748616337776
hap: 0.43121692538261414
sad: 0.42647531628608704
neu: 0.13714636862277985
sad: 0.4311444163322449
hap: 0.41895559430122375
neu: 0.09381656348705292
hap: 0.5250016450881958
ang: 0.40346962213516235
neu: 0.061735957860946655
hap: 0.9602378606796265
sad: 0.018237441778182983
neu: 0.018014060333371162
hap: 0.8763771653175354
ang: 0.0889430046081543
neu: 0.018170537427067757
hap: 0.46150752902030945
sad: 0.394374281167984
ang: 0.12713000178337097
hap: 0.6503984332084656
sad: 0.28265082836151123
neu: 0.06534990668296814
hap: 0.4924517273902893
sad: 0.3091629445552826
ang: 0.1243438571691513
hap: 0.8886375427246094
sad: 0.06952691823244095
neu: 0.030881375074386597
sad: 0.5283763408660889
hap: 0.33751705288887024
neu: 0.13295982778072357
sad: 0.5864438414573669
hap: 0.27146658301353455
neu: 0.13280396163463593
sad: 0.778509795665741
neu: 0.19129717350006104
ang: 0.01718074269592762
sad: 0.578628659248352
neu: 0.26944804191589355
hap: 0.14821018278598785
neu: 0.67758709192276
sad: 0.23362849652767181
hap: 0.08816246688365936
neu: 0.6175333261489868
sad: 0.36261487007141113
hap: 0.019710147753357887
neu: 0.47267112135887146
sad: 0.4523404538631439
hap: 0.0744478702545166
sad: 0.4259296655654907
hap: 0.302501916885376
ang: 0.19887375831604004
sad: 0.7258915901184082
neu: 0.1452193409204483
hap: 0.10846012085676193
hap: 0.5234339237213135
sad: 0.32072293758392334
neu: 0.15565072000026703
sad: 0.6087054014205933
neu: 0.24842675030231476
hap: 0.14282125234603882
neu: 0.6193314790725708
hap: 0.2088913917541504
sad: 0.14634379744529724
sad: 0.68430495262146
neu: 0.19474858045578003
hap: 0.11515757441520691
neu: 0.6259922981262207
sad: 0.32931777834892273
hap: 0.04433074966073036
sad: 0.6743571162223816
neu: 0.27859747409820557
hap: 0.04670591279864311
neu: 0.46877235174179077
sad: 0.43100878596305847
hap: 0.09743903577327728
neu: 0.6526544690132141
sad: 0.217213436961174
hap: 0.12963491678237915
sad: 0.6433879733085632
neu: 0.2974946200847626
hap: 0.05907771736383438
sad: 0.6948442459106445
neu: 0.2536208927631378
hap: 0.05130576714873314
neu: 0.6328003406524658
sad: 0.34075427055358887
hap: 0.02635510452091694
neu: 0.6381105184555054
sad: 0.22478333115577698
hap: 0.13133934140205383
neu: 0.8892627954483032
sad: 0.04520232602953911
hap: 0.03556572645902634
neu: 0.668265700340271
sad: 0.29403558373451233
hap: 0.035153891891241074
neu: 0.49643611907958984
sad: 0.2916244566440582
hap: 0.20216146111488342
sad: 0.5082723498344421
neu: 0.27728646993637085
hap: 0.2141169011592865
hap: 0.928443968296051
neu: 0.03521189093589783
sad: 0.03269341588020325
sad: 0.723565399646759
neu: 0.1989312320947647
hap: 0.07622485607862473
neu: 0.49670228362083435
sad: 0.45882460474967957
hap: 0.02915380522608757
sad: 0.8988497853279114
neu: 0.08898903429508209
hap: 0.012147474102675915
sad: 0.7841396331787109
neu: 0.15955007076263428
hap: 0.03536667302250862
hap: 0.48812007904052734
sad: 0.2601710557937622
neu: 0.18854044377803802
hap: 0.7059186100959778
neu: 0.21538430452346802
sad: 0.07810713350772858
ang: 0.7477571964263916
sad: 0.1131049171090126
hap: 0.10551509261131287
sad: 0.6146324276924133
hap: 0.2241649627685547
neu: 0.08432028442621231
neu: 0.4882100820541382
sad: 0.30131596326828003
hap: 0.20452754199504852
sad: 0.6540058255195618
neu: 0.2045578509569168
hap: 0.13111655414104462
hap: 0.561988115310669
sad: 0.3923285901546478
neu: 0.045449960976839066
sad: 0.6820334792137146
neu: 0.2537349462509155
hap: 0.06413421779870987
sad: 0.4626163840293884
neu: 0.4237254559993744
hap: 0.11207295954227448
sad: 0.7178440690040588
neu: 0.23314261436462402
hap: 0.041960254311561584
sad: 0.751509428024292
neu: 0.13352689146995544
hap: 0.11403089016675949
sad: 0.5752126574516296
neu: 0.38961464166641235
hap: 0.03313137963414192
sad: 0.8830491304397583
neu: 0.06015416979789734
hap: 0.0567532442510128
sad: 0.641776442527771
neu: 0.2916690409183502
hap: 0.06101541966199875
sad: 0.7668612599372864
hap: 0.1397879272699356
neu: 0.07289743423461914
hap: 0.29232779145240784
ang: 0.2676423192024231
neu: 0.2348305583000183
hap: 0.45100468397140503
sad: 0.25894153118133545
neu: 0.16505414247512817
sad: 0.573759138584137
neu: 0.24162207543849945
hap: 0.1666288524866104
hap: 0.441112756729126
neu: 0.3473554253578186
sad: 0.1901942491531372
hap: 0.626631498336792
sad: 0.2959650754928589
neu: 0.07655282318592072
neu: 0.3481847047805786
hap: 0.33336395025253296
sad: 0.2000269591808319
sad: 0.8146365880966187
neu: 0.14393280446529388
hap: 0.04055200517177582
sad: 0.6499872803688049
hap: 0.22230258584022522
neu: 0.1267637461423874
sad: 0.5201399326324463
neu: 0.40454280376434326
hap: 0.0619681291282177
hap: 0.5042909979820251
sad: 0.40769004821777344
neu: 0.07672089338302612
neu: 0.7592201828956604
sad: 0.12998071312904358
hap: 0.10667359828948975
hap: 0.7254061102867126
sad: 0.12869475781917572
neu: 0.12426847964525223
sad: 0.7888852953910828
hap: 0.1336251050233841
neu: 0.07670974731445312
sad: 0.5681911110877991
neu: 0.35646212100982666
hap: 0.07349086552858353
sad: 0.35627368092536926
hap: 0.3330976366996765
neu: 0.30424201488494873
neu: 0.571239709854126
sad: 0.42154911160469055
hap: 0.007171749137341976
sad: 0.7300057411193848
neu: 0.254273921251297
hap: 0.01566269062459469
neu: 0.5853837132453918
sad: 0.26227182149887085
hap: 0.15183588862419128
sad: 0.7493216395378113
neu: 0.16677579283714294
hap: 0.08368293941020966
sad: 0.7942902445793152
neu: 0.15307578444480896
hap: 0.05013025179505348
neu: 0.6024160385131836
sad: 0.2682381570339203
ang: 0.070660799741745
hap: 0.37542450428009033
ang: 0.3485402464866638
neu: 0.23336146771907806
neu: 0.5513938069343567
sad: 0.28519079089164734
hap: 0.14319868385791779
sad: 0.8398355841636658
neu: 0.13388805091381073
hap: 0.026198605075478554
sad: 0.5554099678993225
neu: 0.3656926155090332
hap: 0.07846107333898544
neu: 0.5471383929252625
sad: 0.39182353019714355
hap: 0.060819465667009354
neu: 0.5202140808105469
sad: 0.466899037361145
hap: 0.012839408591389656
sad: 0.5190037488937378
neu: 0.3868410587310791
hap: 0.09403923898935318
neu: 0.5760159492492676
sad: 0.3388468623161316
hap: 0.07950500398874283
sad: 0.6314278244972229
neu: 0.29127442836761475
hap: 0.07199437916278839
sad: 0.5652695894241333
neu: 0.3195333778858185
hap: 0.11517611891031265
neu: 0.5881420969963074
sad: 0.27033179998397827
hap: 0.1414869874715805
sad: 0.49740925431251526
neu: 0.47650057077407837
hap: 0.026023032143712044
sad: 0.8136658072471619
neu: 0.17711153626441956
hap: 0.009205338545143604
hap: 0.7646685242652893
neu: 0.15746639668941498
sad: 0.049965765327215195
sad: 0.6105198264122009
hap: 0.3208922743797302
neu: 0.06353379786014557
sad: 0.6258030533790588
neu: 0.3339523375034332
hap: 0.039234939962625504
sad: 0.5620959997177124
neu: 0.36935436725616455
hap: 0.06825556606054306
sad: 0.8234805464744568
neu: 0.12315965443849564
hap: 0.053281448781490326
sad: 0.8063035607337952
hap: 0.10742498934268951
neu: 0.0858820229768753
sad: 0.7522377371788025
neu: 0.2218286246061325
hap: 0.025883659720420837
sad: 0.5991820693016052
neu: 0.35985463857650757
hap: 0.040229205042123795
sad: 0.9283145666122437
hap: 0.048325907438993454
neu: 0.023316388949751854
sad: 0.7025158405303955
hap: 0.25701969861984253
neu: 0.0399225689470768
sad: 0.9428417086601257
neu: 0.04464734345674515
hap: 0.01246472354978323
neu: 0.4648919403553009
hap: 0.3151709735393524
sad: 0.20595726370811462
sad: 0.7394751906394958
hap: 0.15063877403736115
neu: 0.10645823180675507
sad: 0.4931727349758148
neu: 0.2865177094936371
hap: 0.21756920218467712
neu: 0.4263480305671692
hap: 0.3636966943740845
sad: 0.20540279150009155
sad: 0.9310508370399475
neu: 0.05399428308010101
hap: 0.014846237376332283
sad: 0.671588659286499
hap: 0.24506798386573792
neu: 0.08280283212661743
sad: 0.7949886322021484
neu: 0.1647241711616516
hap: 0.03811950609087944
neu: 0.48695623874664307
sad: 0.4391805827617645
hap: 0.07039912045001984
sad: 0.8616341948509216
hap: 0.13081756234169006
neu: 0.007417451590299606
sad: 0.9731124639511108
hap: 0.020515207201242447
neu: 0.006199741270393133
sad: 0.9108548760414124
neu: 0.04641234502196312
hap: 0.04261423274874687
sad: 0.5929635763168335
neu: 0.38907021284103394
hap: 0.01788085140287876
sad: 0.4548916518688202
hap: 0.4039715528488159
neu: 0.14104193449020386
neu: 0.7101234793663025
sad: 0.2284650355577469
hap: 0.06120371073484421
sad: 0.4551272988319397
neu: 0.4023144245147705
hap: 0.13620685040950775
sad: 0.6622092723846436
neu: 0.29364895820617676
hap: 0.04381173476576805
sad: 0.8932344913482666
neu: 0.08831225335597992
hap: 0.018404413014650345
hap: 0.5273549556732178
neu: 0.32773712277412415
sad: 0.07341992855072021
neu: 0.4686623513698578
sad: 0.37259265780448914
hap: 0.15872947871685028
sad: 0.8453453779220581
neu: 0.14197218418121338
hap: 0.012678523547947407
sad: 0.7752033472061157
neu: 0.19557470083236694
hap: 0.029178224503993988
sad: 0.659221887588501
neu: 0.2967061996459961
hap: 0.043772466480731964
neu: 0.6823573708534241
sad: 0.23208388686180115
hap: 0.08544129133224487
neu: 0.48426562547683716
sad: 0.4537556767463684
hap: 0.061879225075244904
sad: 0.7919379472732544
neu: 0.19221462309360504
hap: 0.01584550365805626
sad: 0.8254234194755554
neu: 0.15299750864505768
hap: 0.02157745510339737
sad: 0.6585937142372131
neu: 0.31209877133369446
hap: 0.028423286974430084
sad: 0.8206509947776794
neu: 0.10601051896810532
hap: 0.06691724807024002
neu: 0.5571303963661194
sad: 0.30909550189971924
hap: 0.10798008739948273
neu: 0.40479519963264465
sad: 0.3652542233467102
hap: 0.13673433661460876
sad: 0.5601879954338074
hap: 0.29932060837745667
neu: 0.12064152956008911
hap: 0.7687260508537292
neu: 0.18514080345630646
sad: 0.04351994767785072
sad: 0.4493965208530426
neu: 0.44272753596305847
hap: 0.06495985388755798
sad: 0.618379533290863
neu: 0.27890563011169434
hap: 0.08928010612726212
sad: 0.644239604473114
hap: 0.1855769008398056
neu: 0.13290779292583466
sad: 0.8837929368019104
hap: 0.08057285845279694
neu: 0.03465678542852402
neu: 0.5569224953651428
hap: 0.22969354689121246
sad: 0.21165938675403595
sad: 0.7896636724472046
neu: 0.12019973248243332
hap: 0.04716883599758148
hap: 0.46293044090270996
neu: 0.3113994896411896
sad: 0.22378098964691162
sad: 0.4647202789783478
neu: 0.4201889634132385
hap: 0.10100158303976059
sad: 0.9682631492614746
hap: 0.016690516844391823
neu: 0.015041068196296692
neu: 0.5538421273231506
sad: 0.3410055935382843
hap: 0.103547103703022
sad: 0.5034641027450562
neu: 0.3740818202495575
hap: 0.1224106028676033
neu: 0.7249661684036255
sad: 0.22710853815078735
hap: 0.035260431468486786
neu: 0.600095808506012
sad: 0.24053779244422913
hap: 0.15903151035308838
neu: 0.5771366953849792
hap: 0.2783483862876892
sad: 0.14400994777679443
neu: 0.6425482630729675
sad: 0.26894184947013855
hap: 0.08793310075998306
sad: 0.8085852861404419
neu: 0.16379094123840332
hap: 0.027296850457787514
hap: 0.8616361021995544
sad: 0.08762194216251373
neu: 0.04699745401740074
hap: 0.38652029633522034
sad: 0.309791624546051
neu: 0.300778865814209
sad: 0.5010975003242493
hap: 0.26719099283218384
neu: 0.20507948100566864
sad: 0.6100355386734009
neu: 0.32297050952911377
hap: 0.05694834142923355
sad: 0.6115116477012634
neu: 0.1960711032152176
hap: 0.189911887049675
sad: 0.46397143602371216
neu: 0.3690304458141327
hap: 0.16310204565525055
sad: 0.7398611903190613
neu: 0.19922491908073425
hap: 0.060910049825906754
sad: 0.7479709386825562
neu: 0.2021544724702835
hap: 0.04984188452363014
hap: 0.5806793570518494
neu: 0.26076310873031616
sad: 0.155687153339386
hap: 0.6674831509590149
neu: 0.2836035490036011
sad: 0.048823703080415726
sad: 0.6430730223655701
neu: 0.22193658351898193
hap: 0.12589676678180695
hap: 0.6487035155296326
sad: 0.16325360536575317
neu: 0.15862755477428436
neu: 0.6199675798416138
sad: 0.3166719675064087
hap: 0.06311400979757309
hap: 0.5399035811424255
neu: 0.34193211793899536
sad: 0.11642563343048096
sad: 0.5805854797363281
neu: 0.245499849319458
hap: 0.17334038019180298
sad: 0.9478691816329956
neu: 0.04532803222537041
hap: 0.006725052837282419
sad: 0.8189432621002197
neu: 0.16039200127124786
hap: 0.020582491531968117
neu: 0.7238426208496094
sad: 0.1686732918024063
hap: 0.10709786415100098
sad: 0.5931186079978943
neu: 0.35506394505500793
hap: 0.05060626566410065
neu: 0.4236891567707062
sad: 0.36832183599472046
hap: 0.2077762335538864
sad: 0.6743461489677429
neu: 0.31547969579696655
hap: 0.009858030825853348
sad: 0.3990550935268402
neu: 0.3875366747379303
hap: 0.21322450041770935
sad: 0.44122594594955444
hap: 0.30307385325431824
neu: 0.25547754764556885
neu: 0.5109212398529053
sad: 0.44654813408851624
hap: 0.03362694010138512
sad: 0.44186046719551086
hap: 0.2812780737876892
neu: 0.2581057548522949
hap: 0.5659409165382385
neu: 0.3245737552642822
sad: 0.10220437496900558
sad: 0.4871589243412018
neu: 0.4174095392227173
hap: 0.09129662066698074
hap: 0.5200414061546326
neu: 0.3531695604324341
sad: 0.12175915390253067
sad: 0.3917171061038971
neu: 0.3830910921096802
hap: 0.21667180955410004
sad: 0.5247440934181213
neu: 0.3550131022930145
hap: 0.09906516969203949
sad: 0.7110731601715088
hap: 0.1737382709980011
neu: 0.11307182908058167
sad: 0.7469488382339478
hap: 0.1859893500804901
neu: 0.06514498591423035
hap: 0.5998855233192444
neu: 0.15207833051681519
ang: 0.1345401406288147
sad: 0.6699897050857544
hap: 0.1828920692205429
neu: 0.14709454774856567
neu: 0.7362845540046692
hap: 0.15851972997188568
sad: 0.10321205854415894
neu: 0.5761098861694336
sad: 0.2984028458595276
hap: 0.12474934011697769
sad: 0.7452429533004761
hap: 0.15452435612678528
neu: 0.10019038617610931
sad: 0.6198394298553467
neu: 0.3234385848045349
hap: 0.05645022541284561
neu: 0.5366588234901428
sad: 0.43621525168418884
hap: 0.02603350766003132
sad: 0.6978491544723511
neu: 0.2626400589942932
hap: 0.035739704966545105
neu: 0.4950252175331116
sad: 0.3771643340587616
hap: 0.11487340927124023
sad: 0.3957435190677643
hap: 0.31383374333381653
ang: 0.1487026959657669
sad: 0.8130674362182617
hap: 0.09852252155542374
neu: 0.08368045091629028
hap: 0.35271042585372925
neu: 0.3407818078994751
sad: 0.3007282018661499
hap: 0.5151629447937012
sad: 0.2940043807029724
neu: 0.17943893373012543
sad: 0.6057438254356384
neu: 0.3457721769809723
hap: 0.04769157990813255
sad: 0.6016365885734558
hap: 0.2906103730201721
neu: 0.10450781881809235
sad: 0.6344506144523621
neu: 0.2423425316810608
hap: 0.1219407394528389
sad: 0.5988873839378357
neu: 0.2886502146720886
hap: 0.06781341880559921
sad: 0.4751662611961365
hap: 0.45956555008888245
neu: 0.06498366594314575
neu: 0.4790814518928528
sad: 0.3355169892311096
hap: 0.18538135290145874
hap: 0.7344331741333008
neu: 0.1434466689825058
sad: 0.0646994486451149
neu: 0.4906655251979828
sad: 0.3798823058605194
hap: 0.1253758817911148
hap: 0.6515309810638428
neu: 0.26001861691474915
sad: 0.08831373602151871
hap: 0.46442243456840515
neu: 0.461069256067276
sad: 0.07443108409643173
sad: 0.651808500289917
neu: 0.20415213704109192
hap: 0.14403001964092255
neu: 0.5285090804100037
sad: 0.3391299247741699
hap: 0.13235175609588623
neu: 0.6229864358901978
sad: 0.23298223316669464
hap: 0.14380048215389252
sad: 0.787116527557373
neu: 0.15047068893909454
hap: 0.06240206956863403
sad: 0.616243839263916
neu: 0.3388534188270569
hap: 0.04474824294447899
neu: 0.5440555810928345
sad: 0.30180788040161133
hap: 0.15405429899692535
sad: 0.8347307443618774
neu: 0.12895357608795166
hap: 0.036313414573669434
sad: 0.6601729989051819
neu: 0.20710548758506775
hap: 0.13269662857055664
neu: 0.6012749671936035
sad: 0.2493201643228531
hap: 0.14677196741104126
neu: 0.5825616121292114
hap: 0.3014054596424103
sad: 0.11589156836271286
sad: 0.5228458642959595
neu: 0.40804049372673035
hap: 0.06904204934835434
sad: 0.5512575507164001
neu: 0.3325376510620117
hap: 0.11551307886838913
sad: 0.6886452436447144
neu: 0.16593137383460999
hap: 0.1453547477722168
sad: 0.5997114777565002
neu: 0.25878292322158813
hap: 0.14133980870246887
sad: 0.6134105324745178
neu: 0.31501415371894836
hap: 0.07153351604938507
sad: 0.6999710202217102
neu: 0.19892513751983643
hap: 0.10083876550197601
neu: 0.5221908688545227
sad: 0.2632277011871338
hap: 0.21428129076957703
hap: 0.4908451735973358
neu: 0.4420200288295746
sad: 0.06678023934364319
sad: 0.47222980856895447
neu: 0.3279631733894348
hap: 0.19975587725639343
neu: 0.6509833335876465
sad: 0.29592740535736084
hap: 0.05260123685002327
hap: 0.41408848762512207
sad: 0.32129257917404175
neu: 0.2637994885444641
neu: 0.4746388792991638
sad: 0.27177131175994873
hap: 0.2533639669418335
sad: 0.45257872343063354
hap: 0.273714542388916
neu: 0.27095067501068115
neu: 0.5489709377288818
sad: 0.31919804215431213
hap: 0.13164953887462616
neu: 0.5354655981063843
hap: 0.3364899456501007
sad: 0.1279633790254593
sad: 0.7559009790420532
neu: 0.22361813485622406
hap: 0.020438825711607933
neu: 0.7233134508132935
sad: 0.17558452486991882
hap: 0.10098693519830704
sad: 0.5063539743423462
hap: 0.3066023886203766
neu: 0.18703193962574005
neu: 0.627453625202179
sad: 0.32360559701919556
hap: 0.048423949629068375
sad: 0.7419065237045288
neu: 0.20798130333423615
hap: 0.0501067079603672
sad: 0.8488434553146362
neu: 0.11992873251438141
hap: 0.03121931478381157
sad: 0.41834408044815063
neu: 0.4041288197040558
hap: 0.14348994195461273
neu: 0.48357710242271423
sad: 0.3042651414871216
hap: 0.21192140877246857
neu: 0.47735321521759033
hap: 0.32625094056129456
sad: 0.1921875774860382
neu: 0.4721762239933014
sad: 0.294613778591156
hap: 0.23264944553375244
neu: 0.43432608246803284
hap: 0.39421403408050537
sad: 0.1712975800037384
hap: 0.5273467302322388
sad: 0.37309253215789795
ang: 0.06107611581683159
sad: 0.6421638131141663
neu: 0.2862488925457001
hap: 0.07127006351947784
sad: 0.45551344752311707
neu: 0.4433460831642151
hap: 0.1011165902018547
neu: 0.548316478729248
sad: 0.2557176947593689
hap: 0.19595131278038025
neu: 0.8376786112785339
sad: 0.1281546652317047
hap: 0.03400754928588867
neu: 0.45080992579460144
sad: 0.3011176884174347
hap: 0.24717086553573608
neu: 0.5012469291687012
sad: 0.33784595131874084
hap: 0.1608964055776596
sad: 0.6809719204902649
neu: 0.27490824460983276
hap: 0.04411540925502777
hap: 0.38144129514694214
sad: 0.33616676926612854
neu: 0.27482977509498596
sad: 0.49724897742271423
neu: 0.4287130534648895
hap: 0.07402069121599197
sad: 0.7421063184738159
neu: 0.2337326854467392
hap: 0.02388867735862732
sad: 0.4387754797935486
neu: 0.3106435537338257
hap: 0.24031664431095123
neu: 0.7549309134483337
sad: 0.16635200381278992
hap: 0.07756920903921127
sad: 0.33825448155403137
neu: 0.33744242787361145
hap: 0.3241669535636902
sad: 0.5038837194442749
neu: 0.44094064831733704
hap: 0.05506270378828049
hap: 0.5807953476905823
neu: 0.27231359481811523
sad: 0.14683747291564941
sad: 0.7652434706687927
neu: 0.18698255717754364
hap: 0.04777219146490097
sad: 0.6892818808555603
neu: 0.2893191874027252
hap: 0.021383268758654594
hap: 0.42275407910346985
sad: 0.3524855375289917
neu: 0.22474455833435059
neu: 0.34175539016723633
hap: 0.33056268095970154
sad: 0.3276713192462921
sad: 0.3806895911693573
neu: 0.37834838032722473
hap: 0.2405925840139389
hap: 0.6700738668441772
neu: 0.19016946852207184
sad: 0.1397288739681244
neu: 0.5286281704902649
hap: 0.3637765944004059
sad: 0.10700270533561707
sad: 0.4274488389492035
neu: 0.31582340598106384
hap: 0.25669509172439575
neu: 0.5591983199119568
hap: 0.29141876101493835
sad: 0.1493023782968521
sad: 0.4951173663139343
hap: 0.284023255109787
neu: 0.22081738710403442
sad: 0.4098101854324341
neu: 0.29889681935310364
hap: 0.29120174050331116
sad: 0.5275646448135376
neu: 0.3087024688720703
hap: 0.16356484591960907
sad: 0.7041354775428772
neu: 0.14944033324718475
hap: 0.14641311764717102
sad: 0.5709772706031799
neu: 0.36268290877342224
hap: 0.06627902388572693
sad: 0.627441942691803
neu: 0.28639721870422363
hap: 0.08606403321027756
neu: 0.4411941468715668
hap: 0.2988664507865906
sad: 0.25992047786712646
sad: 0.5509836673736572
neu: 0.3864057660102844
hap: 0.062254492193460464
sad: 0.4792288541793823
hap: 0.2751736044883728
neu: 0.24552571773529053
sad: 0.8108493089675903
neu: 0.15395380556583405
hap: 0.03518785163760185
neu: 0.5068411231040955
sad: 0.3944878876209259
hap: 0.09863264858722687
sad: 0.6951497197151184
neu: 0.19093738496303558
hap: 0.11375031620264053
sad: 0.6284228563308716
neu: 0.33127927780151367
hap: 0.04001075401902199
neu: 0.5367314219474792
sad: 0.43288448452949524
hap: 0.022335322573781013
sad: 0.3855985105037689
hap: 0.3328423500061035
neu: 0.2709716260433197
sad: 0.6914758682250977
neu: 0.2684677839279175
hap: 0.026264498010277748
sad: 0.7847774624824524
neu: 0.15315485000610352
hap: 0.05995341017842293
neu: 0.4329760670661926
hap: 0.345461368560791
sad: 0.21731090545654297
sad: 0.7765381932258606
neu: 0.16013005375862122
hap: 0.06158934906125069
hap: 0.5240786671638489
sad: 0.23784033954143524
neu: 0.2348540723323822
neu: 0.6940122246742249
sad: 0.22133149206638336
hap: 0.08120930939912796
hap: 0.4583744406700134
sad: 0.45094627141952515
neu: 0.08950451761484146
neu: 0.7388131022453308
sad: 0.15632294118404388
hap: 0.09034367650747299
hap: 0.46846339106559753
neu: 0.42645063996315
sad: 0.10131850093603134
hap: 0.584881603717804
neu: 0.26848292350769043
sad: 0.12485203891992569
sad: 0.5483652949333191
hap: 0.39513224363327026
neu: 0.05557294562458992
neu: 0.599183976650238
sad: 0.21620230376720428
hap: 0.18433308601379395
sad: 0.5161550641059875
neu: 0.29252147674560547
hap: 0.19125159084796906
sad: 0.6462646126747131
neu: 0.24661782383918762
hap: 0.10707386583089828
sad: 0.6178657412528992
hap: 0.22059817612171173
neu: 0.1615086942911148
sad: 0.5127074122428894
neu: 0.4063646197319031
hap: 0.08090683817863464
sad: 0.7151180505752563
neu: 0.21907684206962585
hap: 0.06568404287099838
neu: 0.47197282314300537
sad: 0.46921488642692566
hap: 0.05854934826493263
neu: 0.5359336137771606
sad: 0.32335689663887024
hap: 0.14023154973983765
hap: 0.46621885895729065
sad: 0.30830198526382446
neu: 0.2232784777879715
sad: 0.6488343477249146
hap: 0.22579491138458252
neu: 0.12004373222589493
sad: 0.7611401081085205
neu: 0.20166151225566864
hap: 0.03709184005856514
sad: 0.6356364488601685
neu: 0.27913445234298706
hap: 0.08448866009712219
sad: 0.7468238472938538
neu: 0.2071947157382965
hap: 0.04104819521307945
sad: 0.7304074168205261
neu: 0.22490720450878143
hap: 0.0445970743894577
sad: 0.8315753936767578
neu: 0.13029678165912628
hap: 0.023013725876808167
sad: 0.7336471676826477
neu: 0.2065311074256897
hap: 0.053260982036590576
sad: 0.6987693905830383
neu: 0.26280757784843445
hap: 0.038384296000003815
sad: 0.8273566365242004
neu: 0.14269444346427917
hap: 0.029947830364108086
sad: 0.46932142972946167
neu: 0.4652025103569031
hap: 0.06539354473352432
sad: 0.46921294927597046
neu: 0.3591333031654358
hap: 0.16877534985542297
sad: 0.8967024087905884
neu: 0.09938832372426987
hap: 0.0038065568078309298
sad: 0.46367502212524414
neu: 0.4237462878227234
hap: 0.11231676489114761
sad: 0.5546616911888123
neu: 0.29739975929260254
hap: 0.14599081873893738
sad: 0.7247424125671387
neu: 0.24659547209739685
hap: 0.026468873023986816
sad: 0.779885470867157
neu: 0.19923695921897888
hap: 0.02070343680679798
hap: 0.5510523915290833
neu: 0.27223026752471924
sad: 0.17518191039562225
hap: 0.47817856073379517
neu: 0.305897980928421
sad: 0.20318640768527985
neu: 0.429283082485199
sad: 0.4288179874420166
hap: 0.11666745692491531
hap: 0.6241393089294434
sad: 0.21779033541679382
neu: 0.1575862020254135
hap: 0.508048951625824
sad: 0.21265599131584167
neu: 0.1667693704366684
neu: 0.6240800619125366
sad: 0.33560910820961
hap: 0.039530783891677856
neu: 0.5292942523956299
sad: 0.37505486607551575
hap: 0.09532201290130615
sad: 0.7622854709625244
neu: 0.21269626915454865
hap: 0.023635409772396088
sad: 0.5530189275741577
neu: 0.2620798945426941
hap: 0.17612046003341675
sad: 0.839851975440979
hap: 0.09282360225915909
neu: 0.06684290617704391
neu: 0.799559473991394
hap: 0.14781664311885834
sad: 0.04390411451458931
sad: 0.9016212821006775
neu: 0.08460371196269989
hap: 0.011446305550634861
sad: 0.5124601721763611
hap: 0.35601434111595154
neu: 0.12221774458885193
sad: 0.595475971698761
neu: 0.2761002480983734
hap: 0.10110542178153992
sad: 0.5527928471565247
hap: 0.31500372290611267
neu: 0.13080023229122162
sad: 0.778591513633728
neu: 0.1306528002023697
hap: 0.08266150206327438
hap: 0.5875349640846252
sad: 0.24993187189102173
neu: 0.11277712136507034
neu: 0.7955094575881958
sad: 0.1487666815519333
hap: 0.05001591145992279
sad: 0.8594949245452881
neu: 0.10103639215230942
hap: 0.03938690572977066
sad: 0.6983407139778137
neu: 0.26164647936820984
hap: 0.03954428434371948
neu: 0.535045862197876
sad: 0.3998786211013794
hap: 0.06502022594213486
sad: 0.654102087020874
neu: 0.2581741213798523
hap: 0.07807934284210205
neu: 0.7130224704742432
sad: 0.2563530206680298
hap: 0.03046998754143715
sad: 0.8918246626853943
neu: 0.10439430922269821
hap: 0.003719727974385023
neu: 0.6713077425956726
sad: 0.28546956181526184
hap: 0.043196745216846466
sad: 0.609205424785614
hap: 0.21456077694892883
neu: 0.17615461349487305
neu: 0.5296934843063354
sad: 0.40719395875930786
hap: 0.06121327355504036
sad: 0.6978414058685303
neu: 0.2285042256116867
hap: 0.07327097654342651
sad: 0.5042306780815125
neu: 0.4579102396965027
hap: 0.03744450956583023
sad: 0.5682993531227112
neu: 0.39295387268066406
hap: 0.03842593729496002
neu: 0.7801183462142944
sad: 0.1707325428724289
hap: 0.04887142777442932
neu: 0.5799399018287659
sad: 0.2291461080312729
hap: 0.19079244136810303
neu: 0.6260454058647156
sad: 0.34071558713912964
hap: 0.03309008851647377
sad: 0.8599231839179993
neu: 0.12347429990768433
hap: 0.015032414346933365
neu: 0.5509695410728455
sad: 0.43610650300979614
hap: 0.012226969934999943
sad: 0.9159756898880005
hap: 0.0562606081366539
neu: 0.02623932622373104
neu: 0.495389461517334
sad: 0.4833013117313385
hap: 0.020255237817764282
sad: 0.7848994135856628
neu: 0.17393381893634796
hap: 0.0395776629447937
sad: 0.6139745712280273
hap: 0.21159127354621887
neu: 0.17413252592086792
sad: 0.8374684453010559
neu: 0.11198977380990982
hap: 0.04981180280447006
sad: 0.4697887897491455
neu: 0.4101511240005493
hap: 0.09476561099290848
sad: 0.7690266966819763
hap: 0.12343863397836685
neu: 0.1033267006278038
sad: 0.5603958964347839
hap: 0.24331361055374146
neu: 0.19476036727428436
sad: 0.8318336606025696
neu: 0.09388311207294464
hap: 0.0650218278169632
hap: 0.7197664380073547
sad: 0.1400788128376007
neu: 0.1342678964138031
neu: 0.5608162879943848
hap: 0.27804893255233765
sad: 0.1520637422800064
hap: 0.7689961791038513
neu: 0.1375650018453598
sad: 0.09246966987848282
sad: 0.48220112919807434
neu: 0.31891268491744995
hap: 0.1862773448228836
neu: 0.49589022994041443
hap: 0.31193551421165466
sad: 0.19074402749538422
sad: 0.4714732766151428
neu: 0.2991611361503601
hap: 0.22743543982505798
hap: 0.5812901258468628
sad: 0.22132593393325806
neu: 0.19504177570343018
sad: 0.4635656476020813
neu: 0.37028345465660095
hap: 0.16545242071151733
sad: 0.6930191516876221
neu: 0.2523347735404968
hap: 0.038116615265607834
sad: 0.5850337147712708
neu: 0.3443271815776825
hap: 0.059711288660764694
neu: 0.7326593995094299
ang: 0.1474212259054184
sad: 0.06828153133392334
sad: 0.6408913731575012
neu: 0.34054645895957947
hap: 0.017082149162888527
sad: 0.5406793355941772
neu: 0.4239963889122009
hap: 0.03214745596051216
sad: 0.5899021625518799
hap: 0.3423035442829132
neu: 0.06314151734113693
neu: 0.6456667184829712
hap: 0.2003665417432785
sad: 0.15152588486671448
neu: 0.4178270995616913
sad: 0.4049030542373657
hap: 0.17259275913238525
neu: 0.6702815294265747
sad: 0.2558770775794983
hap: 0.07370811700820923
neu: 0.4605351984500885
hap: 0.2966592609882355
sad: 0.241836279630661
sad: 0.7390742301940918
neu: 0.15029069781303406
hap: 0.11060544103384018
neu: 0.5292392373085022
sad: 0.32060444355010986
hap: 0.14811086654663086
sad: 0.45107030868530273
neu: 0.2837497889995575
hap: 0.2646637260913849
neu: 0.8029763698577881
sad: 0.16894038021564484
hap: 0.028023933991789818
neu: 0.768097996711731
sad: 0.17953255772590637
hap: 0.052325956523418427
sad: 0.6366528272628784
neu: 0.3467136323451996
hap: 0.015895910561084747
sad: 0.42445072531700134
hap: 0.34085604548454285
neu: 0.1412072330713272
sad: 0.6578840613365173
neu: 0.2530460059642792
hap: 0.08905208110809326
sad: 0.6071193218231201
neu: 0.3390720784664154
hap: 0.05110473185777664
sad: 0.8007537126541138
neu: 0.1539510041475296
hap: 0.045250825583934784
sad: 0.7616963386535645
neu: 0.23245252668857574
hap: 0.005842863116413355
sad: 0.7600807547569275
neu: 0.2237798571586609
hap: 0.016081511974334717
sad: 0.818282961845398
neu: 0.16539408266544342
hap: 0.016079673543572426
sad: 0.5899569392204285
neu: 0.4006313383579254
hap: 0.0085524283349514
sad: 0.7325843572616577
neu: 0.26323696970939636
hap: 0.003986597992479801
sad: 0.8606010675430298
neu: 0.12781251966953278
hap: 0.011582634411752224
sad: 0.9558286070823669
neu: 0.03493231162428856
hap: 0.009237251244485378
sad: 0.9432138204574585
neu: 0.05324931442737579
hap: 0.0035307107027620077
sad: 0.6018245816230774
neu: 0.35253870487213135
hap: 0.0456213541328907
sad: 0.5432766079902649
neu: 0.445961058139801
hap: 0.010530210100114346
sad: 0.8295321464538574
neu: 0.0894421637058258
ang: 0.043423790484666824
neu: 0.5194985270500183
sad: 0.43397578597068787
hap: 0.04547305405139923
sad: 0.6594125032424927
neu: 0.30198612809181213
hap: 0.03850744292140007
neu: 0.6909319162368774
sad: 0.18459771573543549
hap: 0.12372185289859772
sad: 0.6603397727012634
neu: 0.2938113510608673
hap: 0.04583423584699631
sad: 0.6754542589187622
neu: 0.2608879506587982
hap: 0.06365428119897842
sad: 0.6987488269805908
neu: 0.23147150874137878
hap: 0.06974299997091293
sad: 0.7680100798606873
neu: 0.1982537806034088
hap: 0.03373289853334427
sad: 0.7687947154045105
neu: 0.16600830852985382
hap: 0.0651923343539238
neu: 0.4319515824317932
sad: 0.4033051133155823
hap: 0.16183409094810486
neu: 0.575818657875061
sad: 0.39766258001327515
hap: 0.025885572656989098
sad: 0.6644331216812134
neu: 0.3066103756427765
hap: 0.02891557291150093
sad: 0.9354702830314636
neu: 0.06063885614275932
hap: 0.003887772560119629
sad: 0.8771658539772034
neu: 0.10982687771320343
hap: 0.01299599651247263
sad: 0.891223669052124
neu: 0.08868055790662766
hap: 0.020056137815117836
neu: 0.7640130519866943
sad: 0.1763892024755478
hap: 0.05745895951986313
sad: 0.6510363817214966
neu: 0.22326302528381348
hap: 0.12559586763381958
hap: 0.6044760942459106
neu: 0.2142246514558792
ang: 0.13494698703289032
sad: 0.40952834486961365
neu: 0.3147711455821991
hap: 0.27414029836654663
sad: 0.6473812460899353
neu: 0.19009064137935638
hap: 0.1623292714357376
sad: 0.9298863410949707
hap: 0.04500751197338104
neu: 0.02504962682723999
sad: 0.4619722068309784
hap: 0.3345627188682556
neu: 0.1994459182024002
neu: 0.40207037329673767
sad: 0.3581867218017578
hap: 0.23973199725151062
sad: 0.5152639150619507
neu: 0.32710739970207214
hap: 0.1576050966978073
sad: 0.47985970973968506
neu: 0.476480633020401
hap: 0.04361838474869728
sad: 0.6184728145599365
neu: 0.3535515367984772
hap: 0.027904288843274117
sad: 0.8336105346679688
neu: 0.14542075991630554
hap: 0.02096453122794628
sad: 0.848865807056427
neu: 0.1399606466293335
hap: 0.011157544329762459
neu: 0.49842366576194763
sad: 0.4204632639884949
hap: 0.08100021630525589
neu: 0.5181638598442078
sad: 0.46386876702308655
hap: 0.01615486480295658
sad: 0.670721173286438
neu: 0.2433309704065323
hap: 0.08499005436897278
sad: 0.8064571619033813
neu: 0.16292521357536316
hap: 0.030616674572229385
sad: 0.9092115759849548
neu: 0.07940341532230377
hap: 0.0113408537581563
sad: 0.6137654781341553
neu: 0.28113627433776855
hap: 0.10506504774093628
sad: 0.7932714223861694
neu: 0.1318594366312027
hap: 0.07482317835092545
sad: 0.44908490777015686
neu: 0.3956112861633301
hap: 0.15521541237831116
sad: 0.8244960904121399
neu: 0.16339437663555145
hap: 0.012092539109289646
sad: 0.8209284543991089
neu: 0.14177049696445465
hap: 0.037215862423181534
sad: 0.7489444613456726
neu: 0.2211378812789917
hap: 0.029891181737184525
sad: 0.5621275305747986
neu: 0.4225761294364929
hap: 0.015174979344010353
sad: 0.6406156420707703
neu: 0.20856517553329468
hap: 0.15072481334209442
sad: 0.5928761959075928
neu: 0.3102441132068634
hap: 0.0968255028128624
hap: 0.38430893421173096
neu: 0.3151283264160156
sad: 0.3001810312271118
sad: 0.8138728737831116
neu: 0.14188320934772491
hap: 0.044235605746507645
sad: 0.8146633505821228
neu: 0.1380365937948227
hap: 0.04711539298295975
neu: 0.4415525496006012
hap: 0.3491971492767334
sad: 0.20454524457454681
neu: 0.48064330220222473
sad: 0.34520453214645386
hap: 0.1740366518497467
sad: 0.8006486892700195
neu: 0.19159652292728424
hap: 0.007330434396862984
sad: 0.8523968458175659
neu: 0.07987472414970398
hap: 0.06746722012758255
sad: 0.7962000966072083
neu: 0.19016608595848083
hap: 0.01314146164804697
neu: 0.5503191947937012
hap: 0.2415654957294464
sad: 0.2037235051393509
sad: 0.7788029313087463
neu: 0.16681963205337524
hap: 0.054371315985918045
sad: 0.8978821039199829
neu: 0.09707246720790863
hap: 0.0048802755773067474
sad: 0.7638782858848572
neu: 0.22194014489650726
hap: 0.011725417338311672
sad: 0.6552496552467346
neu: 0.3247331976890564
hap: 0.0122219892218709
sad: 0.6392555832862854
hap: 0.30689379572868347
neu: 0.043909210711717606
sad: 0.7834179401397705
neu: 0.19619980454444885
hap: 0.012842245399951935
sad: 0.49162134528160095
neu: 0.3552551865577698
hap: 0.08898229151964188
sad: 0.8305178880691528
neu: 0.12364645302295685
hap: 0.03803467005491257
sad: 0.5557928681373596
hap: 0.27958282828330994
neu: 0.15926221013069153
sad: 0.4871106743812561
neu: 0.2606055438518524
hap: 0.24917133152484894
sad: 0.7134666442871094
neu: 0.12567561864852905
ang: 0.10853898525238037
sad: 0.7090483903884888
neu: 0.22931703925132751
hap: 0.061630018055438995
sad: 0.8610343933105469
neu: 0.11569761484861374
hap: 0.023265205323696136
sad: 0.7148817181587219
neu: 0.23606771230697632
hap: 0.04902670532464981
sad: 0.8323088884353638
neu: 0.15339148044586182
hap: 0.014277908019721508
sad: 0.5362722277641296
neu: 0.35982128977775574
hap: 0.10384643077850342
sad: 0.5193266868591309
neu: 0.43729281425476074
hap: 0.04337067902088165
neu: 0.5340259075164795
sad: 0.4501282572746277
hap: 0.01525867823511362
sad: 0.7512272596359253
neu: 0.18266843259334564
hap: 0.06607651710510254
neu: 0.67253577709198
sad: 0.16649994254112244
hap: 0.1521521806716919
sad: 0.894160807132721
neu: 0.06653768569231033
hap: 0.03926853463053703
sad: 0.6618576049804688
neu: 0.22983495891094208
hap: 0.10824687033891678
sad: 0.4721786677837372
hap: 0.42620205879211426
neu: 0.1015569269657135
sad: 0.5973304510116577
neu: 0.20402935147285461
hap: 0.1983824372291565
sad: 0.5436853766441345
hap: 0.31961509585380554
neu: 0.1366054117679596
sad: 0.6027049422264099
hap: 0.2164619117975235
neu: 0.18069042265415192
sad: 0.6031845211982727
neu: 0.20243529975414276
hap: 0.19187122583389282
sad: 0.38695695996284485
neu: 0.33121368288993835
hap: 0.2817797362804413
neu: 0.7061282396316528
sad: 0.20036864280700684
hap: 0.09211218357086182
neu: 0.6961062550544739
sad: 0.2453351467847824
hap: 0.054490115493535995
neu: 0.3953000605106354
hap: 0.38792353868484497
sad: 0.21517041325569153
sad: 0.5471209287643433
neu: 0.4089469909667969
hap: 0.0438772551715374
sad: 0.7074776887893677
neu: 0.20006774365901947
hap: 0.09095632284879684
sad: 0.8871719241142273
neu: 0.08697167038917542
hap: 0.025851743295788765
sad: 0.9065827131271362
neu: 0.08421702682971954
hap: 0.009103097952902317
sad: 0.7745747566223145
neu: 0.121194027364254
hap: 0.10364697873592377
sad: 0.354328989982605
hap: 0.31616124510765076
neu: 0.2955811321735382
neu: 0.7973146438598633
sad: 0.11114367097616196
hap: 0.07339461147785187
sad: 0.37977296113967896
neu: 0.35910677909851074
hap: 0.15395553410053253
neu: 0.4991544485092163
sad: 0.4505194425582886
hap: 0.04992489516735077
sad: 0.48933714628219604
neu: 0.37841543555259705
hap: 0.1321936696767807
neu: 0.5845180749893188
sad: 0.31051579117774963
hap: 0.10481268167495728
sad: 0.492074579000473
neu: 0.38238704204559326
hap: 0.1254730522632599
sad: 0.9239639043807983
neu: 0.03967924043536186
hap: 0.03634878620505333
neu: 0.6806135177612305
hap: 0.21347832679748535
sad: 0.09188317507505417
neu: 0.6131071448326111
sad: 0.3637990355491638
hap: 0.022797415032982826
sad: 0.9152968525886536
neu: 0.06512151658535004
hap: 0.01942136324942112
neu: 0.6769159436225891
sad: 0.29268327355384827
hap: 0.03017270937561989
sad: 0.4726109504699707
neu: 0.45179104804992676
hap: 0.07545827329158783
sad: 0.6835785508155823
neu: 0.2582707703113556
hap: 0.05809035152196884
sad: 0.6848232746124268
neu: 0.2811296582221985
hap: 0.033962782472372055
sad: 0.48055729269981384
hap: 0.27718350291252136
neu: 0.24218736588954926
sad: 0.5606603026390076
neu: 0.3391759693622589
hap: 0.09984812885522842
sad: 0.9075602889060974
neu: 0.04910619929432869
hap: 0.04332489147782326
neu: 0.5178398489952087
sad: 0.4196598529815674
hap: 0.06248011812567711
sad: 0.8970366716384888
neu: 0.08180411159992218
hap: 0.02115522138774395
sad: 0.8568545579910278
neu: 0.1257014274597168
hap: 0.017436450347304344
sad: 0.8842350840568542
neu: 0.09003038704395294
hap: 0.02573038823902607
sad: 0.7815517783164978
neu: 0.18244735896587372
hap: 0.03599458932876587
sad: 0.7786197066307068
neu: 0.188767209649086
hap: 0.03254098445177078
sad: 0.5601473450660706
neu: 0.34907037019729614
hap: 0.09070466458797455
neu: 0.545279324054718
sad: 0.4232594072818756
hap: 0.030023593455553055
neu: 0.6604856848716736
sad: 0.2280454784631729
hap: 0.11144234240055084
sad: 0.6928881406784058
neu: 0.2809431254863739
hap: 0.02611401677131653
sad: 0.8414543271064758
neu: 0.09586331993341446
hap: 0.06264972686767578
sad: 0.8341820240020752
neu: 0.10078982263803482
hap: 0.06443775445222855
sad: 0.9508548378944397
neu: 0.046743497252464294
hap: 0.0022215305361896753
sad: 0.5064638257026672
neu: 0.44796666502952576
hap: 0.04533767327666283
sad: 0.700985848903656
neu: 0.2613595724105835
hap: 0.03760061413049698
sad: 0.735366702079773
neu: 0.24555568397045135
hap: 0.018300769850611687
neu: 0.8258883953094482
sad: 0.12840493023395538
hap: 0.04354726895689964
neu: 0.5885348916053772
sad: 0.279755562543869
hap: 0.1301398128271103
hap: 0.9113686680793762
sad: 0.04460587352514267
neu: 0.0402221605181694
sad: 0.50862717628479
neu: 0.3811524212360382
hap: 0.10604657232761383
sad: 0.5150325894355774
neu: 0.4363155663013458
hap: 0.048408392816782
sad: 0.6855790019035339
neu: 0.2805948257446289
hap: 0.03356137499213219
hap: 0.3832913041114807
ang: 0.2805519700050354
neu: 0.17085258662700653
sad: 0.5245813131332397
hap: 0.2509991526603699
neu: 0.22357071936130524
ang: 0.5417881608009338
sad: 0.21345865726470947
hap: 0.17728674411773682
sad: 0.4331095516681671
neu: 0.3691072165966034
hap: 0.1922851800918579
hap: 0.5059827566146851
neu: 0.426570326089859
sad: 0.058932799845933914
neu: 0.800968587398529
hap: 0.14221948385238647
ang: 0.044082291424274445
sad: 0.5997810959815979
neu: 0.3184746503829956
hap: 0.08170051127672195
sad: 0.929820716381073
neu: 0.05882445350289345
hap: 0.011331310495734215
sad: 0.7566240429878235
neu: 0.12089607864618301
hap: 0.09780996292829514
sad: 0.8463765382766724
neu: 0.11050651222467422
hap: 0.042465388774871826
sad: 0.7188671231269836
neu: 0.2264089286327362
hap: 0.04797574505209923
sad: 0.8879414796829224
neu: 0.09645649045705795
hap: 0.014516811817884445
sad: 0.7820196151733398
neu: 0.18012474477291107
hap: 0.030872642993927002
sad: 0.7167749404907227
neu: 0.22365373373031616
hap: 0.05945688486099243
sad: 0.6140885353088379
neu: 0.36152082681655884
hap: 0.024367783218622208
sad: 0.8610321879386902
hap: 0.07998578995466232
neu: 0.058218277990818024
sad: 0.6406093239784241
neu: 0.25841760635375977
hap: 0.09273352473974228
sad: 0.44361186027526855
neu: 0.3232412338256836
hap: 0.21782200038433075
neu: 0.4261625409126282
sad: 0.41462886333465576
hap: 0.13107925653457642
sad: 0.6503158807754517
neu: 0.30376559495925903
hap: 0.045843031257390976
sad: 0.6901834011077881
neu: 0.2445729672908783
hap: 0.06520471721887589
neu: 0.4925874173641205
sad: 0.38943126797676086
hap: 0.11094454675912857
sad: 0.9052250981330872
neu: 0.08463680744171143
hap: 0.010129515081644058
sad: 0.8163895010948181
neu: 0.14192453026771545
hap: 0.041497938334941864
sad: 0.6804507374763489
neu: 0.24142971634864807
hap: 0.07742487639188766
sad: 0.9092862010002136
neu: 0.06380394846200943
hap: 0.026739446446299553
neu: 0.5275813341140747
sad: 0.4421663284301758
hap: 0.030229156836867332
sad: 0.7844231128692627
hap: 0.1624184548854828
neu: 0.04491741582751274
sad: 0.5478244423866272
neu: 0.4164341986179352
hap: 0.035332921892404556
neu: 0.40001124143600464
sad: 0.3519846796989441
hap: 0.24009382724761963
neu: 0.43937572836875916
sad: 0.4181748926639557
hap: 0.14243009686470032
neu: 0.44341713190078735
sad: 0.4182508885860443
hap: 0.13385410606861115
sad: 0.6792833805084229
neu: 0.2657141089439392
hap: 0.05355493724346161
sad: 0.7875730991363525
hap: 0.11017796397209167
neu: 0.10218869149684906
sad: 0.5428680777549744
neu: 0.272193044424057
hap: 0.1846158653497696
hap: 0.6126764416694641
sad: 0.21367105841636658
neu: 0.1695604920387268
sad: 0.4294307231903076
hap: 0.34439384937286377
neu: 0.21484211087226868
sad: 0.8392300009727478
neu: 0.1334918737411499
hap: 0.02725302055478096
sad: 0.47295448184013367
neu: 0.37137919664382935
hap: 0.15537777543067932
sad: 0.5851887464523315
hap: 0.20880670845508575
neu: 0.18182510137557983
sad: 0.6328104138374329
neu: 0.26942017674446106
hap: 0.09637976437807083
sad: 0.47945642471313477
neu: 0.3509367108345032
hap: 0.15522988140583038
sad: 0.8197610378265381
neu: 0.12553024291992188
hap: 0.05430988594889641
neu: 0.425141841173172
sad: 0.36234840750694275
hap: 0.2124129831790924
sad: 0.5519233345985413
neu: 0.4399818181991577
hap: 0.0069292644038796425
sad: 0.5516596436500549
neu: 0.44330668449401855
hap: 0.004946681205183268
sad: 0.5738402009010315
hap: 0.23165541887283325
neu: 0.19423402845859528
sad: 0.6785194277763367
neu: 0.2615250051021576
hap: 0.05982138216495514
sad: 0.5254210829734802
hap: 0.2602795362472534
neu: 0.21223080158233643
neu: 0.7185222506523132
sad: 0.22712235152721405
hap: 0.052686892449855804
sad: 0.5190637707710266
neu: 0.2661188542842865
hap: 0.20767176151275635
sad: 0.7164489030838013
neu: 0.19263458251953125
hap: 0.08776576817035675
sad: 0.5476663112640381
neu: 0.43956583738327026
hap: 0.01274540089070797
sad: 0.931495189666748
hap: 0.051869697868824005
neu: 0.016624093055725098
neu: 0.7570301294326782
sad: 0.1987338662147522
hap: 0.04382968321442604
sad: 0.9660665392875671
hap: 0.018198659643530846
neu: 0.01495174691081047
neu: 0.7161636352539062
sad: 0.23451969027519226
hap: 0.04799298197031021
sad: 0.8081045150756836
neu: 0.149311363697052
hap: 0.04234571382403374
sad: 0.8908711671829224
neu: 0.06120612844824791
hap: 0.024756642058491707
sad: 0.6976101994514465
neu: 0.24693426489830017
hap: 0.053683530539274216
sad: 0.5217123627662659
neu: 0.43672722578048706
hap: 0.04140535742044449
neu: 0.5534668564796448
sad: 0.24772167205810547
hap: 0.18441471457481384
neu: 0.4918721616268158
sad: 0.4804840087890625
hap: 0.025618409737944603
neu: 0.5269179940223694
sad: 0.45708227157592773
hap: 0.01462062168866396
neu: 0.5292818546295166
sad: 0.4238382577896118
hap: 0.046791113913059235
sad: 0.5678520798683167
neu: 0.41237661242485046
hap: 0.019715435802936554
neu: 0.7239471673965454
hap: 0.20014449954032898
sad: 0.0668131560087204
neu: 0.8243691921234131
sad: 0.08899345993995667
hap: 0.08316846191883087
sad: 0.8315500020980835
neu: 0.14008522033691406
hap: 0.02781129814684391
neu: 0.6806421279907227
sad: 0.2103804647922516
hap: 0.10782958567142487
neu: 0.855000376701355
sad: 0.11384118348360062
hap: 0.023132942616939545
sad: 0.41253042221069336
hap: 0.332785040140152
neu: 0.25429990887641907
sad: 0.530819833278656
hap: 0.25712907314300537
neu: 0.20986439287662506
sad: 0.45765388011932373
neu: 0.3261326253414154
hap: 0.21609404683113098
sad: 0.9381367564201355
neu: 0.05625290796160698
hap: 0.005517212208360434
sad: 0.6799972653388977
neu: 0.2364954948425293
hap: 0.06064906343817711
sad: 0.7011774778366089
neu: 0.19442777335643768
hap: 0.1041199117898941
sad: 0.7105011343955994
neu: 0.28657427430152893
hap: 0.002813314786180854
neu: 0.6315553784370422
hap: 0.2300417274236679
sad: 0.08520175516605377
sad: 0.767820417881012
hap: 0.13078907132148743
neu: 0.09211140871047974
sad: 0.47068721055984497
hap: 0.3032248616218567
neu: 0.2257009595632553
hap: 0.4704400300979614
neu: 0.29527604579925537
sad: 0.23345740139484406
sad: 0.4171181619167328
neu: 0.31080928444862366
hap: 0.25003477931022644
hap: 0.4372156262397766
sad: 0.3132435083389282
neu: 0.19959618151187897
sad: 0.7364596128463745
neu: 0.14728350937366486
hap: 0.11610761284828186
sad: 0.928423285484314
neu: 0.06632111221551895
hap: 0.003438197774812579
sad: 0.7612451314926147
hap: 0.11625830084085464
neu: 0.11454079300165176
sad: 0.5893691778182983
hap: 0.29478463530540466
neu: 0.10992280393838882
sad: 0.5708215832710266
hap: 0.25665420293807983
neu: 0.17092737555503845
sad: 0.4515517055988312
neu: 0.3045615553855896
hap: 0.18282495439052582
sad: 0.5734478235244751
hap: 0.2117050141096115
neu: 0.20958492159843445
sad: 0.5380656123161316
neu: 0.39656540751457214
hap: 0.04416711628437042
sad: 0.8389518857002258
neu: 0.1534775197505951
hap: 0.007564116735011339
neu: 0.5091837048530579
hap: 0.2726040482521057
sad: 0.21785452961921692
sad: 0.3740229308605194
hap: 0.3240233063697815
neu: 0.30188965797424316
sad: 0.49899768829345703
neu: 0.3450794219970703
hap: 0.1557856649160385
hap: 0.4570201337337494
sad: 0.38598087430000305
neu: 0.1564009040594101
sad: 0.526778519153595
neu: 0.2869950234889984
hap: 0.185687854886055
neu: 0.8010631203651428
sad: 0.14389710128307343
hap: 0.05492164194583893
sad: 0.7957242131233215
neu: 0.18091195821762085
hap: 0.023300619795918465
sad: 0.7785161733627319
neu: 0.17236365377902985
hap: 0.04889668524265289
neu: 0.48900479078292847
hap: 0.3233805000782013
sad: 0.18751977384090424
sad: 0.532262921333313
neu: 0.43042781949043274
hap: 0.037211112678050995
neu: 0.6915673017501831
hap: 0.15917491912841797
sad: 0.13829924166202545
sad: 0.5488860011100769
hap: 0.3364567756652832
neu: 0.10596437752246857
hap: 0.41181182861328125
neu: 0.38175931572914124
sad: 0.11866633594036102
neu: 0.7815152406692505
sad: 0.14711371064186096
hap: 0.06634752452373505
sad: 0.5166328549385071
neu: 0.3577086925506592
hap: 0.12551048398017883
sad: 0.5203020572662354
neu: 0.45784640312194824
hap: 0.02081533707678318
sad: 0.4493378698825836
neu: 0.2891838252544403
hap: 0.2562965750694275
sad: 0.8110143542289734
neu: 0.15046945214271545
hap: 0.037950415164232254
neu: 0.5170256495475769
sad: 0.37733158469200134
hap: 0.10484584420919418
sad: 0.823818027973175
hap: 0.13496987521648407
neu: 0.04108723625540733
sad: 0.5351677536964417
hap: 0.2636933922767639
ang: 0.12593641877174377
sad: 0.9231871366500854
neu: 0.07087401300668716
hap: 0.005928637459874153
sad: 0.6410662531852722
neu: 0.33021655678749084
hap: 0.028636684641242027
neu: 0.6315506100654602
sad: 0.1937870979309082
hap: 0.1701921671628952
neu: 0.517047643661499
sad: 0.41315922141075134
hap: 0.06563679873943329
neu: 0.505298912525177
hap: 0.23850394785404205
sad: 0.22623756527900696
neu: 0.4766952693462372
sad: 0.43547460436820984
hap: 0.08728555589914322
sad: 0.5014276504516602
neu: 0.2629741430282593
hap: 0.2073914110660553
ang: 0.44628915190696716
hap: 0.303413450717926
sad: 0.13366062939167023
neu: 0.718155562877655
hap: 0.1521308273077011
sad: 0.1291470229625702
neu: 0.49909916520118713
hap: 0.38216257095336914
sad: 0.10843734443187714
sad: 0.6606661677360535
neu: 0.3061704635620117
hap: 0.032669294625520706
sad: 0.42942196130752563
neu: 0.20509691536426544
ang: 0.20253275334835052
sad: 0.5927373170852661
neu: 0.3515545129776001
hap: 0.05476146563887596
neu: 0.4755952060222626
sad: 0.3853982090950012
hap: 0.13795585930347443
sad: 0.7628669738769531
neu: 0.21958690881729126
hap: 0.017374441027641296
neu: 0.5399636626243591
sad: 0.42349618673324585
hap: 0.0364110954105854
sad: 0.9405953884124756
neu: 0.053711868822574615
hap: 0.005671818275004625
neu: 0.45101672410964966
hap: 0.3872680366039276
sad: 0.16142626106739044
hap: 0.48348522186279297
neu: 0.41386863589286804
sad: 0.10260873287916183
neu: 0.9367518424987793
hap: 0.058245949447155
sad: 0.00459227105602622
sad: 0.3949984014034271
hap: 0.3197019398212433
neu: 0.28494301438331604
sad: 0.5091517567634583
neu: 0.37990546226501465
hap: 0.10841292142868042
neu: 0.4765642583370209
sad: 0.272518515586853
hap: 0.2506753206253052
sad: 0.644182562828064
neu: 0.35004591941833496
hap: 0.005621857009828091
sad: 0.7591442465782166
neu: 0.2268492579460144
hap: 0.013890302740037441
sad: 0.4370225667953491
neu: 0.2724941372871399
hap: 0.26865455508232117
