neutral: 84.2525405883789
neutral: 90.61763000488281
sad: 95.63178253173828
sad: 53.78924560546875
happy: 98.99848937988281
angry: 99.94918823242188
sad: 60.91157531738281
neutral: 94.08048248291016
sad: 72.49264526367188
neutral: 91.94032287597656
neutral: 92.42977905273438
neutral: 98.71537017822266
neutral: 99.48674774169922
neutral: 98.82072448730469
fear: 47.9775390625
fear: 53.43597412109375
sad: 55.093711853027344
sad: 86.10346221923828
sad: 58.921878814697266
sad: 59.160640716552734
neutral: 75.99659729003906
neutral: 76.1484603881836
neutral: 86.73009490966797
neutral: 98.22148895263672
neutral: 43.680076599121094
sad: 63.468013763427734
fear: 50.87934875488281
fear: 74.28435516357422
fear: 60.85068130493164
sad: 71.41209411621094
fear: 72.74964904785156
fear: 55.49527359008789
neutral: 75.7903060913086
fear: 64.56234741210938
fear: 63.64535140991211
neutral: 90.4919662475586
neutral: 47.21244812011719
neutral: 98.86978912353516
neutral: 80.92998504638672
sad: 71.62532806396484
sad: 82.02141571044922
angry: 91.54522705078125
neutral: 95.51644897460938
neutral: 91.61641693115234
neutral: 55.06623458862305
neutral: 90.5984115600586
neutral: 61.505638122558594
neutral: 51.51408767700195
neutral: 98.24551391601562
neutral: 54.76172637939453
neutral: 81.970703125
fear: 47.533504486083984
fear: 65.7860107421875
fear: 64.20508575439453
neutral: 73.26470184326172
happy: 92.06266021728516
fear: 70.89700317382812
happy: 57.8359260559082
happy: 87.24327850341797
happy: 99.93328094482422
happy: 55.191680908203125
sad: 73.44268798828125
neutral: 71.16744232177734
sad: 97.61748504638672
sad: 54.84408187866211
neutral: 62.55767822265625
neutral: 78.6842269897461
neutral: 87.9052734375
neutral: 50.762088775634766
neutral: 91.70084381103516
sad: 61.94560241699219
neutral: 99.91376495361328
sad: 78.18993377685547
fear: 77.8757095336914
neutral: 63.20106506347656
neutral: 59.84465026855469
neutral: 67.06110382080078
sad: 81.0
sad: 89.81681060791016
happy: 36.43179702758789
neutral: 57.5667610168457
sad: 69.32000732421875
sad: 63.18276596069336
fear: 41.547019958496094
fear: 51.228912353515625
fear: 97.40309143066406
neutral: 80.7732162475586
neutral: 77.79191589355469
neutral: 64.63330841064453
neutral: 83.60863494873047
fear: 43.999717712402344
neutral: 98.00312805175781
neutral: 46.46925735473633
neutral: 98.0655288696289
fear: 51.915374755859375
neutral: 83.5163803100586
neutral: 54.8626594543457
neutral: 57.51049041748047
fear: 59.28593826293945
fear: 45.2041015625
neutral: 73.63047790527344
sad: 90.82637786865234
sad: 68.08732604980469
sad: 78.16954803466797
neutral: 96.24190521240234
fear: 79.34928131103516
fear: 50.51805877685547
sad: 56.44636535644531
fear: 53.46644592285156
fear: 50.02467727661133
fear: 94.01769256591797
neutral: 52.23185348510742
neutral: 44.09053039550781
fear: 40.42376708984375
sad: 99.05314636230469
sad: 98.89015197753906
neutral: 97.70825958251953
sad: 99.99940490722656
neutral: 62.52934265136719
sad: 99.46897888183594
sad: 77.84850311279297
sad: 99.28330993652344
sad: 99.77295684814453
sad: 99.95911407470703
neutral: 91.71003723144531
sad: 64.25411987304688
fear: 51.18842315673828
sad: 83.08448028564453
sad: 100.0
sad: 99.99983215332031
sad: 99.99983215332031
sad: 99.99842071533203
sad: 99.99640655517578
sad: 98.8920669555664
angry: 76.40068054199219
sad: 97.9935531616211
sad: 99.73587036132812
sad: 99.55488586425781
sad: 99.56853485107422
fear: 99.468994140625
fear: 87.906005859375
neutral: 99.92594146728516
fear: 99.99881744384766
sad: 62.656009674072266
neutral: 89.35899353027344
neutral: 95.16967010498047
neutral: 94.3039321899414
neutral: 96.30400848388672
sad: 83.93994903564453
sad: 99.86338806152344
sad: 71.15058135986328
sad: 41.58344268798828
sad: 96.1314697265625
sad: 61.623191833496094
fear: 91.21637725830078
fear: 98.95555877685547
fear: 99.56854248046875
angry: 81.94296264648438
fear: 79.19091796875
neutral: 99.88272857666016
neutral: 95.56258392333984
neutral: 98.07342529296875
neutral: 98.16958618164062
neutral: 97.14360046386719
neutral: 96.66145324707031
neutral: 94.95455932617188
neutral: 94.40557861328125
sad: 71.36248016357422
sad: 74.74134826660156
neutral: 99.4736099243164
neutral: 99.27073669433594
neutral: 99.15880584716797
neutral: 68.0155029296875
neutral: 89.22196197509766
neutral: 55.94063949584961
neutral: 79.61004638671875
neutral: 64.48861694335938
sad: 89.60436248779297
neutral: 85.98200988769531
fear: 85.3581771850586
neutral: 93.67243194580078
neutral: 98.90385437011719
neutral: 98.09590148925781
neutral: 91.60636901855469
neutral: 59.229637145996094
neutral: 83.86311340332031
neutral: 69.84202575683594
neutral: 90.69853973388672
sad: 71.81409454345703
neutral: 58.635498046875
neutral: 62.35342025756836
neutral: 67.39623260498047
neutral: 91.53766632080078
neutral: 91.7710189819336
fear: 45.52667236328125
neutral: 95.8128890991211
neutral: 88.59664916992188
neutral: 89.88169860839844
neutral: 93.4985122680664
neutral: 95.29196166992188
neutral: 94.20581817626953
neutral: 95.2208251953125
neutral: 96.36272430419922
neutral: 99.39676666259766
neutral: 88.18228149414062
neutral: 65.508544921875
neutral: 97.1468734741211
sad: 99.15631866455078
sad: 67.74371337890625
neutral: 50.951446533203125
neutral: 96.41142272949219
fear: 97.71495056152344
happy: 87.75031280517578
fear: 76.7412338256836
neutral: 38.42211151123047
neutral: 74.3460922241211
sad: 60.6818962097168
neutral: 61.63688278198242
neutral: 33.94792556762695
sad: 92.33882904052734
neutral: 63.577022552490234
neutral: 41.32142639160156
sad: 46.27330780029297
sad: 49.32533264160156
sad: 57.634483337402344
sad: 78.01992797851562
sad: 77.54670715332031
sad: 37.53522872924805
neutral: 47.67485046386719
neutral: 50.260162353515625
sad: 75.92778778076172
sad: 66.66950225830078
sad: 73.35060119628906
neutral: 47.880950927734375
sad: 56.3130989074707
sad: 44.04616928100586
sad: 41.527610778808594
sad: 49.1499137878418
neutral: 76.26785278320312
sad: 55.46358871459961
sad: 50.88151168823242
neutral: 58.55259704589844
sad: 67.8055648803711
sad: 72.29885864257812
neutral: 67.2973861694336
neutral: 55.89777374267578
sad: 79.3277816772461
neutral: 52.85948944091797
sad: 93.8405532836914
sad: 41.8964729309082
sad: 77.80994415283203
sad: 89.04264068603516
sad: 80.30420684814453
surprise: 51.80231475830078
sad: 80.71051025390625
sad: 46.27225875854492
sad: 53.73154830932617
sad: 48.101741790771484
sad: 63.65707015991211
sad: 51.668304443359375
fear: 52.81388854980469
fear: 52.402618408203125
fear: 93.91583251953125
fear: 70.9644546508789
fear: 55.419551849365234
neutral: 61.046199798583984
neutral: 97.34832763671875
neutral: 98.4339828491211
neutral: 93.11994171142578
fear: 61.49862289428711
fear: 79.74224853515625
sad: 99.39517211914062
sad: 54.63490295410156
sad: 91.5715103149414
fear: 98.4113998413086
neutral: 94.98494720458984
neutral: 96.2723159790039
fear: 97.71144104003906
fear: 98.1546630859375
fear: 86.24531555175781
fear: 98.31470489501953
fear: 99.69676971435547
fear: 99.98188781738281
fear: 99.98480224609375
neutral: 74.5435562133789
fear: 99.1861343383789
happy: 57.80579376220703
happy: 53.66507339477539
happy: 90.23108673095703
happy: 94.86865234375
angry: 57.81623458862305
happy: 68.61229705810547
neutral: 94.29061889648438
neutral: 91.4625015258789
neutral: 80.05310821533203
neutral: 79.57833862304688
neutral: 91.1537857055664
neutral: 90.462890625
neutral: 89.64456176757812
angry: 99.33473205566406
neutral: 88.97990417480469
neutral: 56.97936248779297
fear: 99.98876190185547
neutral: 90.81343841552734
fear: 98.990966796875
fear: 79.20787048339844
fear: 67.8543701171875
neutral: 67.28380584716797
fear: 62.807186126708984
neutral: 52.26335525512695
sad: 91.87113952636719
sad: 42.7043571472168
neutral: 39.10906219482422
neutral: 88.66053771972656
neutral: 92.46195983886719
neutral: 59.32114791870117
sad: 92.4405746459961
fear: 73.40440368652344
neutral: 95.86930084228516
neutral: 84.26725006103516
neutral: 90.52464294433594
sad: 90.05201721191406
neutral: 49.93272399902344
neutral: 81.19498443603516
neutral: 52.97621154785156
neutral: 47.903255462646484
sad: 51.560543060302734
neutral: 97.06588745117188
neutral: 57.392852783203125
sad: 99.99870300292969
sad: 98.22382354736328
sad: 70.28961181640625
neutral: 86.4728012084961
sad: 53.51897430419922
fear: 63.81475830078125
neutral: 42.670223236083984
fear: 53.3331298828125
sad: 89.00520324707031
neutral: 75.55487060546875
fear: 83.02161407470703
neutral: 77.69698333740234
sad: 50.816566467285156
neutral: 73.65154266357422
fear: 88.82200622558594
fear: 55.93663787841797
neutral: 60.78042984008789
fear: 66.70288848876953
sad: 62.401885986328125
sad: 88.7597885131836
neutral: 99.99482727050781
sad: 96.97911071777344
neutral: 94.98420715332031
neutral: 89.59375
fear: 74.50361633300781
neutral: 96.39336395263672
sad: 47.54356384277344
sad: 47.8106689453125
sad: 98.75188446044922
neutral: 60.336978912353516
sad: 83.80645751953125
sad: 69.21647644042969
neutral: 73.60771179199219
neutral: 99.93518829345703
neutral: 97.96385192871094
neutral: 98.52609252929688
sad: 85.13338470458984
neutral: 49.418418884277344
neutral: 88.98745727539062
neutral: 98.95869445800781
neutral: 96.22473907470703
sad: 45.31169891357422
neutral: 67.73318481445312
neutral: 59.69371032714844
neutral: 85.91722106933594
neutral: 97.97360229492188
sad: 84.61566162109375
sad: 71.8165054321289
angry: 88.5534896850586
sad: 95.5915756225586
fear: 97.5202865600586
sad: 83.80198669433594
sad: 68.38352966308594
fear: 53.02408981323242
sad: 72.68914794921875
happy: 99.99942016601562
sad: 92.20770263671875
sad: 93.69210052490234
sad: 51.92757797241211
sad: 98.16043090820312
sad: 46.71415710449219
sad: 99.30450439453125
happy: 94.34588623046875
neutral: 28.115203857421875
fear: 59.136146545410156
fear: 50.330257415771484
fear: 81.90999603271484
fear: 50.01262283325195
fear: 66.67005920410156
fear: 83.84247589111328
sad: 49.92554473876953
sad: 51.90434265136719
sad: 39.839447021484375
sad: 49.35906982421875
sad: 83.59204864501953
sad: 95.71379089355469
sad: 83.57711029052734
sad: 41.601200103759766
sad: 54.29490280151367
fear: 47.04646682739258
sad: 43.7919807434082
sad: 78.16769409179688
sad: 89.236083984375
sad: 48.99809646606445
surprise: 52.851688385009766
neutral: 89.00685119628906
sad: 34.36823654174805
sad: 84.73721313476562
neutral: 100.0
neutral: 99.99998474121094
neutral: 100.0
neutral: 100.0
neutral: 100.0
neutral: 99.9995346069336
neutral: 99.9999771118164
neutral: 99.99999237060547
sad: 35.797279357910156
neutral: 99.99974060058594
neutral: 99.99987030029297
neutral: 99.99998474121094
sad: 42.27742385864258
neutral: 99.9999771118164
fear: 88.3980484008789
fear: 99.05866241455078
fear: 99.34019470214844
neutral: 99.39969635009766
angry: 86.83383178710938
neutral: 94.27254486083984
neutral: 99.96932983398438
angry: 50.75461196899414
fear: 47.56254959106445
angry: 86.37660217285156
angry: 73.9842300415039
angry: 88.87504577636719
angry: 94.68072509765625
neutral: 99.41870880126953
sad: 48.2011604309082
fear: 80.7779769897461
disgust: 69.0970687866211
neutral: 79.55191802978516
neutral: 44.81787872314453
fear: 81.96263122558594
fear: 37.480194091796875
sad: 53.212188720703125
sad: 65.74433898925781
neutral: 53.44610595703125
sad: 79.81423950195312
neutral: 75.58563232421875
neutral: 77.18659210205078
neutral: 69.52810668945312
fear: 42.658668518066406
sad: 65.22586059570312
fear: 54.558555603027344
neutral: 61.611087799072266
sad: 99.996337890625
neutral: 74.20917510986328
sad: 99.94125366210938
fear: 46.118892669677734
fear: 90.24834442138672
happy: 96.44949340820312
sad: 51.852821350097656
happy: 97.79096984863281
happy: 99.02861785888672
happy: 88.95088958740234
neutral: 47.83094787597656
fear: 66.97199249267578
fear: 53.911888122558594
neutral: 87.12939453125
sad: 94.93602752685547
neutral: 76.94165802001953
neutral: 99.52413940429688
sad: 58.18733596801758
neutral: 43.816768646240234
fear: 74.2090072631836
sad: 72.9945068359375
sad: 75.27229309082031
fear: 96.1042251586914
happy: 72.61006927490234
sad: 82.46053314208984
neutral: 96.06311798095703
happy: 95.58841705322266
neutral: 76.90801239013672
happy: 70.3180923461914
neutral: 92.21070098876953
happy: 97.75363159179688
neutral: 69.98116302490234
sad: 83.22683715820312
fear: 85.32495880126953
sad: 75.8582992553711
sad: 86.48555755615234
happy: 63.70076370239258
fear: 92.51438903808594
sad: 63.039451599121094
neutral: 91.49237823486328
sad: 57.74545669555664
sad: 75.49221801757812
neutral: 71.64048767089844
neutral: 51.99614334106445
fear: 76.02542877197266
fear: 53.76255416870117
sad: 90.52926635742188
sad: 62.51520538330078
happy: 99.99998474121094
fear: 99.63310241699219
neutral: 49.49250411987305
surprise: 87.52909851074219
neutral: 83.26124572753906
happy: 99.94222259521484
fear: 42.460723876953125
sad: 46.70729064941406
fear: 48.842708587646484
sad: 74.41493225097656
neutral: 99.41650390625
neutral: 89.28372192382812
neutral: 44.74243927001953
fear: 67.14322662353516
angry: 49.6005744934082
sad: 91.22541046142578
sad: 99.75972747802734
sad: 46.704383850097656
sad: 89.85266876220703
sad: 95.77344512939453
fear: 81.12975311279297
neutral: 89.6578140258789
sad: 99.98739624023438
sad: 96.83839416503906
sad: 95.57243347167969
sad: 82.408203125
neutral: 82.57073211669922
neutral: 78.80917358398438
neutral: 56.91371536254883
sad: 46.85475540161133
neutral: 64.41677856445312
happy: 35.901824951171875
happy: 61.55651092529297
neutral: 79.60626220703125
sad: 44.3955192565918
neutral: 84.41382598876953
neutral: 62.36830520629883
neutral: 95.07695770263672
neutral: 59.04847717285156
neutral: 51.77784729003906
neutral: 92.41217041015625
neutral: 81.3851089477539
fear: 61.40333557128906
fear: 45.52228927612305
neutral: 62.64491653442383
sad: 99.90804290771484
neutral: 48.09672164916992
neutral: 67.86032104492188
sad: 35.164306640625
neutral: 84.52372741699219
neutral: 57.931976318359375
neutral: 89.90377044677734
sad: 58.43368911743164
fear: 48.8708610534668
sad: 90.3162841796875
sad: 98.45101165771484
neutral: 93.8663101196289
sad: 79.34286499023438
fear: 52.5316162109375
fear: 78.9431381225586
sad: 59.74285888671875
neutral: 54.493228912353516
sad: 77.14142608642578
sad: 89.66802978515625
sad: 96.75796508789062
sad: 99.99665069580078
sad: 65.49005889892578
sad: 92.04934692382812
sad: 99.47764587402344
sad: 99.19286346435547
sad: 73.25415802001953
sad: 82.0684585571289
neutral: 83.94343566894531
sad: 96.11447143554688
sad: 96.97493743896484
sad: 84.96886444091797
sad: 94.76715087890625
sad: 59.54316329956055
sad: 64.67860412597656
sad: 84.64506530761719
sad: 56.63365936279297
sad: 97.55718231201172
sad: 99.40277862548828
sad: 99.76620483398438
sad: 99.76370239257812
sad: 99.99288177490234
happy: 91.09180450439453
sad: 95.47354888916016
sad: 98.57535552978516
sad: 94.61766815185547
sad: 73.52288818359375
sad: 99.95870971679688
sad: 56.94602966308594
angry: 52.164119720458984
angry: 92.95137786865234
angry: 91.81432342529297
angry: 83.49617767333984
angry: 69.75311279296875
angry: 98.10022735595703
angry: 99.11141967773438
angry: 98.25990295410156
angry: 99.57086181640625
angry: 98.52002716064453
angry: 99.00800323486328
angry: 99.30968475341797
angry: 98.83552551269531
angry: 99.69685363769531
angry: 99.37847137451172
angry: 99.08516693115234
angry: 96.9105224609375
angry: 98.51929473876953
angry: 97.43859100341797
angry: 96.0816421508789
angry: 98.89960479736328
angry: 98.38587951660156
angry: 99.06109619140625
angry: 97.35658264160156
angry: 98.549560546875
angry: 95.53336334228516
angry: 99.70046997070312
happy: 58.76820755004883
angry: 69.99796295166016
angry: 72.01921081542969
sad: 98.4810562133789
sad: 89.45877838134766
fear: 64.25289916992188
fear: 99.69153594970703
sad: 63.368587493896484
neutral: 40.86237716674805
sad: 52.844844818115234
happy: 33.38800811767578
neutral: 50.790870666503906
neutral: 59.17897033691406
sad: 90.50403594970703
neutral: 61.14905548095703
sad: 41.44747543334961
fear: 77.39327239990234
fear: 52.14265823364258
sad: 61.84524154663086
fear: 75.39690399169922
sad: 53.58745574951172
fear: 44.44804382324219
sad: 81.85457611083984
sad: 87.06700897216797
sad: 95.59871673583984
sad: 97.04901885986328
sad: 59.563899993896484
sad: 69.45182800292969
sad: 89.02813720703125
sad: 89.41246795654297
sad: 96.98873138427734
neutral: 99.99998474121094
neutral: 89.00894165039062
neutral: 95.7286148071289
sad: 46.30278778076172
neutral: 96.80691528320312
neutral: 72.48880767822266
sad: 52.4146842956543
neutral: 85.40913391113281
neutral: 58.60456848144531
sad: 85.64067077636719
sad: 95.15800476074219
happy: 62.0804443359375
sad: 90.31092071533203
sad: 94.29288482666016
sad: 91.30638885498047
sad: 72.53411102294922
sad: 94.45701599121094
fear: 47.15956497192383
sad: 95.4816665649414
sad: 93.61625671386719
sad: 97.99053192138672
sad: 96.06179809570312
fear: 61.98112487792969
sad: 76.2009048461914
sad: 57.2720947265625
sad: 59.490238189697266
sad: 49.7698860168457
neutral: 56.639652252197266
happy: 97.24128723144531
fear: 79.73468017578125
angry: 99.00389099121094
fear: 95.1251449584961
neutral: 78.20378875732422
neutral: 42.134517669677734
neutral: 59.299407958984375
fear: 59.13275909423828
sad: 74.33607482910156
neutral: 65.4676742553711
fear: 96.80072784423828
fear: 48.509605407714844
sad: 51.37776184082031
sad: 51.96897888183594
fear: 97.20601654052734
neutral: 99.49252319335938
sad: 75.24939727783203
sad: 92.46342468261719
sad: 91.91912841796875
neutral: 95.21400451660156
fear: 72.47801971435547
sad: 95.47150421142578
sad: 91.6294174194336
sad: 66.56278228759766
fear: 50.915618896484375
sad: 44.13360595703125
neutral: 97.53316497802734
fear: 90.55813598632812
sad: 78.363525390625
happy: 85.36016082763672
neutral: 98.37321472167969
fear: 94.03981018066406
neutral: 86.5215072631836
fear: 92.31013488769531
neutral: 86.1691665649414
sad: 80.55231475830078
happy: 94.8561782836914
neutral: 98.17446899414062
neutral: 96.1218032836914
fear: 83.8161392211914
neutral: 61.61611557006836
fear: 59.628326416015625
fear: 75.78720092773438
neutral: 38.75931930541992
neutral: 80.37342834472656
neutral: 86.69699096679688
neutral: 60.03915023803711
sad: 99.61837768554688
sad: 80.05170440673828
neutral: 97.78641510009766
sad: 75.08617401123047
sad: 80.79096984863281
sad: 97.09967041015625
sad: 78.4903564453125
sad: 79.90339660644531
sad: 85.32987213134766
sad: 91.5784683227539
sad: 97.50999450683594
sad: 73.77165222167969
sad: 55.042091369628906
sad: 97.89261627197266
sad: 97.48973083496094
neutral: 47.665340423583984
sad: 99.451416015625
sad: 87.8654556274414
neutral: 53.189456939697266
sad: 99.97681427001953
sad: 78.11119842529297
sad: 51.90190124511719
fear: 56.573951721191406
sad: 99.9066390991211
sad: 99.91791534423828
sad: 99.82083892822266
fear: 57.46769332885742
neutral: 96.67171478271484
neutral: 96.55485534667969
neutral: 94.84642791748047
sad: 71.09646606445312
sad: 89.88200378417969
neutral: 92.08084106445312
neutral: 47.09947204589844
fear: 63.8177490234375
neutral: 50.53715896606445
sad: 35.37016677856445
neutral: 59.46477127075195
sad: 72.11577606201172
fear: 54.61046600341797
neutral: 77.30972290039062
fear: 40.72846603393555
sad: 99.93343353271484
happy: 99.29814147949219
neutral: 89.71186065673828
fear: 47.16041946411133
fear: 83.48738098144531
neutral: 97.37384033203125
happy: 73.27605438232422
neutral: 99.31780242919922
neutral: 98.06149291992188
neutral: 87.6469955444336
neutral: 74.69424438476562
neutral: 78.64888763427734
fear: 55.0164680480957
neutral: 69.41587829589844
neutral: 98.013671875
neutral: 37.90141296386719
fear: 61.64710235595703
neutral: 94.91861724853516
sad: 64.37071228027344
neutral: 99.21129608154297
fear: 78.30883026123047
sad: 78.02871704101562
neutral: 99.87165832519531
fear: 79.4792709350586
sad: 95.60977172851562
sad: 60.890296936035156
neutral: 85.98536682128906
neutral: 67.68232727050781
neutral: 73.0052261352539
neutral: 83.66133117675781
fear: 57.67487335205078
angry: 59.11132049560547
neutral: 88.27249145507812
neutral: 52.880489349365234
neutral: 44.01356887817383
sad: 51.63398361206055
neutral: 59.24949645996094
sad: 44.652130126953125
angry: 60.94955062866211
sad: 62.1953125
sad: 64.00738525390625
neutral: 65.80945587158203
neutral: 83.10806274414062
neutral: 80.7227783203125
neutral: 87.3422622680664
sad: 72.8804931640625
neutral: 58.45164108276367
neutral: 74.3737564086914
fear: 49.84897994995117
neutral: 92.30809020996094
neutral: 87.0963363647461
sad: 63.65011978149414
neutral: 49.14955520629883
surprise: 85.03668212890625
neutral: 98.9076156616211
neutral: 82.08208465576172
neutral: 63.20704650878906
neutral: 97.8325424194336
neutral: 63.39810562133789
neutral: 84.5784683227539
fear: 57.987159729003906
neutral: 59.89912033081055
neutral: 54.11757278442383
neutral: 87.17929077148438
fear: 41.71868133544922
neutral: 99.99556732177734
neutral: 99.99712371826172
neutral: 89.23387908935547
neutral: 79.6512680053711
neutral: 81.91887664794922
neutral: 86.16819763183594
neutral: 52.45893096923828
neutral: 42.58708190917969
sad: 77.57169342041016
sad: 53.37899398803711
sad: 74.96711730957031
happy: 97.75882720947266
neutral: 65.44670867919922
sad: 83.09081268310547
neutral: 76.07089233398438
sad: 94.9266128540039
sad: 98.8322525024414
sad: 97.97198486328125
sad: 77.20525360107422
sad: 98.87049865722656
sad: 99.98591613769531
sad: 90.87234497070312
sad: 98.87085723876953
sad: 73.41129302978516
sad: 86.77249908447266
sad: 73.46135711669922
sad: 71.7868881225586
sad: 82.91053771972656
sad: 97.83829498291016
sad: 80.58406829833984
sad: 85.11843872070312
sad: 92.29438781738281
sad: 97.2109603881836
sad: 84.66570281982422
sad: 95.699951171875
neutral: 78.70748138427734
neutral: 53.820621490478516
neutral: 99.42616271972656
neutral: 82.83907318115234
sad: 40.97001647949219
neutral: 96.0575180053711
neutral: 97.16372680664062
neutral: 67.61148834228516
sad: 91.40116882324219
neutral: 54.029930114746094
neutral: 95.10221099853516
neutral: 84.57472229003906
sad: 89.1551284790039
neutral: 65.54573059082031
sad: 63.531105041503906
neutral: 87.36668395996094
neutral: 71.9552001953125
neutral: 72.72930145263672
sad: 86.50507354736328
sad: 66.73928833007812
sad: 33.59800338745117
neutral: 96.55278015136719
neutral: 86.06825256347656
sad: 47.21192932128906
sad: 64.58651733398438
fear: 67.27918243408203
neutral: 81.91187286376953
fear: 55.94694519042969
sad: 62.380863189697266
neutral: 41.6990852355957
sad: 86.56147003173828
sad: 99.91952514648438
surprise: 99.39410400390625
fear: 66.43478393554688
fear: 61.22427749633789
fear: 53.8797492980957
neutral: 68.49795532226562
neutral: 74.9500732421875
neutral: 99.88288116455078
fear: 95.171142578125
sad: 55.40214157104492
neutral: 78.37125396728516
neutral: 64.36759185791016
neutral: 76.25308990478516
neutral: 76.06702423095703
sad: 65.89247131347656
sad: 44.566959381103516
neutral: 80.95116424560547
neutral: 86.2015380859375
sad: 46.57316207885742
sad: 53.24258041381836
neutral: 97.7802505493164
sad: 68.13573455810547
sad: 96.75755310058594
sad: 68.50840759277344
neutral: 86.59789276123047
sad: 87.91067504882812
fear: 53.334022521972656
fear: 96.0978012084961
fear: 97.62106323242188
fear: 98.7581787109375
fear: 99.93399810791016
fear: 99.91175842285156
fear: 99.92740631103516
fear: 99.9121322631836
fear: 99.95879364013672
fear: 99.89664459228516
fear: 99.89654541015625
fear: 99.82360076904297
fear: 99.89762115478516
fear: 99.90653228759766
fear: 99.86463928222656
fear: 99.91093444824219
fear: 99.90927124023438
fear: 99.92442321777344
fear: 99.93750762939453
fear: 99.93458557128906
fear: 99.92561340332031
fear: 99.93096923828125
fear: 99.838623046875
fear: 99.92387390136719
fear: 99.67283630371094
fear: 99.88819885253906
fear: 99.55647277832031
fear: 99.95368194580078
fear: 99.94618225097656
fear: 99.90030670166016
fear: 99.91788482666016
fear: 99.9056396484375
fear: 98.3923110961914
fear: 99.14737701416016
fear: 99.19593811035156
fear: 99.69349670410156
fear: 99.69126892089844
fear: 99.7931137084961
fear: 99.73236846923828
fear: 99.745361328125
fear: 99.91869354248047
fear: 99.9542236328125
fear: 99.93489074707031
fear: 99.93121337890625
fear: 99.9251937866211
fear: 99.58358764648438
sad: 96.457275390625
sad: 69.61101531982422
sad: 99.62505340576172
fear: 90.70358276367188
fear: 96.87284088134766
fear: 99.83051300048828
fear: 99.88243103027344
fear: 99.87255096435547
fear: 99.83599090576172
fear: 99.7710189819336
sad: 99.83956909179688
fear: 69.80398559570312
fear: 99.48355865478516
fear: 99.80986785888672
fear: 99.89726257324219
fear: 99.9328842163086
fear: 99.94453430175781
fear: 99.72724151611328
fear: 99.92938995361328
fear: 99.83781433105469
fear: 99.84586334228516
fear: 99.766357421875
sad: 96.08586120605469
neutral: 61.738773345947266
sad: 54.797916412353516
sad: 73.43110656738281
sad: 82.82621765136719
sad: 71.54070281982422
neutral: 97.27616119384766
fear: 54.793914794921875
neutral: 96.79720306396484
neutral: 86.9661636352539
neutral: 65.0722885131836
angry: 54.83757781982422
sad: 74.0595474243164
sad: 98.2816390991211
sad: 56.469242095947266
sad: 78.69865417480469
neutral: 87.25546264648438
neutral: 63.21644592285156
happy: 99.99995422363281
neutral: 59.58754348754883
neutral: 75.73164367675781
sad: 77.37158203125
angry: 60.62873840332031
sad: 94.88274383544922
neutral: 98.2872543334961
sad: 61.828643798828125
neutral: 82.13603210449219
neutral: 51.7606086730957
neutral: 43.3193473815918
neutral: 98.72672271728516
sad: 60.06775665283203
sad: 46.33626174926758
sad: 70.06990814208984
neutral: 72.02872467041016
neutral: 91.10686492919922
neutral: 58.093875885009766
neutral: 94.78445434570312
sad: 50.058250427246094
fear: 86.22555541992188
sad: 93.62401580810547
sad: 98.82600402832031
neutral: 93.40448760986328
fear: 93.8157730102539
fear: 59.813419342041016
fear: 75.365966796875
fear: 89.89596557617188
sad: 98.99886322021484
sad: 98.19721984863281
fear: 68.68878936767578
sad: 99.48304748535156
sad: 97.38838195800781
sad: 94.03361511230469
sad: 79.23623657226562
sad: 42.46797561645508
neutral: 92.83344268798828
sad: 73.02489471435547
fear: 70.95429229736328
sad: 62.5387077331543
sad: 52.579994201660156
angry: 48.25507736206055
neutral: 75.12456512451172
neutral: 90.17378997802734
neutral: 68.0572280883789
sad: 73.54585266113281
neutral: 73.17971801757812
sad: 81.26262664794922
sad: 74.71522521972656
sad: 51.461456298828125
fear: 62.31491470336914
fear: 88.81965637207031
fear: 92.84898376464844
fear: 80.9846420288086
fear: 64.15619659423828
sad: 60.76832580566406
sad: 99.92001342773438
fear: 82.09420776367188
fear: 54.1654167175293
fear: 59.65657424926758
sad: 86.16512298583984
sad: 99.32928466796875
sad: 68.09001922607422
sad: 88.13199615478516
neutral: 82.49090576171875
fear: 43.960391998291016
neutral: 37.054710388183594
sad: 44.1478271484375
sad: 53.31739044189453
sad: 41.792381286621094
neutral: 59.50286865234375
fear: 44.01167297363281
fear: 91.48564147949219
sad: 98.65679931640625
angry: 53.09910583496094
sad: 73.33770751953125
neutral: 79.89876556396484
neutral: 59.75639343261719
fear: 60.84959030151367
neutral: 76.95390319824219
neutral: 78.97412109375
fear: 41.647857666015625
neutral: 93.82510375976562
sad: 81.83528137207031
fear: 58.548255920410156
neutral: 61.74047088623047
sad: 83.19772338867188
sad: 95.97681427001953
neutral: 96.983154296875
sad: 76.22320556640625
sad: 48.77204132080078
fear: 77.62330627441406
fear: 39.07044982910156
sad: 70.25911712646484
sad: 56.86398696899414
angry: 76.943359375
neutral: 98.85985565185547
neutral: 95.50021362304688
neutral: 66.82872772216797
neutral: 50.242977142333984
neutral: 96.53848266601562
sad: 53.298580169677734
sad: 33.09596252441406
surprise: 96.67955017089844
surprise: 55.11749267578125
surprise: 85.59623718261719
surprise: 96.84458923339844
sad: 62.1688232421875
sad: 68.42474365234375
fear: 68.11306762695312
fear: 55.16423034667969
angry: 94.83798217773438
angry: 55.62574005126953
fear: 52.83842849731445
angry: 94.89448547363281
surprise: 38.9387092590332
happy: 79.33345794677734
sad: 75.50418853759766
fear: 37.09885025024414
happy: 45.40519714355469
fear: 55.795265197753906
fear: 70.96466827392578
angry: 38.694705963134766
fear: 99.34970092773438
fear: 99.90767669677734
neutral: 58.539344787597656
sad: 57.76640701293945
neutral: 69.0740737915039
neutral: 38.039764404296875
sad: 98.89102172851562
fear: 47.726497650146484
neutral: 99.05127716064453
neutral: 94.27823638916016
neutral: 93.6498794555664
neutral: 83.23047637939453
sad: 65.07708740234375
sad: 60.07769012451172
neutral: 49.628211975097656
sad: 68.63426971435547
sad: 60.70048904418945
sad: 68.2876205444336
sad: 59.36568832397461
neutral: 84.66588592529297
sad: 42.87866973876953
neutral: 41.16806411743164
fear: 41.88020324707031
sad: 97.6832275390625
sad: 92.3201904296875
sad: 87.3155517578125
sad: 96.02024841308594
sad: 96.60499572753906
neutral: 48.64661407470703
sad: 71.99060821533203
neutral: 45.55364990234375
sad: 73.23806762695312
sad: 45.529659271240234
sad: 52.38084030151367
neutral: 63.66326141357422
neutral: 61.98590850830078
sad: 66.69062042236328
fear: 62.42650604248047
happy: 97.27259063720703
fear: 43.66538619995117
happy: 99.85326385498047
happy: 99.98208618164062
happy: 99.99498748779297
happy: 99.72824096679688
happy: 99.93441772460938
happy: 87.31792449951172
neutral: 50.40669250488281
neutral: 58.96742630004883
happy: 47.26938247680664
sad: 53.25831604003906
sad: 60.175960540771484
neutral: 98.07347869873047
fear: 99.76676177978516
fear: 98.56079864501953
neutral: 42.011932373046875
fear: 88.9377212524414
fear: 99.8432388305664
sad: 34.75698471069336
surprise: 95.79255676269531
surprise: 99.85685729980469
sad: 92.61845397949219
fear: 59.958988189697266
fear: 51.812767028808594
fear: 61.9393424987793
sad: 46.874603271484375
fear: 95.03892517089844
sad: 36.08266067504883
fear: 55.45410919189453
neutral: 61.4517936706543
sad: 72.01937103271484
fear: 49.234771728515625
fear: 92.76514434814453
fear: 64.75096893310547
neutral: 55.907501220703125
neutral: 90.65725708007812
neutral: 95.87876892089844
neutral: 93.79393005371094
neutral: 97.10804748535156
neutral: 90.80441284179688
neutral: 73.8155288696289
neutral: 94.77735137939453
sad: 76.15814208984375
neutral: 43.41630172729492
neutral: 42.604393005371094
neutral: 71.51861572265625
sad: 58.91999435424805
fear: 48.5339469909668
fear: 51.231788635253906
neutral: 85.74596405029297
neutral: 78.1649169921875
sad: 46.46706771850586
sad: 47.044612884521484
sad: 72.74400329589844
sad: 54.827667236328125
sad: 62.71513366699219
angry: 50.914710998535156
angry: 61.33047103881836
fear: 92.25203704833984
fear: 91.93932342529297
fear: 93.70475769042969
fear: 96.48779296875
fear: 96.54837799072266
fear: 90.56575012207031
sad: 84.94050598144531
sad: 87.01004028320312
fear: 96.53136444091797
sad: 73.6911392211914
sad: 49.10756301879883
sad: 68.60200500488281
sad: 97.5831298828125
sad: 65.20149993896484
sad: 83.602294921875
sad: 57.46154022216797
sad: 85.39317321777344
sad: 84.99243927001953
neutral: 74.96001434326172
fear: 79.08895111083984
fear: 99.71146392822266
sad: 40.250301361083984
sad: 71.58296203613281
neutral: 61.02826690673828
sad: 67.4935302734375
fear: 83.18584442138672
fear: 75.20500946044922
sad: 63.587158203125
fear: 49.92250442504883
fear: 74.69627380371094
neutral: 44.5896110534668
neutral: 93.84709930419922
neutral: 56.211952209472656
neutral: 60.78482437133789
neutral: 88.7393569946289
sad: 70.12593841552734
sad: 58.06343460083008
fear: 85.11736297607422
fear: 73.31643676757812
fear: 75.58657836914062
sad: 80.06482696533203
sad: 38.688987731933594
fear: 51.53340530395508
fear: 48.96024703979492
fear: 69.30769348144531
fear: 96.45677947998047
sad: 97.35073852539062
sad: 49.72856521606445
fear: 88.26302337646484
sad: 82.21955108642578
sad: 88.05992889404297
sad: 99.43807983398438
sad: 91.94824981689453
sad: 68.27607727050781
sad: 56.35893630981445
sad: 57.69870376586914
sad: 43.608497619628906
fear: 93.84559631347656
sad: 66.0643310546875
sad: 96.33348846435547
sad: 80.37118530273438
sad: 66.35319519042969
fear: 96.57884979248047
neutral: 68.1427001953125
fear: 42.3536262512207
neutral: 56.39567565917969
neutral: 69.23172760009766
neutral: 34.42107391357422
neutral: 67.4573745727539
sad: 48.294952392578125
sad: 65.4600830078125
fear: 67.35161590576172
fear: 53.75883483886719
fear: 59.02631378173828
sad: 47.94475173950195
fear: 65.58930206298828
fear: 98.84981536865234
fear: 94.81892395019531
fear: 80.92201232910156
fear: 87.1210708618164
fear: 87.22386169433594
fear: 82.61665344238281
fear: 83.5001449584961
fear: 87.82601165771484
fear: 82.20393371582031
fear: 85.15222930908203
fear: 82.27338409423828
fear: 79.802001953125
fear: 73.9909896850586
sad: 58.8681526184082
fear: 79.9544906616211
sad: 92.3427734375
sad: 61.01116943359375
neutral: 100.0
sad: 98.54763793945312
neutral: 81.3952407836914
happy: 98.70310974121094
happy: 99.87317657470703
happy: 98.03370666503906
happy: 96.72918701171875
happy: 97.33653259277344
happy: 96.32530212402344
happy: 93.93682098388672
happy: 94.58261108398438
happy: 93.16229248046875
happy: 89.21024322509766
happy: 93.35540771484375
happy: 97.73643493652344
happy: 96.92440032958984
happy: 98.4612808227539
happy: 97.23252868652344
happy: 98.42604064941406
happy: 98.3841781616211
happy: 98.21755981445312
happy: 98.02042388916016
happy: 97.81587982177734
happy: 98.75157928466797
happy: 98.60292053222656
happy: 98.34209442138672
happy: 98.24299621582031
happy: 98.33743286132812
happy: 97.91549682617188
happy: 97.5225601196289
happy: 98.61125946044922
happy: 98.65239715576172
happy: 98.68128967285156
happy: 98.36373901367188
happy: 98.3163070678711
happy: 98.57275390625
happy: 97.97980499267578
happy: 97.65509033203125
happy: 97.60991668701172
happy: 98.58916473388672
happy: 99.0031967163086
happy: 98.68012237548828
happy: 98.20523071289062
happy: 97.01446533203125
happy: 98.05838012695312
happy: 98.3407211303711
happy: 97.9347915649414
happy: 98.48590850830078
happy: 98.39849090576172
happy: 98.54966735839844
happy: 96.76741790771484
happy: 97.68199920654297
happy: 98.36184692382812
happy: 98.45724487304688
happy: 99.2325210571289
happy: 98.4063949584961
happy: 98.54669189453125
happy: 98.25592041015625
happy: 98.03512573242188
happy: 98.37215423583984
happy: 98.82861328125
happy: 98.50627136230469
happy: 97.64459228515625
happy: 98.50113677978516
happy: 98.07695007324219
happy: 98.96967315673828
happy: 97.8255844116211
happy: 96.20808410644531
happy: 97.46285247802734
happy: 99.28092956542969
happy: 99.07672119140625
happy: 98.22416687011719
happy: 98.9385757446289
happy: 98.22344970703125
happy: 98.21589660644531
happy: 98.57515716552734
happy: 98.66604614257812
happy: 97.99073791503906
happy: 98.02008819580078
happy: 98.44193267822266
happy: 97.91397857666016
happy: 98.16767883300781
happy: 98.55229187011719
happy: 98.20541381835938
happy: 98.88174438476562
happy: 98.80862426757812
happy: 99.37043762207031
happy: 98.89299011230469
happy: 98.5967025756836
happy: 98.77325439453125
happy: 99.26286315917969
happy: 98.18402099609375
happy: 98.43851470947266
happy: 99.07767486572266
happy: 98.51716613769531
happy: 98.57376098632812
happy: 98.93553924560547
happy: 99.11959838867188
happy: 99.2339859008789
happy: 99.14508819580078
happy: 98.54991149902344
happy: 99.14688110351562
happy: 98.21672058105469
happy: 98.52217102050781
happy: 99.2271728515625
happy: 98.83259582519531
happy: 98.04798126220703
happy: 98.69972229003906
happy: 98.4583511352539
happy: 98.11465454101562
happy: 98.84661865234375
happy: 99.15766906738281
happy: 98.86418151855469
happy: 99.03367614746094
happy: 98.9291000366211
happy: 99.1728286743164
happy: 98.69463348388672
happy: 98.30364227294922
happy: 99.01644897460938
happy: 99.00245666503906
happy: 98.99049377441406
happy: 98.8647232055664
happy: 99.2154312133789
happy: 99.31847381591797
happy: 99.19113159179688
happy: 98.90210723876953
happy: 99.06836700439453
happy: 99.45890808105469
happy: 98.7837905883789
happy: 99.09849548339844
happy: 99.23796844482422
happy: 98.93999481201172
happy: 99.02377319335938
happy: 98.32756042480469
happy: 98.4778060913086
happy: 98.6767578125
happy: 97.68596649169922
happy: 98.52169036865234
happy: 98.81243896484375
happy: 98.42886352539062
happy: 98.75758361816406
happy: 98.87271118164062
happy: 98.48704528808594
happy: 98.8218765258789
happy: 98.67849731445312
happy: 98.55429077148438
happy: 98.95948028564453
happy: 98.386962890625
happy: 98.34577178955078
happy: 98.44121551513672
happy: 98.48928833007812
happy: 99.06674194335938
happy: 98.84896850585938
happy: 98.632080078125
happy: 97.50414276123047
happy: 98.28117370605469
happy: 98.73262023925781
happy: 98.50032043457031
happy: 98.35072326660156
happy: 97.73448944091797
happy: 98.4515151977539
happy: 98.20539093017578
happy: 98.6348876953125
happy: 98.57427215576172
happy: 98.20838165283203
happy: 98.30397033691406
happy: 98.50936889648438
happy: 98.41851806640625
happy: 98.82417297363281
happy: 98.34654998779297
happy: 98.6106948852539
happy: 98.50885772705078
happy: 98.00698852539062
happy: 98.90933990478516
happy: 98.50418090820312
happy: 98.53536987304688
happy: 98.33535766601562
happy: 97.30183410644531
happy: 97.80945587158203
happy: 97.62358093261719
happy: 97.99937438964844
happy: 97.81752014160156
happy: 97.43077850341797
happy: 98.18408966064453
happy: 97.794921875
happy: 97.87101745605469
happy: 98.30525207519531
happy: 98.15726470947266
happy: 97.58716583251953
happy: 98.24874877929688
happy: 98.34497833251953
happy: 97.73018646240234
happy: 98.33747100830078
happy: 97.32001495361328
happy: 97.55142211914062
happy: 97.2041015625
happy: 96.89601135253906
happy: 97.55706787109375
happy: 97.55570220947266
happy: 97.16706848144531
happy: 96.7002944946289
happy: 97.55452728271484
happy: 97.75138854980469
happy: 97.0923843383789
happy: 98.24868774414062
happy: 96.47412872314453
happy: 97.49430847167969
happy: 97.18460083007812
happy: 96.47602844238281
happy: 97.82331848144531
happy: 97.33826446533203
happy: 96.71495819091797
happy: 96.56245422363281
happy: 95.15919494628906
happy: 97.57141876220703
happy: 97.56212615966797
happy: 97.08699035644531
happy: 97.61577606201172
happy: 96.39728546142578
happy: 97.3365249633789
happy: 95.96851348876953
happy: 97.31935119628906
happy: 97.42376708984375
happy: 97.01226043701172
happy: 96.75224304199219
happy: 97.1600341796875
happy: 96.41129302978516
happy: 96.24816131591797
happy: 97.40956115722656
happy: 94.66254425048828
happy: 97.22673034667969
happy: 96.54251098632812
happy: 96.27372741699219
happy: 96.57942199707031
happy: 95.73580169677734
happy: 97.38490295410156
happy: 96.09098052978516
happy: 95.51515197753906
happy: 96.79959869384766
happy: 96.02376556396484
happy: 95.8072509765625
happy: 96.16453552246094
happy: 98.00511932373047
happy: 95.60880279541016
happy: 96.83440399169922
happy: 95.08056640625
happy: 96.75984954833984
happy: 96.36642456054688
happy: 96.23883056640625
happy: 96.50347900390625
happy: 96.37052154541016
happy: 96.17045593261719
happy: 95.84307861328125
happy: 96.66117095947266
happy: 95.53848266601562
happy: 95.57828521728516
happy: 96.11518096923828
happy: 96.0792465209961
happy: 96.90208435058594
happy: 96.78701782226562
happy: 96.09903717041016
happy: 96.29228210449219
happy: 95.1785888671875
happy: 95.66129302978516
happy: 94.76544952392578
happy: 93.94251251220703
happy: 95.33145904541016
happy: 97.06775665283203
happy: 94.95709228515625
happy: 93.96276092529297
happy: 94.90807342529297
happy: 94.31851959228516
happy: 95.55389404296875
happy: 94.14482116699219
happy: 96.13127136230469
happy: 94.95185852050781
happy: 94.4880142211914
happy: 95.18254089355469
happy: 93.11881256103516
happy: 93.21100616455078
happy: 95.7153549194336
happy: 93.9573745727539
happy: 93.81391906738281
happy: 93.7052001953125
happy: 93.77549743652344
happy: 94.84014892578125
happy: 94.96186065673828
happy: 95.75904846191406
happy: 96.14356231689453
happy: 94.07768249511719
happy: 93.4448013305664
happy: 93.30286407470703
happy: 93.254638671875
happy: 94.39482879638672
happy: 92.88799285888672
happy: 92.59265899658203
happy: 91.97344970703125
happy: 90.21178436279297
happy: 89.9512939453125
happy: 91.74321746826172
happy: 90.81378936767578
happy: 92.51405334472656
happy: 93.77838134765625
happy: 94.81190490722656
happy: 93.6122817993164
happy: 92.44355773925781
happy: 89.62319946289062
happy: 91.84819793701172
happy: 92.40511322021484
happy: 92.73118591308594
happy: 93.7151107788086
happy: 93.244140625
happy: 92.1545181274414
happy: 92.71586608886719
happy: 88.37418365478516
happy: 90.68457794189453
happy: 89.03251647949219
happy: 86.10775756835938
happy: 88.260009765625
happy: 87.05357360839844
happy: 89.541015625
happy: 87.86669158935547
happy: 87.38558959960938
happy: 85.45970916748047
happy: 89.67548370361328
happy: 84.35773468017578
happy: 86.09439849853516
happy: 90.17948150634766
happy: 90.80711364746094
happy: 88.6930160522461
happy: 90.5035171508789
happy: 88.40232849121094
happy: 90.53662872314453
happy: 92.75605773925781
happy: 90.64524841308594
happy: 90.99755096435547
happy: 88.61014556884766
happy: 87.77339172363281
happy: 92.09810638427734
happy: 88.00822448730469
happy: 85.72615814208984
happy: 87.85002136230469
happy: 89.0125732421875
happy: 85.98377990722656
happy: 85.7386703491211
happy: 87.4241714477539
happy: 85.35362243652344
happy: 90.91019439697266
happy: 88.74309539794922
happy: 88.96028137207031
happy: 88.62944030761719
happy: 91.31716918945312
happy: 91.62940979003906
happy: 91.97511291503906
happy: 92.55269622802734
happy: 87.86705780029297
happy: 90.75765228271484
happy: 92.9586181640625
happy: 93.9509506225586
happy: 92.59542083740234
happy: 91.55516815185547
happy: 91.26038360595703
happy: 91.54337310791016
happy: 92.29320526123047
happy: 88.90326690673828
happy: 93.15204620361328
happy: 88.58589172363281
happy: 87.48461151123047
happy: 87.69625091552734
happy: 89.19712829589844
happy: 81.10298919677734
happy: 84.946533203125
happy: 84.28620910644531
happy: 87.26797485351562
happy: 85.95442962646484
happy: 83.95890808105469
happy: 72.2926254272461
happy: 83.55641174316406
happy: 76.06855010986328
happy: 78.85676574707031
happy: 74.1007308959961
happy: 81.13904571533203
happy: 81.83344268798828
happy: 74.90021514892578
happy: 75.75910186767578
happy: 78.7950668334961
happy: 74.02252197265625
happy: 72.25874328613281
happy: 74.03855895996094
happy: 80.28643035888672
happy: 76.19034576416016
happy: 71.12557220458984
happy: 75.96410369873047
happy: 73.79254150390625
happy: 80.63594818115234
happy: 80.57804107666016
happy: 72.91841125488281
happy: 80.64518737792969
happy: 79.96266174316406
happy: 82.51998901367188
happy: 80.15470123291016
happy: 83.1014633178711
happy: 77.64946746826172
happy: 77.83168029785156
happy: 79.87352752685547
happy: 76.99081420898438
happy: 72.48252868652344
happy: 75.89115905761719
happy: 79.24691772460938
happy: 81.12421417236328
happy: 77.19186401367188
happy: 77.77729034423828
happy: 74.09850311279297
happy: 73.94319915771484
happy: 71.92400360107422
happy: 78.42420959472656
happy: 77.52516174316406
happy: 81.45819854736328
happy: 86.38385009765625
happy: 88.87207794189453
happy: 82.92259979248047
happy: 84.65898132324219
happy: 80.25846862792969
happy: 83.67076873779297
happy: 83.03668212890625
happy: 78.0739974975586
happy: 88.65557098388672
happy: 80.98958587646484
happy: 86.47544860839844
happy: 89.44880676269531
happy: 90.43299865722656
happy: 85.69444274902344
happy: 86.880126953125
happy: 89.07157135009766
happy: 99.86898803710938
neutral: 74.23771667480469
neutral: 89.24945831298828
sad: 69.97962188720703
sad: 86.06121826171875
sad: 56.92112350463867
angry: 42.645408630371094
neutral: 49.29283905029297
sad: 35.075679779052734
fear: 99.33613586425781
fear: 48.56389617919922
fear: 79.86441040039062
angry: 69.93953704833984
angry: 98.46863555908203
sad: 84.05387878417969
fear: 52.563133239746094
neutral: 63.8715934753418
angry: 100.0
angry: 99.99996948242188
angry: 99.9999771118164
angry: 99.99838256835938
angry: 99.99983215332031
angry: 99.9967041015625
angry: 99.99278259277344
angry: 99.99800109863281
angry: 99.99964141845703
angry: 99.99989318847656
angry: 99.99996948242188
fear: 98.93098449707031
angry: 99.99996185302734
fear: 93.83488464355469
happy: 99.66058349609375
angry: 99.99872589111328
angry: 99.9989013671875
angry: 100.0
angry: 99.55534362792969
angry: 99.95923614501953
angry: 99.98587799072266
sad: 99.66223907470703
angry: 99.99713134765625
angry: 99.99105834960938
angry: 99.98377227783203
angry: 99.98762512207031
angry: 99.99626922607422
angry: 99.9964828491211
angry: 100.0
angry: 100.0
angry: 99.9999771118164
angry: 99.9996337890625
angry: 97.57514953613281
angry: 99.2581787109375
angry: 99.91667938232422
angry: 99.98625183105469
angry: 99.97799682617188
angry: 99.94532775878906
angry: 99.95699310302734
angry: 99.98104858398438
angry: 99.99706268310547
angry: 99.99447631835938
angry: 99.99800872802734
angry: 99.99854278564453
angry: 99.99896240234375
angry: 99.99983978271484
angry: 99.9998550415039
angry: 99.99987030029297
angry: 99.9998779296875
angry: 99.9998550415039
angry: 99.9998550415039
angry: 99.9998779296875
angry: 99.99990844726562
angry: 99.9998779296875
sad: 84.67414855957031
neutral: 98.4917984008789
neutral: 49.35477828979492
neutral: 93.04029846191406
angry: 99.99857330322266
angry: 99.99826049804688
angry: 99.99848937988281
angry: 99.99811553955078
angry: 99.99837493896484
angry: 99.99811553955078
angry: 99.99955749511719
angry: 99.9992904663086
angry: 99.99933624267578
angry: 99.99811553955078
angry: 99.99750518798828
angry: 99.99539184570312
angry: 99.99940490722656
angry: 99.99681854248047
angry: 99.99947357177734
neutral: 90.89527893066406
neutral: 78.7582015991211
happy: 58.96411895751953
neutral: 88.05267333984375
neutral: 90.90394592285156
neutral: 99.17569732666016
neutral: 94.17925262451172
neutral: 83.43985748291016
neutral: 98.84367370605469
neutral: 96.27731323242188
neutral: 85.87510681152344
neutral: 91.08118438720703
neutral: 95.04969024658203
neutral: 85.53854370117188
neutral: 84.9096908569336
neutral: 95.89306640625
neutral: 97.36474609375
neutral: 96.69761657714844
neutral: 98.68539428710938
neutral: 89.22591400146484
neutral: 81.76521301269531
neutral: 90.2400131225586
neutral: 78.06966400146484
happy: 51.955596923828125
angry: 99.95741271972656
angry: 99.99911499023438
angry: 99.99876403808594
angry: 99.98603820800781
angry: 99.96611785888672
angry: 99.96046447753906
angry: 99.93875122070312
angry: 99.98594665527344
angry: 99.88819885253906
angry: 99.87461853027344
angry: 99.89622497558594
angry: 99.98884582519531
angry: 99.99442291259766
angry: 99.99960327148438
angry: 99.99634552001953
angry: 99.997802734375
angry: 99.99551391601562
angry: 99.99687194824219
angry: 99.99681854248047
angry: 99.99697875976562
angry: 99.99747467041016
angry: 99.99888610839844
angry: 99.99949645996094
angry: 99.99982452392578
angry: 99.99955749511719
angry: 99.999755859375
angry: 99.99957275390625
angry: 99.99977111816406
angry: 99.99983215332031
angry: 99.99986267089844
angry: 99.99990844726562
angry: 99.99962615966797
sad: 49.4156379699707
neutral: 39.317237854003906
sad: 46.02603530883789
neutral: 38.2622184753418
neutral: 70.4141616821289
neutral: 66.79130554199219
neutral: 70.36382293701172
neutral: 59.611610412597656
neutral: 87.68804168701172
neutral: 82.55866241455078
neutral: 76.21595001220703
neutral: 91.27815246582031
neutral: 74.67912292480469
neutral: 56.55608367919922
neutral: 68.79707336425781
neutral: 51.83297348022461
neutral: 76.57515716552734
neutral: 46.78004837036133
neutral: 45.927886962890625
neutral: 50.197689056396484
fear: 46.213985443115234
sad: 95.77906036376953
sad: 89.95121002197266
sad: 49.430511474609375
sad: 66.00098419189453
sad: 91.15023803710938
angry: 82.63111114501953
neutral: 94.35997009277344
angry: 99.95785522460938
sad: 88.38905334472656
fear: 88.74214935302734
angry: 99.98849487304688
fear: 99.99279022216797
fear: 77.82256317138672
sad: 57.91596603393555
surprise: 70.73665618896484
sad: 86.89588165283203
sad: 54.63671112060547
neutral: 73.40076446533203
fear: 99.0860366821289
fear: 95.65679168701172
fear: 89.58771514892578
fear: 99.75408172607422
fear: 99.62680053710938
fear: 99.8388671875
fear: 99.77289581298828
fear: 99.89891052246094
fear: 99.9005126953125
fear: 99.93846130371094
fear: 98.50884246826172
fear: 58.60316467285156
neutral: 90.00289916992188
neutral: 97.61106872558594
neutral: 98.8255386352539
neutral: 98.46116638183594
neutral: 43.86416244506836
neutral: 81.95198059082031
sad: 50.62791061401367
fear: 96.51970672607422
fear: 98.89580535888672
fear: 95.17620849609375
neutral: 65.38182830810547
fear: 53.722415924072266
sad: 87.36775207519531
neutral: 89.33633422851562
neutral: 59.38783264160156
neutral: 72.05948638916016
fear: 73.92762756347656
sad: 68.97318267822266
neutral: 69.31919860839844
neutral: 63.9775505065918
neutral: 72.03775787353516
fear: 54.01636505126953
angry: 62.925498962402344
angry: 71.19602966308594
sad: 35.18195343017578
fear: 53.70308303833008
neutral: 95.35464477539062
neutral: 35.699302673339844
neutral: 55.68883514404297
sad: 62.756900787353516
neutral: 91.88349914550781
sad: 50.132965087890625
fear: 50.857269287109375
neutral: 99.66233825683594
neutral: 99.94963073730469
neutral: 99.27770233154297
happy: 83.99407196044922
sad: 45.36091232299805
happy: 76.87137603759766
happy: 97.94219207763672
sad: 98.57052612304688
sad: 85.60150146484375
sad: 98.48311614990234
sad: 98.39078521728516
happy: 93.16529846191406
happy: 88.6087875366211
happy: 99.99201965332031
happy: 99.16111755371094
sad: 86.83976745605469
sad: 91.19470977783203
sad: 69.89677429199219
happy: 99.70407104492188
happy: 99.49821472167969
sad: 50.97997283935547
happy: 99.9656753540039
fear: 36.54389953613281
sad: 87.77068328857422
fear: 87.38555145263672
happy: 75.31175994873047
neutral: 96.48191833496094
happy: 49.61739730834961
fear: 55.49772644042969
fear: 77.2079086303711
fear: 54.26921081542969
neutral: 81.55126953125
fear: 89.9884262084961
fear: 87.5918197631836
happy: 99.39148712158203
fear: 61.93120193481445
fear: 34.855560302734375
surprise: 70.79943084716797
surprise: 57.95394515991211
surprise: 58.356048583984375
fear: 52.73659896850586
surprise: 66.07295227050781
fear: 35.39746856689453
neutral: 53.9744987487793
fear: 52.8550910949707
sad: 72.96248626708984
neutral: 74.68208312988281
neutral: 94.03684997558594
neutral: 89.9245834350586
fear: 36.817771911621094
angry: 29.356098175048828
sad: 98.25318908691406
happy: 90.9871597290039
fear: 46.10125732421875
neutral: 99.83460998535156
neutral: 67.3036117553711
happy: 99.98966217041016
happy: 99.9734878540039
happy: 99.1630859375
happy: 99.40818786621094
happy: 99.99899291992188
happy: 99.9996566772461
happy: 99.99886322021484
happy: 95.98701477050781
neutral: 97.92784881591797
happy: 98.77494812011719
neutral: 98.6056900024414
sad: 98.94172668457031
neutral: 73.82083892822266
fear: 66.48760223388672
neutral: 65.09229278564453
neutral: 44.81055450439453
neutral: 60.21054458618164
neutral: 77.91259002685547
sad: 69.05904388427734
neutral: 91.79883575439453
neutral: 41.4870719909668
sad: 56.003929138183594
sad: 77.53299713134766
neutral: 56.413639068603516
sad: 81.55432891845703
neutral: 84.97059631347656
neutral: 48.76357650756836
surprise: 46.608848571777344
neutral: 79.38609313964844
neutral: 82.64849090576172
sad: 60.494842529296875
sad: 37.33063888549805
sad: 83.22078704833984
fear: 53.807655334472656
fear: 84.0365982055664
fear: 91.36486053466797
neutral: 79.55999755859375
neutral: 77.0422134399414
neutral: 42.837379455566406
happy: 63.545101165771484
sad: 97.25033569335938
sad: 47.46671676635742
sad: 52.0424690246582
sad: 44.41522979736328
sad: 49.222190856933594
fear: 53.23501205444336
neutral: 78.66751861572266
fear: 87.17908477783203
fear: 51.81647872924805
neutral: 79.9052734375
neutral: 99.782958984375
neutral: 47.86819076538086
sad: 46.53163146972656
fear: 88.55899047851562
fear: 68.17843627929688
neutral: 81.33412170410156
neutral: 99.56614685058594
neutral: 99.69231414794922
neutral: 95.72184753417969
happy: 99.80049896240234
neutral: 99.36388397216797
neutral: 72.14615631103516
neutral: 99.97147369384766
neutral: 93.79473114013672
neutral: 88.28495788574219
fear: 60.46162033081055
sad: 82.76310729980469
fear: 45.343387603759766
fear: 77.28199005126953
sad: 60.2675666809082
happy: 70.9234619140625
neutral: 64.73863983154297
neutral: 98.12403869628906
neutral: 80.06887817382812
neutral: 79.44375610351562
neutral: 86.70869445800781
sad: 88.45712280273438
happy: 51.200984954833984
sad: 99.9980697631836
happy: 97.60492706298828
neutral: 91.74190521240234
happy: 99.38545227050781
fear: 95.45899963378906
sad: 50.96687698364258
neutral: 99.5395278930664
fear: 95.48402404785156
fear: 41.82829284667969
sad: 77.78679656982422
fear: 86.2226333618164
neutral: 99.99726104736328
neutral: 73.8536605834961
neutral: 73.42704010009766
neutral: 99.31673431396484
fear: 72.76869201660156
fear: 87.95984649658203
fear: 79.20830535888672
neutral: 53.66062545776367
sad: 82.28792572021484
neutral: 98.11012268066406
happy: 61.451595306396484
sad: 81.36766815185547
fear: 99.40530395507812
sad: 94.66719818115234
fear: 95.28009796142578
fear: 72.03913116455078
fear: 76.4217300415039
neutral: 84.31414031982422
surprise: 57.25414276123047
neutral: 45.48731231689453
fear: 60.234378814697266
neutral: 58.845340728759766
neutral: 93.98703002929688
neutral: 99.6792984008789
happy: 78.67923736572266
neutral: 98.06597137451172
neutral: 84.20043182373047
neutral: 93.43801879882812
neutral: 92.96027374267578
neutral: 79.27579498291016
neutral: 76.54373931884766
neutral: 70.24772644042969
fear: 48.22671890258789
fear: 68.78192901611328
fear: 64.79877471923828
neutral: 57.900123596191406
fear: 42.76622772216797
neutral: 49.31269836425781
neutral: 63.840702056884766
fear: 40.243690490722656
neutral: 49.70035934448242
neutral: 66.99054718017578
neutral: 74.92335510253906
fear: 81.69322204589844
fear: 80.81866455078125
fear: 74.31346130371094
surprise: 42.507022857666016
neutral: 49.337337493896484
happy: 99.55967712402344
happy: 97.64442443847656
happy: 98.68458557128906
neutral: 48.79709243774414
neutral: 94.01576232910156
neutral: 61.01261901855469
neutral: 88.9921646118164
neutral: 80.86248016357422
neutral: 88.02435302734375
neutral: 98.33162689208984
neutral: 97.00474548339844
neutral: 92.41389465332031
neutral: 94.91046142578125
happy: 85.33812713623047
neutral: 74.07823944091797
fear: 85.48568725585938
happy: 89.99339294433594
happy: 94.82328796386719
happy: 82.57762145996094
happy: 96.30685424804688
happy: 87.60437774658203
happy: 78.78823852539062
happy: 91.8069076538086
neutral: 50.34061813354492
fear: 79.3766860961914
neutral: 46.48186111450195
surprise: 65.08716583251953
surprise: 45.30672073364258
fear: 48.58021926879883
fear: 66.71215057373047
fear: 87.54244995117188
fear: 64.04703521728516
fear: 79.40875244140625
fear: 87.59041595458984
fear: 68.19073486328125
fear: 81.2969970703125
fear: 77.85271453857422
fear: 61.66884231567383
fear: 77.47589874267578
fear: 79.02217864990234
fear: 68.59962463378906
fear: 66.3349838256836
fear: 47.18208694458008
fear: 52.111148834228516
fear: 41.1718635559082
fear: 79.13408660888672
happy: 55.09699630737305
fear: 46.672401428222656
happy: 95.54825592041016
happy: 98.20653533935547
happy: 92.35759735107422
happy: 83.64064025878906
happy: 84.18206787109375
neutral: 59.47787094116211
fear: 40.60893630981445
neutral: 89.9481201171875
fear: 80.70075225830078
fear: 63.860164642333984
fear: 83.82024383544922
fear: 42.37104415893555
fear: 63.1605224609375
sad: 47.8571891784668
sad: 62.544273376464844
happy: 99.90988159179688
fear: 42.22447967529297
sad: 77.1320571899414
happy: 54.948204040527344
sad: 92.23553466796875
happy: 99.57586669921875
sad: 59.530033111572266
sad: 94.35651397705078
sad: 62.8134651184082
fear: 93.1038589477539
happy: 48.37321853637695
happy: 57.57598114013672
fear: 98.74117279052734
happy: 99.99993133544922
fear: 73.86727142333984
fear: 66.17349243164062
fear: 69.2591552734375
sad: 44.381813049316406
neutral: 49.376800537109375
neutral: 75.43904876708984
neutral: 60.50693893432617
neutral: 90.00785827636719
neutral: 60.798152923583984
neutral: 72.67976379394531
neutral: 75.12704467773438
fear: 62.391578674316406
happy: 66.6380386352539
sad: 44.95669937133789
neutral: 88.40900421142578
happy: 90.58760833740234
fear: 90.73082733154297
sad: 52.161441802978516
sad: 82.0363540649414
fear: 47.150028228759766
sad: 69.18190002441406
fear: 70.35990142822266
fear: 82.38204956054688
fear: 68.5143814086914
fear: 76.46159362792969
fear: 69.8443832397461
sad: 79.36279296875
fear: 81.82669067382812
sad: 64.4167251586914
fear: 73.71440124511719
neutral: 58.723716735839844
neutral: 62.01013946533203
sad: 46.863128662109375
neutral: 54.842655181884766
neutral: 80.21371459960938
sad: 51.323570251464844
fear: 35.0310173034668
surprise: 44.51768493652344
neutral: 65.91253662109375
surprise: 38.97212600708008
neutral: 37.90564727783203
neutral: 88.8378677368164
neutral: 39.735504150390625
sad: 47.79960250854492
fear: 55.6156005859375
neutral: 50.15060806274414
fear: 77.66145324707031
neutral: 94.29779815673828
neutral: 69.0374526977539
neutral: 97.59394836425781
neutral: 92.84701538085938
sad: 60.36100387573242
sad: 46.15007781982422
sad: 67.47340393066406
fear: 97.1773452758789
sad: 82.6917953491211
neutral: 65.66851043701172
fear: 78.60108947753906
fear: 56.38570785522461
fear: 64.4892349243164
fear: 54.64606857299805
happy: 86.30615997314453
neutral: 67.49431610107422
fear: 43.035118103027344
sad: 49.173118591308594
sad: 94.55360412597656
sad: 98.43548583984375
fear: 98.23849487304688
sad: 91.9556655883789
neutral: 66.89661407470703
fear: 58.963226318359375
happy: 99.76476287841797
neutral: 56.70671463012695
neutral: 42.417579650878906
neutral: 39.17570877075195
sad: 56.98875427246094
sad: 58.18994903564453
sad: 92.0355224609375
fear: 44.625553131103516
sad: 69.49057006835938
sad: 44.12506103515625
neutral: 42.758487701416016
sad: 87.25836181640625
fear: 59.03661346435547
fear: 53.14257049560547
sad: 53.9619026184082
neutral: 40.721126556396484
sad: 55.6109619140625
sad: 83.17562866210938
sad: 66.31389617919922
sad: 61.62734603881836
neutral: 75.14132690429688
sad: 46.08212661743164
sad: 74.63377380371094
sad: 84.36256408691406
neutral: 99.811767578125
neutral: 58.19993591308594
fear: 59.055416107177734
fear: 57.91256332397461
fear: 66.47840881347656
neutral: 56.59068298339844
sad: 42.94134521484375
neutral: 97.99203491210938
neutral: 97.08158111572266
sad: 46.621002197265625
neutral: 43.87614440917969
fear: 80.06716918945312
fear: 85.62194061279297
fear: 90.50822448730469
fear: 51.62178421020508
fear: 94.22773742675781
fear: 97.23621368408203
sad: 67.38301849365234
neutral: 84.21563720703125
sad: 51.18336868286133
sad: 45.91149139404297
happy: 99.96698760986328
fear: 91.67156219482422
fear: 71.4558334350586
fear: 91.03695678710938
fear: 76.75890350341797
sad: 35.31414794921875
neutral: 77.89727783203125
sad: 75.66370391845703
happy: 99.9814682006836
fear: 98.3863296508789
fear: 99.2716293334961
fear: 77.48950958251953
fear: 93.79598236083984
fear: 94.16606140136719
fear: 98.03997039794922
sad: 99.7892074584961
neutral: 99.99309539794922
sad: 99.92328643798828
sad: 99.96668243408203
sad: 99.98542022705078
sad: 99.89649963378906
neutral: 97.76160430908203
neutral: 98.3187255859375
neutral: 96.77229309082031
sad: 99.9828872680664
sad: 99.95528411865234
neutral: 99.98383331298828
neutral: 99.9866714477539
sad: 99.88447570800781
sad: 99.95982360839844
sad: 99.96698760986328
sad: 99.97711181640625
neutral: 95.77798461914062
neutral: 40.21705627441406
neutral: 87.77833557128906
neutral: 95.31395721435547
sad: 96.56761932373047
sad: 99.94928741455078
sad: 99.99412536621094
sad: 99.98554992675781
sad: 99.9734115600586
neutral: 99.82170104980469
neutral: 90.83245086669922
sad: 52.961021423339844
sad: 74.85893249511719
sad: 91.01212310791016
sad: 93.55620574951172
sad: 93.6664047241211
sad: 95.32910919189453
neutral: 99.9996337890625
sad: 99.9877700805664
sad: 97.55171966552734
fear: 93.9719009399414
fear: 88.09781646728516
fear: 86.48340606689453
fear: 99.95293426513672
fear: 99.9680404663086
fear: 99.97175598144531
happy: 99.9998550415039
fear: 99.34325408935547
sad: 97.06907653808594
neutral: 53.510963439941406
sad: 88.75279998779297
sad: 80.35950469970703
fear: 96.5992660522461
neutral: 88.16481018066406
sad: 56.00013732910156
fear: 55.27143478393555
sad: 97.35668182373047
sad: 97.70147705078125
sad: 98.67739868164062
sad: 94.9448471069336
sad: 97.10611724853516
sad: 97.53778839111328
sad: 93.52458190917969
sad: 97.37667083740234
sad: 98.37210083007812
sad: 95.04800415039062
sad: 93.75308227539062
sad: 94.21607208251953
sad: 95.33979797363281
sad: 49.24630355834961
sad: 53.63420104980469
fear: 68.30374145507812
sad: 53.823238372802734
fear: 99.40852355957031
fear: 99.46551513671875
fear: 97.18700408935547
sad: 86.78105163574219
fear: 92.2295150756836
sad: 79.12015533447266
sad: 76.74305725097656
sad: 90.55268096923828
sad: 76.7854232788086
sad: 96.39568328857422
sad: 88.6163101196289
sad: 43.04988098144531
sad: 74.31684112548828
sad: 98.1411361694336
sad: 92.57209777832031
sad: 98.17486572265625
sad: 95.95950317382812
sad: 83.5251235961914
sad: 93.87225341796875
sad: 78.84635162353516
sad: 94.77711486816406
sad: 97.92334747314453
sad: 89.89757537841797
sad: 79.96791076660156
sad: 92.6888427734375
sad: 94.27716064453125
sad: 84.0635986328125
sad: 90.08251953125
sad: 93.06617736816406
sad: 85.74681854248047
sad: 87.19662475585938
sad: 81.22335815429688
fear: 99.79389190673828
fear: 99.86296844482422
sad: 85.35598754882812
sad: 89.18905639648438
sad: 94.82444763183594
sad: 98.57797241210938
sad: 92.61385345458984
sad: 81.32820892333984
sad: 79.84983825683594
sad: 78.11359405517578
sad: 91.87826538085938
sad: 95.54531860351562
sad: 71.2840576171875
sad: 95.03592681884766
sad: 88.46086120605469
sad: 91.38668060302734
sad: 96.74504089355469
fear: 98.17051696777344
sad: 87.80696868896484
fear: 99.13794708251953
fear: 98.71855163574219
fear: 99.60474395751953
fear: 99.62710571289062
fear: 99.17984008789062
fear: 99.22596740722656
fear: 98.0264892578125
fear: 98.53170013427734
sad: 91.86165618896484
sad: 93.9554443359375
sad: 97.7082290649414
fear: 94.20211791992188
sad: 80.1075210571289
fear: 96.72023010253906
sad: 86.64381408691406
fear: 88.92202758789062
fear: 93.79065704345703
fear: 89.2347183227539
fear: 95.7780990600586
sad: 98.1421890258789
sad: 96.03475189208984
sad: 96.50405883789062
sad: 97.87828063964844
sad: 97.13141632080078
fear: 45.50895690917969
fear: 49.94245147705078
fear: 77.5484619140625
fear: 93.10189819335938
fear: 99.6835708618164
fear: 99.07030487060547
fear: 96.2233657836914
sad: 99.55997467041016
fear: 98.34567260742188
sad: 97.87718963623047
sad: 91.500244140625
sad: 99.56509399414062
neutral: 42.90830993652344
fear: 89.39775848388672
sad: 80.75724029541016
fear: 86.41934204101562
fear: 90.88273620605469
happy: 86.29253387451172
fear: 95.54398345947266
fear: 94.10609436035156
fear: 85.37290954589844
fear: 80.98241424560547
fear: 86.4041976928711
fear: 78.27495574951172
fear: 99.2498779296875
fear: 73.13750457763672
sad: 90.29887390136719
fear: 87.84019470214844
fear: 73.8943862915039
fear: 73.81217956542969
fear: 92.01963806152344
fear: 92.83955383300781
sad: 88.41730499267578
sad: 99.02149963378906
sad: 45.996070861816406
sad: 45.880950927734375
sad: 93.37801361083984
sad: 93.42117309570312
neutral: 58.49340057373047
neutral: 64.33250427246094
neutral: 50.85070037841797
sad: 95.14644622802734
sad: 89.4506607055664
fear: 99.51568603515625
fear: 98.61644744873047
fear: 90.77423095703125
fear: 71.56732177734375
sad: 62.15253448486328
fear: 97.18043518066406
sad: 59.9126091003418
sad: 98.15996551513672
sad: 99.73475646972656
sad: 99.98915100097656
sad: 99.88579559326172
neutral: 55.17036437988281
neutral: 86.77135467529297
neutral: 48.580814361572266
neutral: 67.5700912475586
neutral: 99.36393737792969
neutral: 93.96539306640625
sad: 99.63666534423828
sad: 99.705810546875
sad: 99.92674255371094
sad: 99.95411682128906
sad: 99.95228576660156
sad: 99.83556365966797
sad: 99.79198455810547
sad: 99.90504455566406
sad: 99.9813461303711
sad: 99.98991394042969
sad: 99.97457885742188
fear: 98.25426483154297
fear: 99.7769546508789
fear: 98.6827621459961
fear: 99.50049591064453
fear: 99.7516860961914
fear: 99.715576171875
neutral: 77.28211975097656
neutral: 45.693477630615234
sad: 98.68244171142578
fear: 51.96774673461914
fear: 94.79581451416016
sad: 89.02156066894531
neutral: 47.6328239440918
neutral: 78.88127899169922
neutral: 63.426605224609375
neutral: 91.52228546142578
sad: 91.49369049072266
happy: 99.99884033203125
fear: 44.094425201416016
sad: 59.96654510498047
sad: 99.86798095703125
fear: 99.52619171142578
fear: 95.75088500976562
neutral: 99.84201049804688
neutral: 99.97423553466797
neutral: 99.9484634399414
neutral: 99.96707916259766
neutral: 99.9739761352539
neutral: 99.90674591064453
neutral: 99.97823333740234
neutral: 99.90994262695312
neutral: 99.90545654296875
neutral: 99.85870361328125
neutral: 99.85540008544922
neutral: 99.90162658691406
neutral: 99.89810943603516
sad: 64.34886932373047
sad: 98.43386840820312
neutral: 80.13599395751953
angry: 53.40272521972656
sad: 99.2566146850586
sad: 59.1987190246582
neutral: 63.13363265991211
sad: 92.23833465576172
fear: 87.82941436767578
sad: 38.68400955200195
fear: 72.62686157226562
sad: 40.2081298828125
sad: 36.419281005859375
neutral: 41.17222213745117
sad: 46.99580764770508
sad: 39.1682014465332
sad: 52.54379653930664
sad: 60.26304244995117
sad: 53.506900787353516
neutral: 52.71847915649414
neutral: 29.481374740600586
neutral: 69.72832489013672
neutral: 57.54002380371094
sad: 33.08144760131836
neutral: 60.41191101074219
fear: 56.26026153564453
sad: 45.32097244262695
sad: 44.078033447265625
angry: 40.774478912353516
angry: 44.9316520690918
sad: 42.1987419128418
sad: 45.96992492675781
fear: 49.64413833618164
sad: 37.23473358154297
fear: 72.6507568359375
fear: 49.527671813964844
sad: 44.22418212890625
fear: 43.67700958251953
neutral: 59.07436752319336
neutral: 69.21271514892578
neutral: 86.79058074951172
fear: 34.89362716674805
fear: 39.760074615478516
sad: 44.55250930786133
neutral: 39.560272216796875
sad: 42.8222770690918
fear: 64.55164337158203
fear: 39.52045440673828
sad: 35.46889877319336
fear: 70.85311889648438
sad: 38.390018463134766
neutral: 41.25904846191406
neutral: 58.66606140136719
sad: 39.397804260253906
neutral: 48.490604400634766
fear: 51.60588455200195
fear: 48.40233612060547
fear: 50.12835693359375
fear: 59.9843635559082
sad: 37.60588836669922
sad: 40.92856216430664
sad: 68.48748779296875
sad: 96.97677612304688
neutral: 56.003665924072266
sad: 67.7996597290039
fear: 46.09939193725586
neutral: 80.45968627929688
sad: 49.19719696044922
sad: 66.10910034179688
sad: 76.95952606201172
sad: 73.05574798583984
neutral: 46.64474868774414
neutral: 44.540470123291016
sad: 51.53425216674805
neutral: 98.19955444335938
sad: 93.18189239501953
neutral: 92.30011749267578
neutral: 90.81655883789062
sad: 52.79475021362305
sad: 72.07272338867188
fear: 49.51142120361328
sad: 99.85343170166016
sad: 98.44904327392578
sad: 76.0241470336914
sad: 50.19660949707031
sad: 86.03137969970703
sad: 85.54866790771484
sad: 88.74998474121094
sad: 85.56095123291016
sad: 93.36839294433594
sad: 68.58885192871094
happy: 99.83588409423828
happy: 71.09175109863281
sad: 50.617698669433594
sad: 61.73931884765625
angry: 67.32321166992188
sad: 50.75531005859375
sad: 54.63108444213867
sad: 46.124507904052734
sad: 48.77965545654297
sad: 55.72840118408203
sad: 72.0779800415039
sad: 73.620849609375
sad: 75.6583251953125
sad: 66.61165618896484
sad: 62.386627197265625
sad: 61.39651870727539
neutral: 64.3263931274414
neutral: 45.456153869628906
neutral: 69.6878662109375
neutral: 47.431156158447266
neutral: 50.64079284667969
neutral: 76.47198486328125
neutral: 58.13789367675781
sad: 61.48830032348633
neutral: 47.83332824707031
neutral: 81.41466522216797
sad: 66.94253540039062
sad: 91.3768081665039
neutral: 62.37453079223633
neutral: 91.55315399169922
neutral: 53.682350158691406
happy: 99.83372497558594
fear: 55.226810455322266
neutral: 72.34476470947266
fear: 53.34992980957031
neutral: 48.872657775878906
sad: 73.96016693115234
neutral: 65.06403350830078
sad: 41.8511962890625
neutral: 42.734832763671875
neutral: 36.360557556152344
neutral: 47.92460250854492
neutral: 57.26875686645508
neutral: 60.75066375732422
neutral: 56.64031982421875
sad: 82.07443237304688
neutral: 59.46167755126953
neutral: 44.27329635620117
neutral: 38.138790130615234
sad: 94.9677734375
neutral: 47.710716247558594
neutral: 68.88777160644531
neutral: 63.95368194580078
sad: 75.93734741210938
sad: 51.964500427246094
sad: 82.34623718261719
neutral: 66.46050262451172
sad: 72.57115173339844
sad: 63.17527389526367
sad: 96.24111938476562
sad: 75.79964447021484
sad: 87.92536926269531
neutral: 44.369171142578125
sad: 64.83102416992188
sad: 64.75936126708984
sad: 51.41881561279297
sad: 53.35387420654297
sad: 69.17363739013672
sad: 92.48546600341797
neutral: 84.71166229248047
sad: 99.80300903320312
neutral: 99.95301055908203
neutral: 48.99563217163086
angry: 79.05949401855469
neutral: 56.78572082519531
neutral: 76.57364654541016
fear: 87.36714935302734
neutral: 88.89136505126953
sad: 28.995101928710938
fear: 66.94354248046875
neutral: 83.17777252197266
sad: 47.68485641479492
neutral: 41.78091812133789
fear: 49.68553161621094
fear: 94.38867950439453
fear: 96.48809051513672
fear: 98.52684783935547
fear: 97.26618957519531
neutral: 64.18229675292969
neutral: 60.70314025878906
sad: 97.38794708251953
sad: 90.25578308105469
sad: 53.158042907714844
neutral: 39.724857330322266
neutral: 83.71012115478516
angry: 94.6278305053711
fear: 84.76636505126953
fear: 97.44441986083984
fear: 92.88701629638672
fear: 88.27955627441406
fear: 81.8396224975586
fear: 95.58979034423828
fear: 87.8964614868164
neutral: 55.0410041809082
neutral: 69.7828140258789
neutral: 56.50541687011719
neutral: 71.66117858886719
fear: 94.16073608398438
fear: 86.93353271484375
neutral: 77.89714813232422
neutral: 73.93572998046875
sad: 49.579593658447266
neutral: 45.82035446166992
neutral: 71.97346496582031
neutral: 70.07858276367188
neutral: 48.62259292602539
fear: 68.23859405517578
fear: 72.4898681640625
neutral: 94.95343780517578
fear: 82.13529968261719
fear: 84.66388702392578
neutral: 71.14823150634766
neutral: 61.520748138427734
neutral: 64.41374206542969
sad: 89.9468994140625
sad: 77.98928833007812
neutral: 49.738609313964844
neutral: 51.58904266357422
sad: 72.3705062866211
sad: 63.00621032714844
neutral: 57.864356994628906
fear: 97.20289611816406
happy: 96.44770050048828
happy: 99.25323486328125
happy: 94.88626861572266
happy: 48.14499282836914
happy: 52.45447540283203
fear: 95.45091247558594
sad: 98.90233612060547
fear: 84.15087890625
neutral: 72.47843933105469
fear: 73.71092224121094
sad: 50.28976058959961
neutral: 89.8360824584961
neutral: 71.55681610107422
neutral: 54.66283416748047
neutral: 69.21367645263672
neutral: 88.5511245727539
neutral: 63.437252044677734
neutral: 49.84383773803711
neutral: 51.23139953613281
fear: 66.37073516845703
fear: 86.67770385742188
surprise: 91.47604370117188
happy: 99.84708404541016
neutral: 82.68899536132812
neutral: 61.193721771240234
happy: 100.0
neutral: 67.48774719238281
fear: 76.230712890625
sad: 81.16043853759766
fear: 49.65169143676758
fear: 57.53956985473633
neutral: 49.82012939453125
fear: 69.1385498046875
neutral: 77.91793823242188
sad: 44.4324836730957
neutral: 57.37801742553711
sad: 37.112632751464844
sad: 43.442203521728516
neutral: 79.99102020263672
neutral: 65.33023071289062
neutral: 55.852718353271484
sad: 41.0484504699707
neutral: 76.39823150634766
neutral: 81.94334411621094
neutral: 87.4192886352539
sad: 51.13487243652344
neutral: 59.76036834716797
neutral: 66.79684448242188
neutral: 37.97035598754883
sad: 52.618408203125
neutral: 58.218406677246094
neutral: 53.67787170410156
neutral: 56.20248794555664
fear: 52.01519012451172
fear: 75.65959930419922
sad: 85.36099243164062
happy: 99.98363494873047
neutral: 88.55685424804688
happy: 99.99813079833984
happy: 90.07112884521484
neutral: 99.99774169921875
sad: 64.549072265625
sad: 66.75439453125
neutral: 99.99512481689453
neutral: 98.13599395751953
sad: 59.90293502807617
neutral: 56.00343704223633
neutral: 87.7449722290039
neutral: 76.63783264160156
sad: 91.19068145751953
fear: 75.45861053466797
neutral: 99.72522735595703
neutral: 95.1135025024414
neutral: 98.4653549194336
fear: 35.61570358276367
sad: 39.94196319580078
neutral: 40.29015350341797
sad: 32.549869537353516
neutral: 49.199954986572266
sad: 91.30628204345703
sad: 56.48392868041992
fear: 51.597076416015625
fear: 74.10304260253906
sad: 52.99070358276367
fear: 49.90144729614258
sad: 68.9802474975586
sad: 56.05384063720703
sad: 84.27339935302734
sad: 98.2414779663086
fear: 85.7298583984375
fear: 99.83704376220703
sad: 99.17497253417969
fear: 95.15480041503906
sad: 99.75340270996094
fear: 96.09759521484375
fear: 79.3254623413086
sad: 74.33795928955078
sad: 93.85353088378906
sad: 95.94541931152344
sad: 79.50938415527344
angry: 54.7169189453125
angry: 97.8187484741211
sad: 57.628814697265625
neutral: 74.21295928955078
neutral: 62.42185974121094
neutral: 49.654449462890625
neutral: 61.261924743652344
neutral: 88.61109161376953
neutral: 70.4700698852539
neutral: 51.66972732543945
neutral: 69.19939422607422
neutral: 73.34254455566406
neutral: 56.74736022949219
neutral: 54.05582809448242
neutral: 70.53654479980469
neutral: 42.92253112792969
neutral: 58.663475036621094
angry: 90.70341491699219
sad: 59.637725830078125
sad: 70.1136703491211
neutral: 65.99746704101562
sad: 54.416744232177734
sad: 48.357383728027344
sad: 65.57792663574219
sad: 55.247196197509766
sad: 59.96613693237305
sad: 54.51436996459961
sad: 42.96528625488281
sad: 54.5483283996582
neutral: 99.85579681396484
sad: 99.31217956542969
sad: 94.34624481201172
sad: 88.98783111572266
neutral: 40.57923126220703
neutral: 85.0226058959961
neutral: 89.08808135986328
neutral: 71.97499084472656
fear: 36.55104446411133
neutral: 52.440269470214844
sad: 76.08783721923828
neutral: 73.86504364013672
sad: 81.83670043945312
sad: 97.14366149902344
sad: 99.75205993652344
neutral: 52.64478302001953
happy: 52.9616813659668
sad: 90.24903106689453
happy: 91.22525024414062
neutral: 99.1733169555664
neutral: 99.98040008544922
happy: 85.21135711669922
neutral: 99.96650695800781
happy: 40.206871032714844
neutral: 89.43142700195312
neutral: 97.0106201171875
sad: 86.0620346069336
happy: 39.54826736450195
neutral: 67.09420013427734
neutral: 74.5196304321289
neutral: 90.6509017944336
neutral: 87.054443359375
sad: 35.93903350830078
neutral: 77.2630386352539
neutral: 67.8409194946289
neutral: 87.67767333984375
happy: 48.22372817993164
neutral: 59.42080307006836
neutral: 69.70491790771484
neutral: 43.97172164916992
fear: 56.424285888671875
happy: 92.26983642578125
fear: 53.61909103393555
sad: 35.24544143676758
happy: 71.34008026123047
sad: 72.36675262451172
sad: 79.00247192382812
sad: 56.02851867675781
sad: 58.718605041503906
neutral: 71.39627075195312
happy: 37.75857162475586
sad: 49.516685485839844
happy: 84.84441375732422
happy: 88.73167419433594
sad: 58.05931854248047
happy: 98.76776885986328
angry: 83.52203369140625
happy: 74.9520492553711
happy: 86.04881286621094
sad: 93.42276000976562
neutral: 74.1972427368164
happy: 69.5202407836914
sad: 88.77898406982422
neutral: 79.36893463134766
sad: 34.666683197021484
neutral: 32.80004119873047
fear: 84.29579162597656
fear: 58.75576400756836
fear: 54.24534606933594
fear: 92.61710357666016
neutral: 84.28492736816406
sad: 86.78611755371094
neutral: 54.02513122558594
neutral: 54.372920989990234
sad: 59.29903030395508
sad: 65.4034423828125
happy: 98.06659698486328
happy: 99.00835418701172
happy: 76.49417877197266
happy: 99.77770233154297
happy: 95.59381103515625
sad: 58.423255920410156
fear: 63.32394027709961
neutral: 88.60154724121094
happy: 46.292118072509766
sad: 96.11488342285156
sad: 62.811458587646484
sad: 49.00898361206055
sad: 39.795562744140625
fear: 57.45010757446289
sad: 78.36949920654297
fear: 45.15715408325195
fear: 46.6437873840332
fear: 75.35655975341797
sad: 69.28907012939453
sad: 71.08362579345703
neutral: 95.65547943115234
neutral: 96.19599914550781
fear: 53.45500183105469
fear: 65.29916381835938
sad: 60.509605407714844
happy: 82.42607879638672
angry: 32.33106231689453
fear: 56.42628860473633
fear: 92.4784164428711
fear: 87.27198791503906
sad: 76.9073715209961
fear: 68.46360778808594
happy: 99.77392578125
happy: 82.01850891113281
sad: 68.67841339111328
sad: 58.09031677246094
fear: 85.35050201416016
fear: 68.50489807128906
happy: 47.19941711425781
fear: 67.76835632324219
sad: 73.42469787597656
happy: 57.28366470336914
happy: 97.94589233398438
happy: 93.227783203125
happy: 84.13621520996094
happy: 98.01911163330078
sad: 52.77771759033203
happy: 95.78043365478516
sad: 91.49201202392578
happy: 44.88323211669922
fear: 90.3585205078125
fear: 76.90320587158203
fear: 55.11543273925781
sad: 81.06009674072266
sad: 82.82191467285156
happy: 99.80242156982422
happy: 98.7431869506836
happy: 98.45506286621094
happy: 88.204345703125
happy: 44.90223693847656
happy: 98.0552978515625
happy: 87.80075073242188
happy: 39.51758575439453
sad: 89.22946166992188
sad: 98.94639587402344
neutral: 76.97929382324219
sad: 98.06792449951172
sad: 65.29743194580078
neutral: 54.50174331665039
neutral: 55.430870056152344
neutral: 97.04531860351562
happy: 96.74261474609375
neutral: 94.98784637451172
happy: 40.1070442199707
fear: 58.276100158691406
sad: 99.0868911743164
sad: 96.52891540527344
sad: 54.85259246826172
neutral: 74.5588607788086
neutral: 38.7863655090332
sad: 94.28317260742188
neutral: 84.36058807373047
fear: 81.72822570800781
sad: 72.42433166503906
neutral: 76.84170532226562
neutral: 58.811920166015625
neutral: 70.67941284179688
neutral: 66.96102142333984
neutral: 52.25022506713867
neutral: 77.0147933959961
neutral: 87.6858139038086
fear: 62.3752326965332
neutral: 43.30690002441406
neutral: 43.06930160522461
neutral: 48.455265045166016
neutral: 37.38298797607422
sad: 49.277862548828125
neutral: 79.70198059082031
fear: 52.93199157714844
neutral: 41.99010467529297
neutral: 78.02281188964844
fear: 41.88710021972656
neutral: 69.84930419921875
fear: 59.12115478515625
fear: 55.868080139160156
neutral: 63.763702392578125
neutral: 89.57054901123047
neutral: 88.56686401367188
neutral: 56.8840446472168
neutral: 51.00556564331055
neutral: 51.64342498779297
neutral: 90.69078826904297
fear: 34.585975646972656
fear: 44.882652282714844
sad: 49.559627532958984
neutral: 62.82427215576172
fear: 59.6407470703125
happy: 99.95552825927734
sad: 55.759544372558594
fear: 44.45256805419922
sad: 72.95870208740234
sad: 79.46208190917969
happy: 99.99186706542969
happy: 99.99434661865234
happy: 99.99540710449219
sad: 71.57801055908203
sad: 69.31293487548828
fear: 81.65924835205078
sad: 87.72903442382812
sad: 97.98490142822266
sad: 80.9538803100586
sad: 80.8934555053711
sad: 93.65779113769531
sad: 76.3749771118164
sad: 92.3471450805664
sad: 65.86515808105469
sad: 94.08108520507812
sad: 77.4892807006836
fear: 74.9168701171875
sad: 82.25725555419922
sad: 82.84294128417969
sad: 54.58771514892578
sad: 95.07217407226562
sad: 87.30545043945312
happy: 99.96223449707031
happy: 99.94756317138672
sad: 44.309112548828125
sad: 75.93124389648438
happy: 99.95703887939453
fear: 49.943992614746094
neutral: 64.1761703491211
neutral: 97.60075378417969
neutral: 86.62007904052734
neutral: 94.99047088623047
neutral: 66.5931167602539
neutral: 83.68201446533203
neutral: 77.35623931884766
neutral: 51.43507766723633
neutral: 96.15219116210938
neutral: 60.755741119384766
neutral: 95.4378890991211
neutral: 51.164363861083984
neutral: 87.3072509765625
happy: 92.83606719970703
sad: 36.13644790649414
neutral: 80.27135467529297
happy: 75.90955352783203
happy: 72.04187774658203
fear: 55.40406036376953
neutral: 35.774330139160156
sad: 72.97515106201172
sad: 89.81668853759766
sad: 75.46228790283203
fear: 50.14541244506836
sad: 69.90512084960938
neutral: 55.194252014160156
sad: 93.68982696533203
sad: 93.17670440673828
sad: 99.9677734375
angry: 83.6881332397461
angry: 99.89126586914062
sad: 99.9571762084961
angry: 57.38191604614258
angry: 99.83766174316406
sad: 98.88360595703125
angry: 99.92443084716797
sad: 99.80215454101562
angry: 99.8904037475586
sad: 99.54214477539062
sad: 99.93582916259766
sad: 99.92852783203125
angry: 99.96485137939453
angry: 99.52601623535156
sad: 99.89411163330078
sad: 99.829833984375
angry: 99.84597778320312
sad: 99.85066986083984
sad: 99.79503631591797
sad: 99.92833709716797
sad: 99.33990478515625
sad: 99.9447250366211
sad: 98.39466857910156
sad: 99.56987762451172
sad: 99.60041046142578
angry: 99.94219207763672
sad: 97.1290512084961
sad: 95.2874755859375
sad: 99.07762145996094
sad: 99.3259506225586
sad: 99.18444061279297
sad: 98.85679626464844
sad: 95.33009338378906
sad: 87.85747528076172
sad: 84.28319549560547
sad: 95.69317626953125
sad: 96.2031478881836
sad: 86.58737182617188
sad: 91.8648910522461
sad: 87.82350158691406
sad: 49.57354736328125
sad: 87.9967041015625
sad: 69.53435516357422
sad: 90.8628921508789
sad: 96.84317779541016
sad: 88.22925567626953
sad: 91.61136627197266
sad: 96.65843963623047
sad: 89.74408721923828
sad: 62.89448928833008
sad: 93.3364486694336
sad: 99.96647644042969
sad: 99.35466003417969
sad: 99.21903228759766
sad: 99.9278793334961
neutral: 58.640689849853516
sad: 46.1219482421875
fear: 56.560211181640625
sad: 89.8802261352539
sad: 87.39708709716797
fear: 80.8817367553711
neutral: 59.61941909790039
neutral: 42.60159683227539
neutral: 52.129417419433594
neutral: 47.03937530517578
neutral: 36.59318923950195
fear: 43.21431350708008
fear: 79.12808227539062
fear: 46.37648010253906
neutral: 68.4334487915039
neutral: 65.66127014160156
neutral: 47.89419174194336
neutral: 50.83502960205078
neutral: 53.54313659667969
neutral: 57.6475715637207
neutral: 65.9040298461914
neutral: 44.757198333740234
neutral: 38.726837158203125
neutral: 85.22241973876953
neutral: 81.0125503540039
neutral: 73.7410659790039
neutral: 39.74675369262695
fear: 44.36188507080078
fear: 37.75029373168945
neutral: 41.30154037475586
neutral: 37.80290985107422
fear: 57.828636169433594
sad: 71.21795654296875
fear: 64.26848602294922
neutral: 78.59656524658203
neutral: 63.898319244384766
neutral: 79.09252166748047
neutral: 96.6886215209961
neutral: 89.14974212646484
neutral: 50.248252868652344
fear: 98.55703735351562
neutral: 60.87793731689453
neutral: 49.352752685546875
neutral: 45.83659744262695
neutral: 44.892433166503906
sad: 32.865867614746094
neutral: 42.726470947265625
neutral: 81.64534759521484
neutral: 73.49757385253906
neutral: 91.58162689208984
neutral: 80.00574493408203
neutral: 73.81266784667969
sad: 59.381134033203125
neutral: 45.23881149291992
neutral: 37.822486877441406
neutral: 59.03211975097656
neutral: 77.2861557006836
neutral: 68.55393981933594
neutral: 92.48978424072266
neutral: 74.1833267211914
fear: 39.76657485961914
neutral: 89.11888122558594
neutral: 49.107234954833984
neutral: 33.499507904052734
neutral: 71.56847381591797
neutral: 53.3297004699707
neutral: 48.16618347167969
neutral: 47.72291564941406
neutral: 51.78590774536133
neutral: 61.42070770263672
neutral: 79.15880584716797
neutral: 59.708763122558594
neutral: 47.01728057861328
neutral: 93.728515625
neutral: 65.42584991455078
neutral: 63.995445251464844
sad: 81.60054016113281
fear: 77.98755645751953
fear: 42.249549865722656
neutral: 40.79621124267578
neutral: 34.94781494140625
fear: 54.80903244018555
fear: 52.53523254394531
fear: 47.625370025634766
sad: 54.88422393798828
fear: 57.081539154052734
neutral: 64.54190063476562
neutral: 61.02516174316406
neutral: 57.49028778076172
fear: 37.13308334350586
neutral: 39.803253173828125
fear: 43.68354797363281
sad: 51.44867706298828
fear: 51.737369537353516
sad: 46.79613494873047
sad: 53.773677825927734
neutral: 50.51410675048828
fear: 50.14823913574219
neutral: 85.06048583984375
neutral: 67.99028778076172
fear: 56.89419174194336
neutral: 90.313232421875
fear: 66.47517395019531
fear: 62.82029724121094
fear: 90.40614318847656
fear: 87.87374877929688
fear: 40.43414306640625
sad: 40.33084487915039
sad: 73.2870101928711
neutral: 57.18614959716797
neutral: 51.49314498901367
neutral: 77.30227661132812
neutral: 58.6512336730957
neutral: 58.11638641357422
fear: 64.86848449707031
neutral: 45.712894439697266
sad: 42.75178527832031
sad: 38.513790130615234
sad: 44.47724914550781
neutral: 45.188926696777344
fear: 69.37773895263672
neutral: 44.31931686401367
neutral: 57.67251968383789
neutral: 57.303653717041016
happy: 92.47044372558594
neutral: 68.3067855834961
sad: 98.6683578491211
sad: 96.13343048095703
happy: 97.62271881103516
sad: 48.642189025878906
happy: 92.11835479736328
fear: 42.48259735107422
fear: 89.86234283447266
happy: 99.9453353881836
neutral: 53.16282653808594
fear: 63.43349075317383
happy: 99.97319030761719
happy: 99.99955749511719
fear: 90.19414520263672
angry: 98.63145446777344
happy: 58.34943771362305
neutral: 45.77117156982422
neutral: 53.78005599975586
fear: 91.90371704101562
fear: 40.31414031982422
fear: 70.49258422851562
neutral: 62.75949478149414
neutral: 53.181983947753906
fear: 64.30003356933594
fear: 45.00768280029297
neutral: 48.060115814208984
neutral: 85.0832748413086
neutral: 85.64722442626953
neutral: 65.15188598632812
sad: 46.34960174560547
neutral: 36.69615936279297
fear: 52.344818115234375
neutral: 66.50494384765625
fear: 48.03825378417969
neutral: 78.42695617675781
neutral: 69.91101837158203
fear: 72.68245697021484
sad: 40.93963623046875
neutral: 62.310630798339844
sad: 37.789581298828125
neutral: 53.1086311340332
neutral: 64.9095230102539
neutral: 62.99504470825195
fear: 37.24062728881836
sad: 46.67131423950195
sad: 60.47265625
surprise: 43.433780670166016
surprise: 91.08181762695312
neutral: 99.99982452392578
sad: 45.82578659057617
sad: 66.18883514404297
sad: 90.49822998046875
sad: 89.39550018310547
sad: 54.92502212524414
neutral: 89.48472595214844
fear: 36.6334228515625
neutral: 49.577964782714844
fear: 39.02323913574219
sad: 33.738807678222656
neutral: 46.49448776245117
neutral: 99.11410522460938
neutral: 82.33850860595703
neutral: 67.50785064697266
fear: 52.19438171386719
sad: 37.98322677612305
neutral: 37.42560958862305
neutral: 86.39464569091797
fear: 80.67981719970703
neutral: 77.70394897460938
neutral: 87.02157592773438
fear: 64.39396667480469
fear: 69.31285095214844
fear: 63.47771453857422
neutral: 55.50705337524414
sad: 52.04335403442383
sad: 55.860137939453125
sad: 64.97154235839844
sad: 88.18077087402344
sad: 83.8662109375
sad: 84.33096313476562
neutral: 54.90274429321289
fear: 55.19806671142578
fear: 58.761539459228516
neutral: 89.04660034179688
neutral: 81.67530059814453
happy: 97.83717346191406
fear: 82.37802124023438
neutral: 54.86008071899414
fear: 57.1827278137207
fear: 72.4233169555664
fear: 61.171302795410156
fear: 76.39119720458984
fear: 80.09387969970703
fear: 53.300716400146484
fear: 95.60638427734375
fear: 93.1506118774414
sad: 49.880889892578125
sad: 80.42266082763672
sad: 74.59969329833984
sad: 51.55515670776367
fear: 83.75666046142578
neutral: 49.604244232177734
neutral: 98.32696533203125
fear: 76.57572937011719
neutral: 88.33497619628906
neutral: 83.42155456542969
neutral: 69.46575927734375
neutral: 69.6261215209961
neutral: 73.201904296875
neutral: 39.149478912353516
neutral: 57.336544036865234
sad: 61.44484329223633
sad: 42.13459777832031
fear: 72.73004913330078
fear: 41.45738983154297
fear: 82.99674987792969
neutral: 72.98104858398438
fear: 52.23796844482422
neutral: 58.74708938598633
fear: 50.9382209777832
neutral: 65.01892852783203
fear: 53.55632019042969
neutral: 46.89334487915039
neutral: 59.984798431396484
sad: 64.33782958984375
fear: 69.55123138427734
sad: 59.00146484375
sad: 97.60189819335938
sad: 58.34907531738281
sad: 82.9412841796875
sad: 96.41432189941406
sad: 91.91907501220703
sad: 94.79410552978516
sad: 98.57213592529297
sad: 98.38380432128906
neutral: 82.25019836425781
sad: 89.06564331054688
neutral: 99.98542785644531
neutral: 99.92476654052734
neutral: 99.99922180175781
neutral: 99.9886474609375
fear: 48.247406005859375
sad: 77.60941314697266
sad: 64.53355407714844
neutral: 99.94927215576172
neutral: 99.97293090820312
neutral: 99.82222747802734
neutral: 99.93074798583984
neutral: 99.9878158569336
neutral: 99.99330139160156
fear: 68.65335083007812
sad: 98.61176300048828
sad: 92.19457244873047
fear: 63.688079833984375
sad: 59.86136245727539
fear: 90.02462768554688
fear: 54.19886016845703
sad: 41.16014862060547
neutral: 40.04646682739258
neutral: 37.97576904296875
sad: 99.90531921386719
happy: 97.43975067138672
happy: 99.69235229492188
happy: 99.93645477294922
happy: 99.9642333984375
happy: 99.98959350585938
happy: 99.99134063720703
happy: 99.9965591430664
happy: 99.99591064453125
happy: 99.9945068359375
happy: 99.98817443847656
happy: 99.97454071044922
happy: 99.97059631347656
happy: 99.97532653808594
happy: 99.96392822265625
happy: 99.97920227050781
happy: 99.95840454101562
happy: 99.82696533203125
happy: 66.59339904785156
sad: 80.49405670166016
disgust: 55.274173736572266
neutral: 48.41656494140625
fear: 77.69617462158203
neutral: 75.91181945800781
happy: 64.40937805175781
angry: 55.076717376708984
happy: 58.3599967956543
sad: 43.310115814208984
fear: 58.20454406738281
sad: 46.986900329589844
neutral: 69.77454376220703
neutral: 58.44992446899414
neutral: 44.685646057128906
happy: 99.99248504638672
sad: 64.25157928466797
happy: 98.50746154785156
neutral: 57.049102783203125
happy: 97.62004852294922
sad: 94.661376953125
fear: 39.968177795410156
fear: 50.6403923034668
neutral: 64.18132019042969
neutral: 37.78239440917969
happy: 65.75626373291016
happy: 98.2637710571289
happy: 95.80823516845703
happy: 98.54449462890625
happy: 99.96627807617188
happy: 98.9932632446289
happy: 75.11172485351562
happy: 98.2059326171875
happy: 99.83336639404297
neutral: 59.93793869018555
happy: 84.80960083007812
neutral: 67.44322967529297
fear: 71.36566925048828
neutral: 58.22364044189453
neutral: 60.79481887817383
neutral: 57.10394287109375
happy: 85.47354125976562
happy: 98.40756225585938
fear: 77.99310302734375
fear: 54.6997184753418
neutral: 53.50522232055664
sad: 67.02427673339844
sad: 98.07804107666016
sad: 97.32939910888672
happy: 77.29116821289062
sad: 99.99945068359375
sad: 99.9996337890625
happy: 73.58690643310547
sad: 81.10110473632812
sad: 51.371788024902344
neutral: 49.1009407043457
neutral: 64.50542449951172
neutral: 77.20079040527344
neutral: 44.318546295166016
neutral: 47.03341293334961
sad: 64.53562927246094
sad: 78.98546600341797
fear: 99.70832824707031
happy: 89.00321197509766
sad: 97.2803726196289
sad: 99.72171020507812
fear: 75.27654266357422
fear: 78.63320922851562
sad: 86.59346008300781
fear: 68.31501007080078
fear: 89.13377380371094
fear: 99.45319366455078
fear: 98.98976135253906
fear: 99.36160278320312
fear: 99.60791778564453
fear: 90.18988800048828
sad: 94.62174224853516
sad: 78.14134216308594
fear: 70.66393280029297
sad: 91.31013488769531
sad: 86.32587432861328
sad: 99.94293212890625
fear: 50.72771453857422
surprise: 37.15810012817383
neutral: 42.5404167175293
neutral: 38.55356979370117
neutral: 34.106380462646484
fear: 74.90323638916016
fear: 99.3279037475586
fear: 94.28199768066406
sad: 86.08224487304688
sad: 75.98020935058594
neutral: 98.79583740234375
sad: 42.712398529052734
fear: 44.8723030090332
sad: 54.796756744384766
fear: 88.62614440917969
neutral: 93.64900970458984
neutral: 97.16790771484375
neutral: 84.71807098388672
fear: 80.06710052490234
fear: 58.81950759887695
fear: 80.64069366455078
neutral: 90.294921875
fear: 48.6142578125
neutral: 96.4764175415039
fear: 87.49687194824219
neutral: 98.52372741699219
neutral: 87.4558334350586
sad: 50.04873275756836
neutral: 99.99957275390625
fear: 42.560733795166016
sad: 96.67539978027344
sad: 97.04634857177734
sad: 99.25442504882812
sad: 98.45474243164062
neutral: 76.66806030273438
sad: 99.85540771484375
sad: 94.18972778320312
sad: 90.52594757080078
sad: 96.95722198486328
sad: 99.07621765136719
sad: 93.27334594726562
sad: 99.22480773925781
sad: 99.66477966308594
sad: 93.42715454101562
sad: 99.97463989257812
sad: 92.01634979248047
sad: 96.74341583251953
sad: 99.43359375
fear: 79.6744155883789
fear: 58.37721633911133
fear: 74.91984558105469
fear: 60.08000183105469
fear: 71.35885620117188
fear: 86.3438720703125
neutral: 56.074607849121094
fear: 84.11122131347656
fear: 83.7298355102539
fear: 79.79942321777344
fear: 82.41385650634766
fear: 80.55767822265625
neutral: 45.44222640991211
fear: 84.5875015258789
fear: 51.710121154785156
neutral: 75.50420379638672
neutral: 77.02477264404297
neutral: 44.62725830078125
fear: 53.11322021484375
sad: 53.124664306640625
fear: 48.34735870361328
neutral: 84.13262176513672
sad: 98.79613494873047
fear: 96.34320831298828
fear: 99.65023803710938
fear: 99.6378173828125
fear: 99.66470336914062
fear: 99.897216796875
fear: 99.89301300048828
fear: 99.5284423828125
fear: 99.21106719970703
fear: 97.8944091796875
neutral: 86.27071380615234
fear: 69.79180908203125
neutral: 99.97239685058594
neutral: 99.99296569824219
neutral: 99.997802734375
neutral: 99.9949722290039
neutral: 99.99015045166016
neutral: 99.97794342041016
neutral: 99.99864196777344
neutral: 99.99531555175781
happy: 96.51702880859375
sad: 94.91036224365234
happy: 60.86058044433594
sad: 74.52479553222656
sad: 98.5802993774414
fear: 51.19424819946289
sad: 61.18449020385742
sad: 55.87443542480469
happy: 56.2312126159668
sad: 53.987876892089844
fear: 97.54637145996094
neutral: 56.45978927612305
sad: 55.87272262573242
neutral: 96.70867156982422
neutral: 98.23570251464844
neutral: 65.42813873291016
sad: 95.18379974365234
neutral: 90.5537109375
neutral: 88.13912963867188
neutral: 87.25056457519531
neutral: 99.78617095947266
neutral: 93.98603057861328
happy: 78.05715942382812
neutral: 71.88077545166016
sad: 70.62173461914062
fear: 65.55084228515625
surprise: 58.5263786315918
surprise: 43.73276901245117
fear: 56.5146484375
neutral: 38.99370574951172
neutral: 47.15127182006836
neutral: 46.156639099121094
fear: 51.90148162841797
sad: 80.65129089355469
neutral: 81.48078918457031
neutral: 93.1320571899414
neutral: 95.25640869140625
neutral: 60.22402572631836
neutral: 56.5420036315918
neutral: 54.188232421875
neutral: 74.92487335205078
sad: 93.00367736816406
sad: 57.12342071533203
neutral: 59.433841705322266
neutral: 69.01304626464844
neutral: 76.72370910644531
neutral: 76.87969970703125
sad: 51.65066146850586
neutral: 98.02071380615234
neutral: 88.3271713256836
happy: 42.06182861328125
happy: 83.03678894042969
happy: 49.25847625732422
neutral: 66.23193359375
sad: 48.8993034362793
sad: 66.59125518798828
sad: 71.74430847167969
sad: 97.79967498779297
sad: 94.73255920410156
fear: 97.37237548828125
neutral: 85.7166519165039
neutral: 93.2098159790039
neutral: 33.27796936035156
neutral: 40.295841217041016
neutral: 52.48154830932617
neutral: 95.85164642333984
neutral: 92.88472747802734
neutral: 81.13936614990234
fear: 52.602760314941406
neutral: 65.02023315429688
fear: 81.17707824707031
sad: 76.42041015625
surprise: 58.65495681762695
fear: 69.03387451171875
happy: 72.43362426757812
happy: 99.9998550415039
happy: 85.65238189697266
fear: 77.07672882080078
fear: 99.75653076171875
sad: 99.7371826171875
fear: 53.47584915161133
fear: 94.61846923828125
happy: 78.49195098876953
fear: 86.86211395263672
happy: 61.365478515625
happy: 87.9233169555664
happy: 63.21281814575195
fear: 93.02881622314453
sad: 89.37080383300781
sad: 94.52287292480469
sad: 93.08201599121094
sad: 98.34911346435547
fear: 76.12104797363281
happy: 65.4975814819336
fear: 73.66645812988281
fear: 37.401573181152344
neutral: 62.49498748779297
neutral: 68.00052642822266
neutral: 75.7130126953125
neutral: 81.02766418457031
neutral: 83.2060775756836
neutral: 84.40394592285156
neutral: 83.30028533935547
neutral: 84.85859680175781
neutral: 69.01861572265625
neutral: 68.86976623535156
neutral: 77.91411590576172
neutral: 60.48282241821289
neutral: 54.814117431640625
neutral: 68.66950225830078
neutral: 78.52764892578125
neutral: 90.4594497680664
neutral: 37.310089111328125
fear: 38.99476623535156
fear: 56.24232864379883
sad: 34.06230545043945
neutral: 33.288856506347656
sad: 38.04143142700195
neutral: 34.27274703979492
neutral: 32.40444564819336
fear: 39.10497283935547
neutral: 33.286598205566406
sad: 38.33452224731445
sad: 49.260711669921875
fear: 52.092464447021484
surprise: 62.69202423095703
surprise: 69.55210876464844
happy: 92.4843978881836
surprise: 46.25408935546875
surprise: 48.6268310546875
surprise: 41.15242385864258
neutral: 31.78047752380371
angry: 28.536785125732422
angry: 50.283199310302734
angry: 35.039520263671875
angry: 49.82863235473633
angry: 68.02825164794922
angry: 80.47358703613281
angry: 94.48371887207031
angry: 89.70389556884766
angry: 90.08827209472656
angry: 91.57040405273438
angry: 78.49528503417969
angry: 88.71907043457031
angry: 89.59891510009766
angry: 87.37410736083984
angry: 87.25304412841797
angry: 87.3352279663086
angry: 88.56351470947266
angry: 89.84117126464844
angry: 88.22122955322266
angry: 85.23905181884766
angry: 92.12870788574219
angry: 90.93637084960938
angry: 91.73716735839844
angry: 95.15724182128906
fear: 60.01127243041992
fear: 50.360504150390625
fear: 90.06625366210938
fear: 78.06336212158203
fear: 87.55379486083984
fear: 83.13558197021484
fear: 49.46286392211914
happy: 92.83705139160156
sad: 40.25323486328125
sad: 53.757076263427734
fear: 56.7828254699707
fear: 48.50442123413086
sad: 65.26451110839844
sad: 43.85987854003906
sad: 84.91621398925781
sad: 90.25646209716797
sad: 92.67698669433594
angry: 93.38968658447266
sad: 47.910057067871094
neutral: 51.06942367553711
sad: 46.6649284362793
neutral: 50.737239837646484
sad: 45.31818771362305
sad: 53.8036003112793
sad: 43.56694412231445
sad: 50.71452713012695
sad: 53.76671600341797
sad: 52.54818344116211
sad: 51.984439849853516
sad: 49.439605712890625
sad: 46.646244049072266
sad: 40.50718688964844
sad: 37.18288803100586
sad: 49.2370491027832
sad: 81.26582336425781
sad: 53.064571380615234
sad: 44.94951248168945
sad: 42.11278533935547
sad: 45.13541030883789
sad: 73.12127685546875
fear: 51.00394058227539
neutral: 51.35643005371094
neutral: 91.45362091064453
neutral: 99.42758178710938
fear: 57.46751403808594
neutral: 37.92992401123047
fear: 45.54115676879883
fear: 41.683040618896484
neutral: 49.753936767578125
fear: 49.5120849609375
fear: 63.25400924682617
fear: 42.77351760864258
fear: 80.97077178955078
fear: 95.3495864868164
fear: 86.94513702392578
fear: 98.95661926269531
fear: 98.88676452636719
fear: 51.127079010009766
sad: 90.60289764404297
neutral: 70.24808502197266
neutral: 68.0641860961914
neutral: 39.399871826171875
neutral: 43.79082489013672
neutral: 60.00535583496094
neutral: 64.76604461669922
sad: 73.31648254394531
sad: 96.15486145019531
neutral: 47.154693603515625
sad: 83.2990951538086
sad: 45.32282638549805
neutral: 50.396793365478516
sad: 82.15484619140625
sad: 84.29695129394531
sad: 39.09366989135742
sad: 79.85336303710938
sad: 60.0394172668457
surprise: 97.32817840576172
sad: 49.0238037109375
neutral: 85.48125457763672
neutral: 67.451171875
neutral: 79.01863098144531
neutral: 90.02742767333984
sad: 76.7085189819336
sad: 91.98312377929688
sad: 43.66374206542969
neutral: 43.83603286743164
neutral: 90.34036254882812
sad: 90.43429565429688
sad: 77.05976104736328
sad: 95.81526947021484
sad: 55.578948974609375
sad: 49.68476486206055
neutral: 68.46530151367188
sad: 95.02494812011719
sad: 90.84598541259766
neutral: 54.523006439208984
sad: 98.7328872680664
neutral: 94.34147644042969
neutral: 96.3299560546875
neutral: 58.32200241088867
neutral: 72.16841125488281
sad: 66.22340393066406
neutral: 55.952125549316406
sad: 64.06232452392578
neutral: 76.92028045654297
sad: 64.81387329101562
neutral: 94.46018981933594
sad: 89.98786163330078
neutral: 37.196102142333984
sad: 52.7186279296875
surprise: 61.17301940917969
surprise: 96.67803955078125
surprise: 99.9092025756836
surprise: 99.88485717773438
surprise: 99.91484069824219
surprise: 99.89959716796875
surprise: 99.46776580810547
fear: 73.08300018310547
fear: 92.76113891601562
neutral: 51.98484802246094
sad: 58.926361083984375
sad: 54.06006622314453
sad: 76.69123840332031
fear: 64.18118286132812
neutral: 50.68290328979492
neutral: 61.99778366088867
sad: 72.49795532226562
neutral: 34.04664993286133
fear: 68.26104736328125
sad: 76.84263610839844
fear: 54.321144104003906
angry: 65.05146789550781
fear: 38.82545852661133
fear: 83.06773376464844
fear: 86.25188446044922
fear: 71.78512573242188
fear: 59.239959716796875
neutral: 82.27564239501953
neutral: 77.16302490234375
neutral: 94.6753158569336
neutral: 87.72201538085938
neutral: 81.00154113769531
neutral: 77.69554138183594
sad: 99.99972534179688
fear: 96.39619445800781
neutral: 94.76195526123047
neutral: 72.01900482177734
sad: 38.5617790222168
neutral: 88.9983901977539
neutral: 92.1869888305664
neutral: 68.556396484375
fear: 52.82428741455078
sad: 38.163055419921875
neutral: 43.899879455566406
fear: 35.87964630126953
neutral: 45.350372314453125
neutral: 34.78054428100586
neutral: 66.97476959228516
sad: 52.14834976196289
sad: 85.10565185546875
sad: 75.25422668457031
neutral: 65.32289123535156
sad: 65.8133316040039
neutral: 53.125675201416016
neutral: 79.59217834472656
sad: 99.69036102294922
sad: 99.3145751953125
sad: 64.8692398071289
sad: 98.4177474975586
sad: 71.19235229492188
sad: 99.72826385498047
sad: 55.538421630859375
sad: 59.13294982910156
sad: 68.95179748535156
sad: 75.68272399902344
sad: 69.06165313720703
sad: 66.91089630126953
sad: 69.71881103515625
sad: 67.46824645996094
sad: 66.52542877197266
sad: 64.32344055175781
sad: 66.12923431396484
sad: 70.12313079833984
sad: 73.09882354736328
sad: 76.4540023803711
fear: 63.89717483520508
sad: 82.11648559570312
sad: 97.25254821777344
sad: 99.46235656738281
sad: 86.04914855957031
sad: 89.52701568603516
sad: 87.66886901855469
sad: 87.25906372070312
sad: 99.65049743652344
sad: 92.22681427001953
fear: 77.94873809814453
fear: 92.03007507324219
neutral: 47.03115463256836
sad: 51.52704620361328
sad: 92.66123962402344
sad: 79.38531494140625
sad: 96.8740234375
sad: 91.44546508789062
sad: 78.02809143066406
sad: 71.27801513671875
neutral: 80.96536254882812
neutral: 77.61943054199219
neutral: 41.00462341308594
neutral: 60.97350311279297
neutral: 61.1334114074707
neutral: 50.972496032714844
neutral: 88.2014389038086
neutral: 36.97819519042969
neutral: 42.23583221435547
neutral: 76.70170593261719
neutral: 73.00032806396484
neutral: 85.79862976074219
fear: 33.99635314941406
neutral: 86.51636505126953
neutral: 40.540618896484375
neutral: 54.864933013916016
neutral: 61.40553283691406
neutral: 75.08778381347656
neutral: 84.23661804199219
neutral: 90.1976089477539
neutral: 90.77869415283203
neutral: 83.922119140625
neutral: 66.8004150390625
neutral: 87.18355560302734
sad: 75.22980499267578
neutral: 72.1494369506836
neutral: 46.506099700927734
neutral: 69.5379409790039
neutral: 86.49571990966797
neutral: 83.17957305908203
neutral: 80.68196868896484
neutral: 60.239898681640625
neutral: 67.15385437011719
neutral: 78.98567962646484
neutral: 73.08891296386719
neutral: 62.36107635498047
neutral: 69.14433288574219
neutral: 58.15065002441406
neutral: 78.4881591796875
sad: 68.19679260253906
neutral: 90.26624298095703
fear: 46.72670364379883
neutral: 49.51285171508789
neutral: 56.763832092285156
neutral: 56.09302520751953
neutral: 72.28070831298828
neutral: 77.0553970336914
sad: 78.5963134765625
neutral: 83.52046966552734
neutral: 75.72607421875
neutral: 77.96013641357422
neutral: 72.63428497314453
sad: 33.692352294921875
sad: 99.97051239013672
neutral: 79.40843963623047
neutral: 65.89686584472656
fear: 69.9876937866211
neutral: 95.36724090576172
fear: 56.69840621948242
neutral: 98.67230987548828
neutral: 83.4789810180664
neutral: 86.52528381347656
sad: 56.85490798950195
fear: 83.84619140625
neutral: 42.79174041748047
happy: 79.26725006103516
sad: 99.95039367675781
sad: 99.98170471191406
happy: 97.59622192382812
happy: 97.90445709228516
neutral: 63.45423889160156
neutral: 46.764068603515625
fear: 77.4456558227539
fear: 94.23136138916016
angry: 92.74764251708984
neutral: 54.228912353515625
sad: 74.36180114746094
sad: 50.489986419677734
sad: 59.01197052001953
sad: 86.66765594482422
neutral: 57.911460876464844
neutral: 57.011878967285156
sad: 55.52629470825195
sad: 87.94646453857422
sad: 89.8636703491211
sad: 84.44181823730469
sad: 96.72906494140625
sad: 98.81421661376953
sad: 67.22631072998047
sad: 77.92916107177734
sad: 54.611610412597656
sad: 75.34842681884766
neutral: 62.240291595458984
neutral: 77.9114761352539
neutral: 83.20816040039062
neutral: 46.28879165649414
neutral: 61.44057083129883
fear: 40.83290100097656
sad: 42.68806838989258
sad: 94.10957336425781
sad: 77.7728500366211
sad: 70.09949493408203
sad: 97.07978057861328
sad: 99.1843490600586
sad: 97.85057830810547
sad: 95.38898468017578
sad: 96.6151351928711
sad: 94.39044189453125
sad: 94.4581069946289
sad: 93.2078628540039
sad: 93.58279418945312
sad: 95.75839233398438
sad: 95.7732925415039
sad: 96.11416625976562
sad: 95.72407531738281
sad: 94.67232513427734
sad: 94.3561019897461
sad: 94.56489562988281
sad: 94.90940856933594
sad: 94.93199920654297
sad: 96.12590789794922
sad: 95.00565338134766
sad: 96.38614654541016
sad: 94.77593231201172
sad: 94.79674530029297
sad: 93.22784423828125
sad: 75.06686401367188
sad: 95.02705383300781
sad: 98.53406524658203
sad: 98.24227905273438
sad: 98.71671295166016
sad: 88.22303771972656
sad: 97.62107849121094
sad: 97.0003662109375
sad: 97.7515869140625
sad: 97.53990936279297
sad: 98.3524169921875
sad: 97.9764633178711
sad: 98.02804565429688
sad: 97.87503814697266
sad: 98.43240356445312
sad: 98.26348876953125
sad: 98.27755737304688
sad: 98.28128051757812
sad: 98.48204040527344
sad: 96.72370910644531
neutral: 53.11269760131836
fear: 54.66851043701172
sad: 72.80253601074219
happy: 95.72079467773438
sad: 56.30611038208008
sad: 73.34496307373047
happy: 69.28948211669922
sad: 99.16697692871094
sad: 99.95481872558594
sad: 99.99556732177734
sad: 62.74600601196289
sad: 96.81504821777344
sad: 97.38728332519531
fear: 96.07174682617188
sad: 73.72737884521484
sad: 81.46360778808594
fear: 57.56189727783203
sad: 53.2414665222168
sad: 59.4012451171875
sad: 62.3792839050293
sad: 89.23458862304688
sad: 78.04582977294922
sad: 77.43712615966797
fear: 53.47366714477539
sad: 58.515411376953125
sad: 48.659671783447266
fear: 96.67948150634766
sad: 85.81388854980469
sad: 96.93004608154297
sad: 80.90555572509766
neutral: 98.94058990478516
neutral: 82.05093383789062
fear: 56.36979293823242
neutral: 98.57450103759766
neutral: 47.852622985839844
neutral: 82.44183349609375
neutral: 80.9675064086914
neutral: 41.66226577758789
neutral: 82.42290496826172
neutral: 90.22901153564453
fear: 41.44647216796875
neutral: 66.8223876953125
sad: 65.7972412109375
neutral: 83.36524200439453
neutral: 63.95738220214844
neutral: 67.02127838134766
sad: 99.26945495605469
neutral: 56.98263168334961
sad: 98.32695770263672
angry: 48.913818359375
sad: 46.51427459716797
fear: 99.99998474121094
fear: 100.0
fear: 100.0
fear: 99.99930572509766
fear: 99.99042510986328
fear: 99.99844360351562
neutral: 84.11186981201172
neutral: 87.70699310302734
neutral: 48.71501159667969
sad: 50.81495666503906
neutral: 96.20345306396484
neutral: 97.8218002319336
neutral: 93.66523742675781
neutral: 81.28349304199219
neutral: 96.61426544189453
neutral: 92.74673461914062
neutral: 42.608299255371094
sad: 97.35494995117188
fear: 97.70140838623047
fear: 98.05316925048828
fear: 73.18482971191406
fear: 99.931640625
sad: 79.95913696289062
neutral: 45.6684684753418
neutral: 79.59603881835938
neutral: 78.81416320800781
sad: 66.0997543334961
sad: 73.30304718017578
sad: 94.33291625976562
sad: 99.06269836425781
sad: 39.70415115356445
neutral: 83.85499572753906
neutral: 75.12156677246094
neutral: 80.93726348876953
fear: 82.54872131347656
sad: 98.15389251708984
sad: 61.41781234741211
sad: 90.72954559326172
neutral: 99.98615264892578
sad: 79.29955291748047
sad: 95.80667877197266
sad: 95.57360076904297
sad: 95.47834777832031
sad: 95.33551025390625
sad: 97.46202087402344
sad: 97.14580535888672
sad: 89.34379577636719
sad: 91.70365142822266
fear: 63.589542388916016
neutral: 45.519874572753906
neutral: 80.5738754272461
neutral: 50.91611099243164
sad: 41.8504638671875
neutral: 53.80693817138672
neutral: 73.26941680908203
sad: 88.1454086303711
neutral: 74.25569915771484
neutral: 70.07127380371094
fear: 61.15731430053711
sad: 73.86811828613281
neutral: 66.88526153564453
sad: 71.8969497680664
sad: 85.40980529785156
fear: 69.77828979492188
fear: 86.3606948852539
fear: 54.559959411621094
fear: 83.38912200927734
surprise: 63.958377838134766
sad: 68.0477523803711
sad: 43.70014953613281
sad: 54.175537109375
fear: 83.30525970458984
fear: 98.1053237915039
fear: 99.35929870605469
neutral: 52.4699821472168
sad: 51.382781982421875
sad: 99.89372253417969
neutral: 60.79327392578125
neutral: 80.56005859375
sad: 89.46112060546875
sad: 49.23194885253906
sad: 98.73149871826172
fear: 55.773555755615234
sad: 96.4483413696289
surprise: 90.17066192626953
neutral: 84.05443572998047
sad: 64.40185546875
fear: 68.18637084960938
sad: 94.66655731201172
fear: 50.788516998291016
surprise: 82.28459930419922
neutral: 60.78764343261719
fear: 67.00170135498047
neutral: 43.683876037597656
surprise: 54.970916748046875
surprise: 57.23282241821289
surprise: 34.46454620361328
surprise: 50.581871032714844
surprise: 99.50055694580078
fear: 90.59745788574219
fear: 72.49594116210938
sad: 85.7938003540039
fear: 93.46126556396484
sad: 76.6588363647461
sad: 95.20044708251953
sad: 99.73931121826172
fear: 82.88104248046875
sad: 54.66498565673828
fear: 74.76074981689453
neutral: 97.08074951171875
neutral: 98.50944519042969
neutral: 99.91602325439453
neutral: 99.62885284423828
neutral: 99.87885284423828
neutral: 98.0355224609375
neutral: 98.8817367553711
neutral: 99.48567962646484
sad: 55.14274978637695
fear: 73.40771484375
sad: 90.4505844116211
fear: 66.9405746459961
fear: 54.27471923828125
neutral: 84.54084014892578
angry: 85.28853607177734
fear: 52.10392379760742
neutral: 99.65306091308594
neutral: 49.908485412597656
fear: 52.31638717651367
neutral: 99.9237060546875
neutral: 99.89234924316406
neutral: 97.55842590332031
neutral: 99.95685577392578
sad: 96.43775177001953
angry: 53.124393463134766
fear: 69.38794708251953
sad: 82.58517456054688
fear: 92.6619873046875
sad: 65.44483184814453
sad: 73.95016479492188
sad: 85.72434997558594
sad: 92.69686126708984
sad: 88.4112319946289
sad: 89.03189849853516
sad: 66.98612213134766
sad: 92.06167602539062
sad: 98.80279541015625
sad: 93.86624908447266
happy: 88.03404998779297
fear: 99.42443084716797
happy: 99.0564956665039
sad: 89.1280746459961
happy: 68.13395690917969
happy: 97.23298645019531
sad: 78.3705062866211
sad: 76.36378479003906
sad: 90.4774398803711
sad: 58.5496711730957
surprise: 61.527984619140625
surprise: 99.78739929199219
surprise: 96.81155395507812
surprise: 83.98140716552734
surprise: 87.47337341308594
fear: 64.71537780761719
surprise: 99.82206726074219
surprise: 70.62399291992188
surprise: 87.18946075439453
fear: 94.05500793457031
sad: 99.77731323242188
angry: 99.7454605102539
fear: 86.64353942871094
fear: 79.07217407226562
fear: 83.02242279052734
fear: 90.7187271118164
fear: 86.82767486572266
fear: 80.23135375976562
fear: 88.74617767333984
fear: 90.27473449707031
fear: 90.55760955810547
fear: 73.4238510131836
fear: 71.38077545166016
fear: 95.99815368652344
fear: 93.2844009399414
fear: 76.75169372558594
sad: 54.22671890258789
sad: 63.2392578125
sad: 88.9858169555664
sad: 43.83671188354492
sad: 99.82481384277344
fear: 95.65947723388672
fear: 72.8592758178711
fear: 91.15948486328125
fear: 59.9713020324707
fear: 75.34709930419922
fear: 67.88178253173828
neutral: 80.15669250488281
sad: 84.14073944091797
sad: 98.22293853759766
sad: 97.31177520751953
sad: 97.82755279541016
sad: 94.24627685546875
sad: 99.8598861694336
angry: 62.01512145996094
angry: 64.9075927734375
sad: 92.5723648071289
fear: 72.64078521728516
fear: 81.86297607421875
sad: 81.32794952392578
sad: 75.78092193603516
sad: 72.05565643310547
sad: 85.1505355834961
sad: 79.5301513671875
sad: 76.0157699584961
sad: 80.78795623779297
sad: 81.91423034667969
sad: 79.14508819580078
sad: 82.02892303466797
sad: 63.35261917114258
sad: 55.36735534667969
neutral: 80.82904052734375
neutral: 82.7217788696289
neutral: 81.37419128417969
neutral: 81.22014617919922
neutral: 70.49297332763672
fear: 73.12356567382812
angry: 58.65093231201172
sad: 98.447265625
sad: 97.77701568603516
sad: 65.95999145507812
neutral: 91.2950668334961
neutral: 92.02903747558594
neutral: 89.59112548828125
neutral: 83.68618774414062
neutral: 81.25172424316406
neutral: 79.49114990234375
neutral: 73.53225708007812
neutral: 76.00650787353516
neutral: 84.45068359375
neutral: 79.72663879394531
neutral: 85.21609497070312
neutral: 79.01025390625
neutral: 75.48296356201172
neutral: 76.7637939453125
neutral: 77.26817321777344
neutral: 77.97679138183594
neutral: 80.92313385009766
neutral: 78.05206298828125
neutral: 83.09170532226562
neutral: 81.90093231201172
neutral: 73.93731689453125
neutral: 83.70452880859375
neutral: 78.19866180419922
neutral: 74.24241638183594
neutral: 78.44419860839844
neutral: 76.8945541381836
neutral: 74.46776580810547
neutral: 77.36161804199219
neutral: 76.93029022216797
neutral: 72.0804443359375
neutral: 79.01921081542969
neutral: 77.15969848632812
neutral: 81.66870880126953
neutral: 87.17350769042969
neutral: 84.11426544189453
neutral: 84.29518127441406
neutral: 85.24664306640625
neutral: 78.30686950683594
neutral: 89.23097229003906
neutral: 83.12395477294922
neutral: 87.8714828491211
neutral: 80.95218658447266
sad: 98.29268646240234
sad: 79.41963958740234
sad: 75.63678741455078
sad: 76.3665771484375
sad: 62.8178825378418
sad: 63.94272994995117
neutral: 54.86433029174805
neutral: 75.94859313964844
neutral: 78.92423248291016
neutral: 69.10985565185547
neutral: 83.91610717773438
neutral: 79.96369934082031
neutral: 90.37135314941406
neutral: 74.33868408203125
neutral: 79.30168151855469
neutral: 90.32460021972656
neutral: 91.38800811767578
angry: 84.82621002197266
angry: 62.285614013671875
angry: 99.90519714355469
angry: 99.92117309570312
angry: 99.95880889892578
angry: 99.96705627441406
angry: 99.99050903320312
angry: 99.9710922241211
angry: 99.98296356201172
neutral: 96.85420227050781
neutral: 92.93057250976562
neutral: 91.46578216552734
neutral: 95.81853485107422
neutral: 94.84654235839844
neutral: 93.8057861328125
neutral: 95.41062927246094
neutral: 92.12635803222656
neutral: 92.27716827392578
neutral: 88.71466827392578
neutral: 91.40922546386719
neutral: 91.46149444580078
sad: 85.00447845458984
angry: 86.20597076416016
angry: 61.4222297668457
angry: 76.87432861328125
angry: 88.8191146850586
angry: 77.70556640625
angry: 93.31033325195312
sad: 62.5997200012207
fear: 67.6563949584961
angry: 99.62288665771484
sad: 78.32488250732422
sad: 59.259944915771484
sad: 85.53911590576172
sad: 88.22676849365234
neutral: 54.58799743652344
angry: 69.08363342285156
angry: 84.99485778808594
angry: 92.49850463867188
angry: 95.16496276855469
angry: 98.0840835571289
angry: 98.41050720214844
angry: 65.86072540283203
neutral: 94.09077453613281
neutral: 97.13868713378906
neutral: 96.18373107910156
neutral: 59.98392105102539
neutral: 49.40005874633789
sad: 48.94554138183594
sad: 71.67105865478516
neutral: 63.07643127441406
angry: 47.3764533996582
sad: 61.95411682128906
neutral: 58.16783142089844
fear: 52.03816223144531
sad: 53.81835174560547
neutral: 58.583702087402344
happy: 97.21134948730469
happy: 95.6144027709961
sad: 95.25066375732422
happy: 98.42296600341797
neutral: 56.306182861328125
neutral: 77.87661743164062
sad: 42.80160140991211
fear: 58.881492614746094
sad: 83.34910583496094
happy: 50.6529655456543
angry: 58.2740592956543
fear: 99.99166107177734
sad: 42.120155334472656
sad: 58.39784622192383
happy: 64.22329711914062
sad: 77.91670227050781
sad: 55.22377395629883
neutral: 53.30420684814453
fear: 56.903934478759766
fear: 77.31439971923828
happy: 99.13967895507812
neutral: 85.80693817138672
neutral: 82.40975952148438
happy: 99.90264129638672
happy: 99.92505645751953
happy: 97.31809997558594
sad: 46.738834381103516
fear: 50.938331604003906
neutral: 66.51016235351562
neutral: 81.34823608398438
sad: 43.248497009277344
neutral: 74.41127014160156
neutral: 95.12677764892578
neutral: 88.54124450683594
neutral: 95.0001449584961
neutral: 81.63191986083984
neutral: 83.45836639404297
neutral: 69.3818588256836
sad: 87.2118911743164
neutral: 77.5406265258789
sad: 83.376220703125
neutral: 96.58746337890625
sad: 99.31230926513672
sad: 99.1702880859375
sad: 96.33541870117188
happy: 59.745304107666016
sad: 94.22863006591797
sad: 98.99330139160156
sad: 56.735755920410156
sad: 54.68763732910156
fear: 45.528446197509766
happy: 97.70108795166016
neutral: 73.99219512939453
sad: 60.946441650390625
sad: 67.81880950927734
neutral: 44.379249572753906
happy: 99.19348907470703
happy: 99.33531188964844
happy: 97.80741882324219
fear: 90.57754516601562
sad: 47.22177505493164
fear: 77.393310546875
fear: 86.3771743774414
fear: 98.56742095947266
fear: 98.42461395263672
fear: 62.01559829711914
neutral: 82.57744598388672
happy: 84.43185424804688
fear: 48.18914794921875
fear: 63.49442672729492
fear: 96.17122650146484
fear: 50.254425048828125
happy: 98.9214096069336
neutral: 99.97218322753906
happy: 97.62386322021484
happy: 99.98699951171875
happy: 99.99919891357422
happy: 99.98412322998047
sad: 88.85923767089844
happy: 99.78958129882812
sad: 63.24412155151367
happy: 91.9512939453125
happy: 98.15213012695312
sad: 61.48372268676758
fear: 50.62739562988281
sad: 62.94584274291992
happy: 95.52393341064453
happy: 99.99767303466797
happy: 99.9932861328125
happy: 99.98481750488281
happy: 99.99442291259766
sad: 91.69621276855469
sad: 88.52910614013672
sad: 90.94929504394531
sad: 58.6016731262207
sad: 57.15460205078125
happy: 99.94034576416016
sad: 64.14704895019531
sad: 93.49012756347656
sad: 93.08183288574219
sad: 93.63050079345703
happy: 99.64395141601562
happy: 99.99407958984375
sad: 94.85529327392578
happy: 99.99978637695312
sad: 52.82177734375
sad: 55.24282455444336
neutral: 43.516998291015625
sad: 71.2359619140625
sad: 86.46881866455078
sad: 60.25846481323242
sad: 53.737125396728516
sad: 63.270259857177734
sad: 86.55067443847656
sad: 42.07350540161133
sad: 97.56503295898438
sad: 75.82774353027344
sad: 90.93521881103516
sad: 64.49769592285156
sad: 63.9251823425293
sad: 95.08821105957031
sad: 94.84012603759766
sad: 83.56898498535156
sad: 96.81900787353516
sad: 92.44939422607422
sad: 72.1396713256836
sad: 66.28549194335938
sad: 75.89701080322266
sad: 85.69085693359375
sad: 61.1014289855957
sad: 75.54631042480469
sad: 93.21957397460938
sad: 91.0552749633789
sad: 98.71831512451172
happy: 99.76799774169922
sad: 93.83769989013672
sad: 95.43125915527344
sad: 98.70323181152344
sad: 96.62579345703125
sad: 98.3402328491211
sad: 94.99905395507812
sad: 97.0079574584961
sad: 94.96334838867188
sad: 56.53862762451172
angry: 97.92694091796875
sad: 99.31790924072266
happy: 99.99201202392578
happy: 99.99888610839844
sad: 48.750831604003906
happy: 96.10984802246094
happy: 99.99846649169922
happy: 99.97515869140625
sad: 98.58222961425781
angry: 99.99999237060547
angry: 99.99974060058594
angry: 100.0
angry: 100.0
angry: 98.22755432128906
sad: 68.57637023925781
happy: 99.99999237060547
happy: 99.99993133544922
sad: 69.76219177246094
sad: 98.76768493652344
neutral: 91.55327606201172
neutral: 60.32543182373047
fear: 96.69904327392578
fear: 36.499778747558594
fear: 87.73536682128906
sad: 99.0747299194336
sad: 97.8609848022461
angry: 99.99635314941406
angry: 100.0
angry: 99.99899291992188
angry: 99.96236419677734
angry: 99.99620819091797
sad: 91.68331146240234
angry: 100.0
angry: 100.0
angry: 100.0
angry: 99.99980926513672
neutral: 99.98039245605469
angry: 99.99188995361328
happy: 99.99915313720703
happy: 99.9998550415039
happy: 99.99996185302734
neutral: 82.79727935791016
happy: 99.99919891357422
happy: 99.9732894897461
sad: 55.22420883178711
sad: 54.58689498901367
sad: 83.55866241455078
neutral: 41.99872589111328
sad: 99.3691177368164
happy: 97.19522094726562
sad: 95.80140686035156
sad: 94.67985534667969
sad: 71.18495178222656
sad: 81.52510833740234
neutral: 74.5596923828125
fear: 62.527217864990234
sad: 98.45478057861328
happy: 99.99844360351562
happy: 99.98991394042969
sad: 96.26616668701172
sad: 97.02632904052734
sad: 98.54826354980469
neutral: 91.74629211425781
neutral: 100.0
happy: 99.9964828491211
happy: 99.99970245361328
sad: 97.62757873535156
happy: 99.92290496826172
happy: 99.99210357666016
happy: 99.99028778076172
happy: 99.99398040771484
sad: 99.6951904296875
happy: 99.98920440673828
happy: 99.99915313720703
happy: 99.99639892578125
happy: 99.9977798461914
happy: 99.99967193603516
happy: 99.99980926513672
happy: 99.99993896484375
happy: 99.99982452392578
happy: 92.50440979003906
happy: 99.3448257446289
happy: 99.99603271484375
happy: 99.99951934814453
happy: 99.99720764160156
happy: 99.97871398925781
happy: 99.99266815185547
happy: 99.98839569091797
happy: 99.99195098876953
happy: 99.98902130126953
happy: 99.98884582519531
happy: 99.9809341430664
happy: 99.99644470214844
happy: 99.98817443847656
happy: 99.99276733398438
happy: 99.99674224853516
happy: 99.99786376953125
happy: 99.9988021850586
happy: 99.998779296875
happy: 96.34904479980469
angry: 82.70353698730469
sad: 48.65380859375
neutral: 69.71543884277344
angry: 99.45305633544922
neutral: 75.93791198730469
neutral: 92.9501724243164
neutral: 87.4168472290039
neutral: 86.111572265625
neutral: 58.83958435058594
sad: 48.349308013916016
happy: 99.9696044921875
happy: 99.45690155029297
happy: 99.94707489013672
sad: 58.16667938232422
sad: 69.18482208251953
sad: 65.00335693359375
fear: 45.770042419433594
fear: 48.02970504760742
neutral: 61.64638900756836
sad: 83.44094848632812
happy: 99.99974822998047
sad: 98.1343765258789
sad: 99.53186798095703
sad: 98.7755126953125
sad: 98.41411590576172
sad: 97.6656494140625
sad: 99.59661865234375
sad: 98.58374786376953
sad: 80.083740234375
sad: 99.411865234375
sad: 99.65275573730469
sad: 64.63558959960938
sad: 76.37230682373047
happy: 85.14921569824219
sad: 57.2415885925293
sad: 93.3543472290039
sad: 98.19988250732422
sad: 77.52127838134766
sad: 94.87431335449219
sad: 71.78421020507812
sad: 86.17957305908203
sad: 97.22828674316406
sad: 71.61378479003906
happy: 99.94892120361328
sad: 99.89727783203125
sad: 99.54911804199219
sad: 94.97618865966797
sad: 91.95425415039062
sad: 99.92479705810547
happy: 99.96969604492188
sad: 95.21743774414062
happy: 99.71302032470703
sad: 99.85115814208984
happy: 99.96700286865234
sad: 97.67636108398438
sad: 98.38792419433594
sad: 95.78083038330078
surprise: 85.0294418334961
sad: 75.55781555175781
sad: 99.44182586669922
sad: 62.74518966674805
happy: 99.97249603271484
sad: 58.2626953125
happy: 70.72063446044922
sad: 97.72994995117188
sad: 96.90453338623047
sad: 97.47154998779297
sad: 99.71815490722656
sad: 85.5124282836914
happy: 99.95742797851562
sad: 86.83262634277344
happy: 99.69454956054688
angry: 83.03594970703125
fear: 92.90927124023438
fear: 86.52218627929688
angry: 88.04918670654297
fear: 95.18907165527344
angry: 97.13160705566406
angry: 94.71599578857422
neutral: 81.43012237548828
sad: 89.72279357910156
angry: 92.62518310546875
angry: 98.798828125
angry: 99.82816314697266
fear: 81.2182846069336
angry: 56.98899841308594
fear: 63.98005676269531
fear: 74.4821548461914
angry: 78.03800964355469
angry: 92.86268615722656
angry: 88.7244873046875
angry: 85.47917938232422
angry: 52.1347770690918
angry: 81.56564331054688
sad: 94.54912567138672
happy: 80.81334686279297
neutral: 97.68265533447266
fear: 51.93770217895508
sad: 77.69908142089844
fear: 90.07694244384766
angry: 54.19098663330078
fear: 83.01924896240234
sad: 98.42449951171875
happy: 83.8030776977539
happy: 99.78656768798828
happy: 94.5596923828125
sad: 57.31783676147461
fear: 95.52181243896484
happy: 99.99995422363281
happy: 99.99673461914062
happy: 99.95576477050781
happy: 99.9739990234375
happy: 98.2599105834961
happy: 99.98453521728516
happy: 97.814208984375
happy: 99.99796295166016
happy: 99.96839141845703
neutral: 57.9288330078125
sad: 99.4754867553711
happy: 99.87136840820312
happy: 99.99834442138672
fear: 66.02344512939453
happy: 99.92918395996094
happy: 99.94879150390625
happy: 99.98735046386719
happy: 99.99947357177734
neutral: 99.99993896484375
neutral: 99.98918151855469
neutral: 99.99645233154297
neutral: 93.75208282470703
neutral: 67.0122299194336
neutral: 49.66043472290039
neutral: 60.859458923339844
sad: 99.8010482788086
happy: 99.051025390625
happy: 90.71723937988281
happy: 85.11427307128906
happy: 76.83087921142578
happy: 86.02186584472656
neutral: 87.24137878417969
happy: 97.7159652709961
happy: 99.46234893798828
sad: 95.92747497558594
happy: 99.99998474121094
neutral: 89.1032485961914
neutral: 97.89925384521484
neutral: 96.72822570800781
neutral: 81.61971282958984
neutral: 64.72541046142578
neutral: 76.14483642578125
neutral: 99.1375732421875
neutral: 99.28190612792969
neutral: 77.96500396728516
fear: 49.7211799621582
neutral: 36.06475067138672
sad: 41.386436462402344
fear: 64.72771453857422
fear: 97.44522094726562
neutral: 90.3567123413086
neutral: 95.4509506225586
neutral: 95.49503326416016
neutral: 90.76179504394531
neutral: 80.04421997070312
sad: 61.50341796875
neutral: 59.42512130737305
neutral: 96.01112365722656
sad: 47.874298095703125
neutral: 57.04119110107422
sad: 53.51738739013672
neutral: 87.29630279541016
neutral: 71.8113784790039
fear: 50.895572662353516
fear: 45.89106369018555
fear: 84.94852447509766
fear: 57.84175491333008
sad: 37.94427490234375
sad: 42.053646087646484
fear: 38.06747817993164
sad: 48.114051818847656
sad: 43.535152435302734
fear: 97.6700210571289
fear: 68.28767395019531
fear: 63.50874328613281
fear: 63.95256042480469
happy: 95.65202331542969
happy: 97.13357543945312
happy: 99.28368377685547
happy: 99.99588012695312
happy: 99.99993133544922
sad: 70.78544616699219
happy: 99.8281478881836
happy: 99.98887634277344
happy: 98.85858917236328
happy: 99.41914367675781
happy: 99.35892486572266
happy: 66.5673599243164
happy: 99.99968719482422
neutral: 56.697837829589844
fear: 50.305908203125
fear: 82.36627960205078
sad: 48.22871398925781
fear: 92.91397857666016
fear: 85.30760192871094
fear: 82.42101287841797
happy: 96.3630599975586
sad: 45.26103973388672
fear: 45.12797164916992
neutral: 39.3871955871582
neutral: 96.40633392333984
happy: 90.1734619140625
neutral: 90.74726867675781
sad: 60.955726623535156
neutral: 50.13452911376953
neutral: 61.187744140625
neutral: 94.35232543945312
sad: 52.67362594604492
sad: 42.904781341552734
happy: 99.98078918457031
sad: 89.1781997680664
sad: 97.93881225585938
sad: 91.80020141601562
sad: 67.95480346679688
fear: 94.92562103271484
sad: 52.1739616394043
fear: 73.49309539794922
sad: 92.89249420166016
sad: 96.22136688232422
sad: 99.35945892333984
fear: 86.5650405883789
fear: 91.97660064697266
sad: 78.16160583496094
sad: 97.56732940673828
sad: 99.65543365478516
neutral: 80.85918426513672
neutral: 71.37491607666016
sad: 99.74827575683594
neutral: 70.68840789794922
neutral: 69.10247802734375
happy: 99.03450775146484
happy: 87.1461410522461
happy: 99.96403503417969
neutral: 83.22806549072266
neutral: 75.19950103759766
fear: 53.98636245727539
fear: 84.84782409667969
neutral: 93.6410140991211
neutral: 68.72608947753906
neutral: 45.63060760498047
fear: 47.6556282043457
neutral: 94.42918395996094
neutral: 69.68328094482422
neutral: 85.98544311523438
happy: 88.61672973632812
fear: 76.31963348388672
fear: 99.75306701660156
fear: 99.32918548583984
fear: 97.2034912109375
sad: 64.54935455322266
fear: 96.48375701904297
fear: 93.73114013671875
happy: 99.91077423095703
fear: 91.10682678222656
happy: 76.31893157958984
fear: 99.47869110107422
fear: 64.31803894042969
fear: 99.16226196289062
fear: 99.83623504638672
fear: 98.87995147705078
fear: 99.88834381103516
fear: 99.9624252319336
sad: 64.70091247558594
fear: 78.45714569091797
fear: 34.63713073730469
fear: 79.17639923095703
neutral: 99.99351501464844
happy: 99.33000183105469
happy: 80.90270233154297
happy: 84.97444152832031
happy: 99.90567779541016
fear: 87.99485778808594
sad: 65.49990844726562
sad: 96.8264389038086
fear: 93.79974365234375
sad: 94.1958236694336
sad: 89.5982894897461
sad: 91.2094497680664
fear: 82.38465881347656
sad: 64.97201538085938
sad: 50.35317611694336
neutral: 68.92546081542969
neutral: 89.82177734375
neutral: 74.74665069580078
neutral: 44.8192024230957
neutral: 68.73095703125
neutral: 60.33082580566406
neutral: 83.26129150390625
neutral: 36.373382568359375
fear: 96.39408874511719
sad: 94.14945220947266
sad: 69.51875305175781
neutral: 88.37812042236328
neutral: 40.31056213378906
fear: 35.44172668457031
fear: 74.09029388427734
sad: 37.65396499633789
neutral: 63.50747299194336
neutral: 52.64760208129883
neutral: 61.38227462768555
neutral: 58.214027404785156
neutral: 70.64614868164062
neutral: 66.0536880493164
neutral: 59.351444244384766
sad: 75.01583099365234
fear: 86.7459487915039
sad: 99.89507293701172
sad: 98.69100189208984
fear: 63.559871673583984
sad: 50.75032043457031
fear: 81.85919952392578
fear: 84.47271728515625
sad: 98.69021606445312
sad: 76.2973861694336
sad: 93.13677978515625
happy: 97.13627624511719
sad: 45.13739013671875
sad: 99.98025512695312
sad: 93.7265625
sad: 95.50505828857422
sad: 97.14694213867188
sad: 89.28334045410156
sad: 95.55290985107422
sad: 99.6747055053711
sad: 99.7967300415039
sad: 95.06126403808594
sad: 74.37518310546875
sad: 99.17586517333984
sad: 76.4577865600586
sad: 97.89043426513672
sad: 92.68438720703125
sad: 98.6289291381836
sad: 95.99788665771484
sad: 68.71878814697266
sad: 57.000762939453125
surprise: 70.9901351928711
fear: 97.93891143798828
fear: 72.99356079101562
sad: 41.9813232421875
fear: 98.98895263671875
happy: 99.80935668945312
sad: 99.19084930419922
neutral: 51.27082443237305
sad: 98.63591766357422
sad: 97.95993041992188
fear: 87.70025634765625
fear: 96.83043670654297
fear: 82.70091247558594
fear: 89.67214965820312
fear: 87.2429428100586
fear: 93.07640838623047
sad: 51.15597152709961
sad: 58.860172271728516
fear: 82.9970474243164
angry: 99.56147003173828
sad: 80.40079498291016
fear: 75.61894989013672
fear: 41.2855339050293
fear: 85.5788345336914
fear: 75.78382873535156
neutral: 77.7665023803711
sad: 78.28202819824219
sad: 99.5403823852539
happy: 77.78746795654297
sad: 84.60832214355469
sad: 53.61307144165039
fear: 66.74334716796875
fear: 57.831302642822266
neutral: 33.5438232421875
neutral: 39.87205123901367
neutral: 40.604732513427734
sad: 81.4100112915039
fear: 36.52175521850586
sad: 93.97874450683594
neutral: 77.53511810302734
sad: 75.29655456542969
sad: 36.775691986083984
fear: 94.78144073486328
sad: 33.77769470214844
fear: 66.52029418945312
sad: 97.35108947753906
sad: 98.48899841308594
fear: 95.09706115722656
fear: 89.9493637084961
fear: 94.39881134033203
fear: 87.31605529785156
fear: 89.41558837890625
fear: 67.25187683105469
angry: 86.41265869140625
fear: 96.0146713256836
fear: 92.85579681396484
angry: 54.0716552734375
fear: 59.472171783447266
fear: 79.02640533447266
fear: 69.43458557128906
fear: 52.12227249145508
fear: 66.40830993652344
fear: 87.06126403808594
fear: 93.23316955566406
fear: 98.72510528564453
fear: 98.37422180175781
fear: 97.76582336425781
fear: 97.11283111572266
fear: 76.86180877685547
angry: 91.14828491210938
fear: 99.26007080078125
fear: 99.80951690673828
fear: 73.7707290649414
fear: 58.30438995361328
fear: 63.95786666870117
fear: 52.82543182373047
angry: 71.34195709228516
angry: 58.54320526123047
angry: 52.93523025512695
fear: 53.162174224853516
happy: 46.50669860839844
fear: 42.013492584228516
angry: 77.15367889404297
angry: 76.13726806640625
angry: 56.86954116821289
fear: 68.7050552368164
fear: 64.38330078125
fear: 77.84477996826172
fear: 75.47422790527344
fear: 83.92269897460938
fear: 83.12210845947266
fear: 80.94718170166016
fear: 82.50416564941406
sad: 74.65985870361328
fear: 70.17664337158203
sad: 90.58187866210938
neutral: 94.44849395751953
sad: 99.49158477783203
sad: 99.56690979003906
sad: 99.99993133544922
fear: 77.1767349243164
neutral: 61.84421920776367
sad: 100.0
sad: 99.99998474121094
sad: 99.88360595703125
sad: 99.99991607666016
sad: 100.0
sad: 94.60504150390625
sad: 68.01087951660156
sad: 60.81037521362305
neutral: 51.17259979248047
sad: 58.74454879760742
neutral: 61.32919692993164
surprise: 71.27197265625
fear: 43.12035369873047
neutral: 53.22461700439453
happy: 59.8039436340332
sad: 97.99172973632812
fear: 35.743289947509766
surprise: 47.799652099609375
sad: 66.72525024414062
sad: 85.73201751708984
sad: 84.0607681274414
sad: 89.15644836425781
sad: 77.86333465576172
sad: 56.25374984741211
sad: 99.677734375
sad: 49.47948455810547
neutral: 55.639034271240234
neutral: 68.8547134399414
neutral: 78.70670318603516
neutral: 84.02940368652344
neutral: 93.04689025878906
neutral: 87.09785461425781
neutral: 88.86089324951172
neutral: 71.88365173339844
neutral: 75.96150970458984
neutral: 83.54082489013672
sad: 99.0589828491211
sad: 99.99146270751953
sad: 54.12289810180664
sad: 43.195457458496094
sad: 66.08362579345703
neutral: 39.376556396484375
angry: 55.660621643066406
neutral: 79.30618286132812
neutral: 93.72348022460938
fear: 47.00463104248047
fear: 51.5522575378418
neutral: 56.00840377807617
neutral: 69.15371704101562
fear: 98.53225708007812
sad: 99.5256118774414
fear: 68.35829162597656
sad: 99.74800872802734
sad: 85.76519775390625
sad: 86.58602142333984
sad: 69.8509292602539
sad: 99.44612121582031
sad: 94.1343002319336
sad: 98.47602081298828
sad: 99.80833435058594
fear: 75.01441955566406
fear: 95.03717803955078
angry: 84.63833618164062
fear: 98.40641784667969
fear: 97.5997085571289
fear: 98.50885009765625
fear: 52.36159133911133
sad: 95.0057373046875
sad: 94.73860931396484
sad: 81.11312103271484
sad: 91.04241180419922
sad: 97.59406280517578
sad: 95.40489959716797
sad: 98.6707534790039
sad: 94.58480072021484
sad: 88.37449645996094
sad: 97.22494506835938
sad: 98.02288055419922
sad: 96.73872375488281
sad: 94.20942687988281
sad: 97.72456359863281
sad: 98.70516967773438
sad: 98.489501953125
sad: 99.84112548828125
fear: 78.75440216064453
fear: 85.97030639648438
sad: 94.92384338378906
fear: 96.12146759033203
sad: 56.45602798461914
sad: 84.58647155761719
neutral: 75.51216125488281
neutral: 77.69673156738281
neutral: 59.60048294067383
neutral: 88.60897064208984
neutral: 59.05528259277344
neutral: 89.11546325683594
neutral: 88.29117584228516
neutral: 56.3803596496582
neutral: 91.69624328613281
neutral: 77.88758850097656
neutral: 56.279640197753906
neutral: 97.25824737548828
neutral: 96.74382019042969
sad: 64.8313217163086
sad: 97.68742370605469
happy: 61.82326889038086
sad: 49.44385528564453
sad: 90.96439361572266
happy: 99.80567169189453
fear: 99.7575912475586
fear: 99.21205139160156
fear: 97.1470718383789
sad: 99.89444732666016
fear: 92.11854553222656
fear: 94.97364807128906
fear: 65.87918853759766
sad: 99.99586486816406
sad: 48.494712829589844
fear: 51.021759033203125
fear: 88.61820220947266
fear: 67.3944320678711
sad: 55.92462921142578
happy: 95.56231689453125
happy: 77.96125793457031
angry: 39.626861572265625
sad: 99.9997787475586
sad: 99.99586486816406
sad: 99.9998550415039
sad: 99.99413299560547
sad: 99.99525451660156
neutral: 77.27783966064453
neutral: 82.25286102294922
sad: 99.92025756835938
sad: 99.8700942993164
sad: 99.99979400634766
angry: 51.964962005615234
neutral: 97.50867462158203
neutral: 90.93788146972656
sad: 49.63787841796875
surprise: 51.31267166137695
happy: 99.98387908935547
happy: 91.02774810791016
neutral: 94.24044036865234
neutral: 96.3438491821289
neutral: 74.70314025878906
neutral: 49.60612106323242
neutral: 96.48320007324219
neutral: 85.4426498413086
neutral: 70.17030334472656
neutral: 95.84843444824219
neutral: 81.19390869140625
neutral: 98.0807113647461
neutral: 99.37712860107422
neutral: 53.16649627685547
neutral: 80.84903717041016
neutral: 56.51624298095703
neutral: 63.847259521484375
neutral: 91.06256103515625
neutral: 49.20681381225586
angry: 86.66151428222656
fear: 98.93097686767578
neutral: 94.02104949951172
fear: 65.40327453613281
neutral: 85.95646667480469
neutral: 81.94581604003906
neutral: 67.40138244628906
fear: 98.65660858154297
fear: 84.11344146728516
sad: 99.96869659423828
happy: 69.51132202148438
sad: 88.82208251953125
sad: 96.7366714477539
sad: 99.89855194091797
neutral: 97.41132354736328
neutral: 45.273529052734375
sad: 86.84815979003906
sad: 39.07006072998047
happy: 79.99434661865234
fear: 48.41032791137695
fear: 60.683231353759766
sad: 44.32319641113281
fear: 92.42374420166016
sad: 42.10601806640625
fear: 37.896629333496094
sad: 31.055089950561523
neutral: 85.83467864990234
neutral: 95.35989379882812
neutral: 94.06413269042969
neutral: 78.65776062011719
neutral: 95.97914123535156
surprise: 59.65447235107422
happy: 76.72712707519531
neutral: 99.68408203125
neutral: 99.77751922607422
neutral: 79.34223937988281
happy: 80.90615844726562
sad: 88.83402252197266
neutral: 95.64543914794922
fear: 38.86772918701172
fear: 77.27570343017578
neutral: 85.87728118896484
fear: 74.65828704833984
angry: 98.68931579589844
fear: 77.88526153564453
fear: 61.480587005615234
neutral: 98.72620391845703
sad: 59.57489776611328
neutral: 95.77005767822266
sad: 53.82342529296875
sad: 54.16020202636719
fear: 59.06345748901367
neutral: 92.19798278808594
angry: 94.656982421875
surprise: 91.66006469726562
neutral: 94.68219757080078
surprise: 68.25990295410156
neutral: 92.41048431396484
surprise: 89.32299041748047
surprise: 57.60525131225586
neutral: 56.80483627319336
neutral: 72.75150299072266
neutral: 95.4588851928711
fear: 88.37364959716797
surprise: 72.92949676513672
surprise: 92.14822387695312
surprise: 96.50785827636719
neutral: 44.004737854003906
happy: 73.38837432861328
angry: 95.01774597167969
sad: 68.06493377685547
sad: 40.505859375
neutral: 54.19407653808594
angry: 97.45073699951172
angry: 94.47074890136719
sad: 99.92476654052734
sad: 99.9623031616211
sad: 97.8530502319336
angry: 94.53761291503906
happy: 57.13214111328125
sad: 37.92293930053711
angry: 92.04039764404297
sad: 57.97950744628906
sad: 94.83235931396484
sad: 65.34381866455078
sad: 39.084014892578125
sad: 48.08362579345703
sad: 72.80078887939453
sad: 68.4799575805664
neutral: 89.582763671875
neutral: 60.17399978637695
neutral: 69.79932403564453
neutral: 83.20046997070312
sad: 52.23849868774414
happy: 65.16210174560547
neutral: 54.70444107055664
happy: 91.85157775878906
happy: 95.9776382446289
sad: 74.07382202148438
sad: 57.365478515625
neutral: 38.53354263305664
neutral: 54.948116302490234
fear: 58.637550354003906
angry: 47.843994140625
happy: 87.7442398071289
happy: 53.77277755737305
neutral: 50.66779327392578
neutral: 45.156578063964844
happy: 98.19316864013672
neutral: 59.3312873840332
neutral: 83.12085723876953
neutral: 85.63108825683594
neutral: 79.52440643310547
happy: 82.88957214355469
happy: 91.434814453125
sad: 68.65605926513672
neutral: 67.33086395263672
neutral: 93.20540618896484
neutral: 57.60502243041992
neutral: 98.09739685058594
neutral: 92.04639434814453
neutral: 93.60686492919922
neutral: 94.97898864746094
neutral: 94.92774963378906
neutral: 95.12747192382812
neutral: 73.22247314453125
neutral: 97.08071899414062
neutral: 88.80715942382812
neutral: 81.72303771972656
neutral: 70.94575500488281
neutral: 43.61588668823242
angry: 40.271018981933594
neutral: 70.30781555175781
neutral: 61.71649169921875
neutral: 78.67825317382812
neutral: 46.61928939819336
neutral: 97.30613708496094
neutral: 84.38349151611328
neutral: 56.74807357788086
neutral: 72.33504486083984
neutral: 64.56404113769531
neutral: 74.0246810913086
neutral: 76.07936096191406
neutral: 81.37222290039062
neutral: 78.54896545410156
sad: 78.98954772949219
happy: 99.92535400390625
happy: 99.7697525024414
happy: 99.86060333251953
happy: 99.81163787841797
happy: 99.76581573486328
happy: 99.80839538574219
happy: 98.91459655761719
happy: 98.3896484375
happy: 99.70018768310547
happy: 99.89418029785156
happy: 99.85380554199219
happy: 99.46086120605469
happy: 99.93260955810547
happy: 99.99152374267578
happy: 99.933349609375
happy: 99.78276062011719
happy: 99.85626220703125
happy: 99.96626281738281
happy: 99.99652099609375
happy: 80.66938018798828
happy: 99.95914459228516
neutral: 65.16386413574219
happy: 98.42518615722656
neutral: 62.12192916870117
sad: 79.90312194824219
fear: 93.44568634033203
neutral: 87.70697021484375
neutral: 58.45686721801758
neutral: 90.51904296875
neutral: 80.97522735595703
fear: 99.29513549804688
fear: 93.43351745605469
fear: 91.76158142089844
fear: 87.2130126953125
fear: 95.22435760498047
fear: 88.06918334960938
fear: 99.73908233642578
fear: 99.97711944580078
fear: 99.98251342773438
fear: 99.96449279785156
neutral: 80.99972534179688
neutral: 42.91957473754883
sad: 92.95508575439453
neutral: 92.89472961425781
fear: 69.47140502929688
sad: 98.38847351074219
sad: 92.13383483886719
neutral: 43.127410888671875
sad: 93.1768798828125
sad: 66.65687561035156
fear: 99.95293426513672
sad: 60.188865661621094
sad: 76.11861419677734
sad: 97.63508605957031
sad: 50.02585220336914
sad: 62.006919860839844
fear: 99.13523864746094
sad: 61.137027740478516
fear: 83.95057678222656
neutral: 81.41133117675781
fear: 99.36063385009766
neutral: 54.99365234375
neutral: 78.27005767822266
sad: 35.6722412109375
happy: 40.125091552734375
happy: 52.417503356933594
sad: 88.95481872558594
fear: 58.666316986083984
neutral: 92.16614532470703
surprise: 81.22856140136719
surprise: 76.6816177368164
sad: 41.05959701538086
sad: 40.98512649536133
happy: 97.0477066040039
happy: 70.18512725830078
happy: 56.9796257019043
happy: 64.10443878173828
happy: 84.43836212158203
surprise: 74.30978393554688
surprise: 63.00537109375
happy: 86.62638854980469
happy: 79.8423080444336
happy: 42.92997360229492
angry: 73.75251770019531
angry: 86.13085174560547
happy: 68.85615539550781
happy: 84.29574584960938
happy: 72.5594711303711
happy: 85.53516387939453
happy: 83.81304168701172
angry: 81.05691528320312
fear: 45.087764739990234
angry: 39.93515396118164
angry: 54.302268981933594
happy: 30.37534523010254
surprise: 43.28522872924805
angry: 50.106201171875
happy: 58.84153747558594
happy: 81.09808349609375
sad: 79.4521484375
sad: 36.501949310302734
neutral: 55.15061569213867
sad: 48.949180603027344
fear: 51.50997543334961
sad: 56.64933776855469
sad: 52.46235275268555
happy: 96.2158432006836
neutral: 67.75070190429688
happy: 74.88597106933594
neutral: 71.4281234741211
sad: 99.99307250976562
neutral: 64.3629150390625
fear: 60.612571716308594
surprise: 35.8169059753418
sad: 91.09687042236328
sad: 99.09732818603516
happy: 99.43050384521484
sad: 89.07237243652344
sad: 88.12029266357422
sad: 79.16960144042969
sad: 59.685462951660156
surprise: 63.2784538269043
sad: 62.3746337890625
fear: 95.79408264160156
sad: 82.63432312011719
sad: 92.42971801757812
sad: 79.25836181640625
sad: 51.95924758911133
happy: 99.45378875732422
surprise: 83.74799346923828
happy: 72.41791534423828
happy: 92.45769500732422
happy: 68.10353088378906
sad: 92.03523254394531
happy: 99.98377990722656
sad: 98.23697662353516
sad: 74.36360168457031
sad: 99.59223937988281
sad: 80.85457611083984
sad: 58.40755081176758
happy: 99.2247314453125
sad: 93.55122375488281
happy: 98.3213882446289
sad: 85.19713592529297
neutral: 72.73809051513672
neutral: 76.22235870361328
neutral: 52.5291633605957
happy: 96.40872955322266
happy: 55.667564392089844
neutral: 67.18037414550781
sad: 99.89601135253906
sad: 70.01262664794922
neutral: 47.2058219909668
neutral: 58.446998596191406
neutral: 59.99992370605469
neutral: 50.896732330322266
neutral: 63.39434814453125
happy: 99.97553253173828
happy: 96.08818054199219
happy: 99.8424072265625
happy: 97.10265350341797
happy: 99.9635238647461
happy: 99.83673095703125
happy: 99.73897552490234
happy: 99.6260986328125
happy: 99.47138214111328
neutral: 90.66394805908203
neutral: 41.69140625
fear: 98.1158218383789
fear: 39.039493560791016
neutral: 40.762752532958984
sad: 47.94919967651367
sad: 53.13731384277344
neutral: 51.60138702392578
neutral: 60.91851043701172
neutral: 75.87015533447266
sad: 42.075103759765625
neutral: 61.74689483642578
fear: 98.63676452636719
fear: 99.37531280517578
happy: 97.3631362915039
sad: 50.21367263793945
fear: 99.99557495117188
fear: 99.99131774902344
fear: 93.25669860839844
fear: 98.2232437133789
angry: 47.28955078125
fear: 99.22721099853516
fear: 99.9808120727539
fear: 99.93146514892578
surprise: 40.539852142333984
fear: 51.50824737548828
neutral: 51.08427429199219
neutral: 95.41422271728516
neutral: 83.07559967041016
neutral: 92.3251724243164
neutral: 81.63794708251953
fear: 99.2496337890625
happy: 99.91780853271484
neutral: 71.37747192382812
sad: 99.54625701904297
sad: 68.29446411132812
neutral: 48.6163215637207
fear: 99.37939453125
fear: 99.91608428955078
fear: 73.53759765625
fear: 99.99017333984375
neutral: 74.3355712890625
fear: 97.57917785644531
fear: 98.4493408203125
fear: 99.99421691894531
fear: 94.26492309570312
fear: 98.9759521484375
neutral: 62.628028869628906
fear: 81.7186279296875
fear: 49.154762268066406
fear: 99.8887939453125
fear: 99.57304382324219
fear: 55.58120346069336
fear: 82.79183197021484
fear: 70.86878967285156
fear: 78.24775695800781
sad: 47.48588943481445
neutral: 74.9191665649414
neutral: 88.82301330566406
surprise: 76.9398193359375
fear: 83.3135986328125
fear: 95.37274932861328
fear: 81.37613677978516
fear: 93.97730255126953
fear: 94.20927429199219
neutral: 81.65074920654297
fear: 96.53820037841797
fear: 80.2884521484375
fear: 49.56358337402344
surprise: 74.1047592163086
fear: 77.04823303222656
neutral: 59.657405853271484
neutral: 95.81173706054688
sad: 48.02708435058594
sad: 55.06220245361328
fear: 97.62435913085938
fear: 99.5228271484375
fear: 87.94696044921875
fear: 95.11631774902344
fear: 77.41706085205078
fear: 55.965187072753906
neutral: 99.57475280761719
neutral: 61.9159049987793
fear: 98.16749572753906
fear: 60.96029281616211
neutral: 95.78851318359375
neutral: 99.39852142333984
fear: 70.67768096923828
neutral: 99.74335479736328
fear: 66.46198272705078
neutral: 87.10833740234375
fear: 98.45794677734375
sad: 87.8277587890625
sad: 97.359130859375
sad: 75.25437927246094
fear: 95.63516998291016
sad: 55.94732666015625
fear: 72.96826934814453
fear: 73.44633483886719
fear: 89.25497436523438
fear: 87.46394348144531
fear: 60.8936767578125
neutral: 68.14058685302734
fear: 48.284141540527344
fear: 99.9242172241211
fear: 99.93072509765625
fear: 99.9314193725586
fear: 50.641422271728516
surprise: 98.89043426513672
fear: 98.75753784179688
sad: 47.853424072265625
surprise: 70.44298553466797
sad: 65.56071472167969
fear: 95.24361419677734
neutral: 97.44866943359375
neutral: 98.4387435913086
fear: 63.46868896484375
neutral: 99.64816284179688
neutral: 98.82034301757812
neutral: 58.62693405151367
happy: 96.13128662109375
neutral: 83.5615005493164
fear: 73.66079711914062
fear: 87.79230499267578
fear: 76.68222045898438
sad: 50.40182876586914
fear: 72.58836364746094
neutral: 98.34426879882812
neutral: 98.1507568359375
neutral: 98.00072479248047
neutral: 99.31158447265625
sad: 93.8530502319336
happy: 65.58760070800781
sad: 63.82902145385742
happy: 93.45420837402344
happy: 97.18316650390625
happy: 98.99581146240234
happy: 78.44622039794922
happy: 91.51388549804688
neutral: 82.84391021728516
neutral: 91.23528289794922
happy: 51.162391662597656
happy: 96.41769409179688
happy: 92.97415924072266
happy: 93.41377258300781
happy: 97.86841583251953
happy: 91.14325714111328
happy: 92.3141860961914
happy: 99.18163299560547
happy: 95.68901824951172
neutral: 98.73983001708984
fear: 99.59468078613281
fear: 99.040283203125
sad: 75.08893585205078
happy: 50.39751434326172
happy: 99.4854507446289
happy: 99.2350082397461
happy: 99.99163055419922
happy: 98.41133880615234
neutral: 93.80651092529297
neutral: 71.62385559082031
neutral: 81.57799530029297
fear: 85.49535369873047
fear: 99.95960235595703
happy: 99.97803497314453
neutral: 99.89716339111328
sad: 46.1928825378418
neutral: 99.76697540283203
happy: 96.80342102050781
sad: 96.32327270507812
sad: 48.750389099121094
neutral: 95.47782897949219
neutral: 98.01212310791016
neutral: 98.7295913696289
neutral: 75.1733169555664
fear: 70.94422912597656
neutral: 86.34202575683594
neutral: 98.4566650390625
happy: 99.77472686767578
happy: 99.95584869384766
happy: 80.07599639892578
happy: 98.29185485839844
happy: 99.9967041015625
neutral: 99.78673553466797
neutral: 93.1454849243164
neutral: 78.85671997070312
neutral: 81.26880645751953
neutral: 43.4727783203125
sad: 42.1627082824707
sad: 44.92524719238281
neutral: 96.21157836914062
neutral: 78.84542083740234
neutral: 69.49869537353516
fear: 48.85211181640625
neutral: 64.072021484375
angry: 52.20697021484375
fear: 56.099300384521484
happy: 57.0681037902832
fear: 58.19294357299805
happy: 64.2578353881836
fear: 98.06845092773438
fear: 41.332950592041016
sad: 89.77075958251953
sad: 65.4556655883789
fear: 99.84825897216797
fear: 97.55781555175781
fear: 99.65535736083984
sad: 77.97689056396484
fear: 94.41802215576172
happy: 96.54396057128906
sad: 79.16813659667969
sad: 70.66194152832031
sad: 81.1826171875
sad: 52.59211730957031
fear: 49.99574661254883
neutral: 94.19692993164062
neutral: 63.934669494628906
sad: 72.89073944091797
neutral: 70.59709167480469
sad: 52.600372314453125
sad: 34.511383056640625
sad: 35.54732131958008
neutral: 45.17488098144531
sad: 75.0137939453125
neutral: 51.4080810546875
sad: 46.74795913696289
fear: 61.26726150512695
sad: 47.02723693847656
sad: 47.60353088378906
sad: 47.85377502441406
neutral: 45.205081939697266
sad: 45.8318977355957
happy: 81.30484771728516
neutral: 35.53193664550781
happy: 96.99889373779297
sad: 99.75902557373047
happy: 98.89898681640625
happy: 99.96633911132812
sad: 49.31782531738281
neutral: 51.17884826660156
sad: 36.418800354003906
neutral: 54.41272735595703
neutral: 39.2583122253418
sad: 48.97438049316406
neutral: 45.682106018066406
sad: 42.74200439453125
neutral: 55.23380661010742
neutral: 56.39441680908203
sad: 47.60603332519531
sad: 78.62993621826172
neutral: 99.63531494140625
angry: 72.49835205078125
neutral: 79.42388916015625
angry: 93.69207000732422
neutral: 69.13401794433594
neutral: 99.99949645996094
neutral: 99.98117065429688
neutral: 67.53276824951172
happy: 99.98328399658203
sad: 50.0369758605957
neutral: 72.71215057373047
neutral: 86.27152252197266
neutral: 43.3896598815918
sad: 96.71141815185547
happy: 99.49695587158203
neutral: 99.99984741210938
neutral: 99.99982452392578
neutral: 99.9998550415039
neutral: 99.99946594238281
neutral: 99.98016357421875
neutral: 99.99178314208984
fear: 39.350921630859375
fear: 41.16553497314453
sad: 76.69901275634766
sad: 41.32453155517578
neutral: 60.020267486572266
neutral: 89.125244140625
neutral: 72.53533935546875
neutral: 95.07620239257812
neutral: 54.43252182006836
neutral: 88.89388275146484
sad: 94.8343505859375
sad: 63.7270622253418
sad: 47.5397834777832
sad: 92.83677673339844
neutral: 66.87616729736328
neutral: 69.21106719970703
neutral: 49.5074348449707
fear: 62.086795806884766
neutral: 47.730003356933594
neutral: 60.14419174194336
neutral: 51.65227127075195
sad: 47.64128112792969
neutral: 37.32917404174805
sad: 47.06378173828125
neutral: 35.55768966674805
sad: 40.01956558227539
neutral: 48.58584213256836
sad: 36.83598709106445
fear: 42.21238327026367
fear: 55.9365234375
sad: 38.81226348876953
sad: 38.857383728027344
neutral: 55.782901763916016
fear: 51.60953140258789
happy: 73.79541778564453
happy: 66.11222076416016
happy: 99.56417846679688
happy: 99.99845886230469
sad: 33.5272102355957
sad: 90.19795227050781
sad: 75.31024932861328
happy: 96.5914535522461
neutral: 42.41888427734375
sad: 34.72099304199219
happy: 96.79242706298828
happy: 97.71040344238281
happy: 99.98336029052734
happy: 99.78226470947266
happy: 99.99775695800781
happy: 99.99898529052734
neutral: 47.42151641845703
neutral: 81.10863494873047
sad: 88.32765197753906
happy: 99.15267944335938
sad: 90.80289459228516
happy: 99.99317932128906
happy: 99.9275894165039
fear: 39.622135162353516
happy: 99.41885375976562
happy: 99.72792053222656
happy: 99.99044036865234
happy: 99.99616241455078
neutral: 37.66314697265625
neutral: 48.627288818359375
happy: 71.18348693847656
happy: 99.07684326171875
happy: 99.99921417236328
happy: 99.94856262207031
sad: 99.71942901611328
sad: 51.62220764160156
happy: 99.60050201416016
happy: 99.6995620727539
happy: 97.24787902832031
happy: 99.91779327392578
happy: 99.99665069580078
happy: 99.96405792236328
sad: 67.19788360595703
sad: 97.29383087158203
sad: 98.6622543334961
neutral: 80.26754760742188
neutral: 66.32662963867188
happy: 98.700927734375
sad: 73.3939208984375
sad: 79.96866607666016
sad: 76.74284362792969
neutral: 64.78106689453125
sad: 77.67615509033203
neutral: 46.561092376708984
neutral: 34.73357391357422
neutral: 77.77127075195312
sad: 99.37871551513672
happy: 70.57275390625
neutral: 43.8699836730957
neutral: 57.66099548339844
sad: 52.45606994628906
sad: 52.18219757080078
neutral: 52.06719207763672
sad: 76.03014373779297
angry: 60.419891357421875
angry: 75.85139465332031
angry: 86.52623748779297
neutral: 51.54911422729492
angry: 71.72555541992188
angry: 71.954833984375
angry: 98.346435546875
neutral: 53.19120788574219
happy: 82.27278137207031
angry: 93.7090072631836
happy: 94.53919219970703
happy: 88.3500747680664
happy: 51.30562210083008
neutral: 69.61546325683594
neutral: 82.37491607666016
neutral: 83.39508056640625
neutral: 89.10152435302734
neutral: 90.69857788085938
neutral: 90.96945190429688
happy: 98.7835464477539
happy: 72.18492889404297
happy: 63.506378173828125
neutral: 92.91082763671875
neutral: 94.1511001586914
neutral: 96.75762939453125
happy: 67.31831359863281
neutral: 83.77544403076172
neutral: 68.47587585449219
sad: 67.53250122070312
neutral: 68.01575469970703
fear: 96.71235656738281
sad: 87.37619018554688
sad: 72.76610565185547
neutral: 67.715087890625
fear: 76.35234832763672
sad: 40.59250259399414
sad: 58.02518081665039
neutral: 51.664024353027344
fear: 51.115570068359375
fear: 74.73686981201172
sad: 48.27079391479492
neutral: 77.86610412597656
neutral: 52.63114547729492
sad: 58.61882400512695
fear: 96.82719421386719
happy: 98.10681915283203
sad: 61.16967010498047
neutral: 88.91481018066406
neutral: 80.5429458618164
neutral: 62.33881759643555
neutral: 68.6524658203125
neutral: 55.049896240234375
sad: 56.85723876953125
fear: 41.524105072021484
fear: 46.66808319091797
neutral: 55.91704177856445
neutral: 63.67064666748047
neutral: 57.7366828918457
neutral: 77.58204650878906
sad: 71.83611297607422
sad: 90.66402435302734
neutral: 56.638614654541016
sad: 65.19992065429688
neutral: 64.87606048583984
neutral: 92.89862060546875
neutral: 95.06280517578125
neutral: 59.709720611572266
neutral: 69.96981811523438
neutral: 75.1901626586914
neutral: 73.60271453857422
neutral: 82.28115844726562
fear: 34.84248733520508
sad: 40.856624603271484
sad: 47.36308288574219
neutral: 86.15408325195312
neutral: 79.56493377685547
sad: 96.7877197265625
sad: 55.95127868652344
neutral: 51.79938507080078
neutral: 49.747283935546875
neutral: 83.05744171142578
neutral: 88.06876373291016
neutral: 68.66664123535156
neutral: 33.37660217285156
sad: 99.780517578125
neutral: 88.90480041503906
neutral: 98.2230453491211
sad: 44.74528121948242
neutral: 98.73479461669922
neutral: 56.80685806274414
neutral: 91.18004608154297
neutral: 97.77570343017578
neutral: 81.9439468383789
sad: 61.298282623291016
fear: 43.64257049560547
neutral: 84.53329467773438
sad: 46.8664665222168
neutral: 94.5284194946289
neutral: 88.97163391113281
neutral: 69.0079116821289
neutral: 58.92313766479492
neutral: 69.49517059326172
neutral: 72.30254364013672
neutral: 86.8667221069336
neutral: 69.29437255859375
sad: 66.86683654785156
neutral: 93.5428695678711
neutral: 62.50642395019531
neutral: 89.4771957397461
sad: 67.90765380859375
fear: 60.78446578979492
fear: 55.68643569946289
fear: 37.029388427734375
neutral: 71.33311462402344
neutral: 74.58572387695312
neutral: 81.12421417236328
neutral: 80.06019592285156
neutral: 67.93460083007812
neutral: 49.370487213134766
neutral: 84.94760131835938
sad: 53.11911392211914
neutral: 57.477638244628906
neutral: 45.835655212402344
sad: 59.1590690612793
neutral: 48.388851165771484
neutral: 80.46900939941406
sad: 91.72138214111328
fear: 62.04976272583008
neutral: 84.71526336669922
neutral: 82.46073913574219
fear: 38.77666473388672
neutral: 54.34743118286133
neutral: 84.78119659423828
neutral: 53.55105972290039
fear: 84.33849334716797
fear: 60.571556091308594
fear: 69.41592407226562
sad: 82.10093688964844
neutral: 93.07460021972656
neutral: 60.39772415161133
surprise: 33.94285583496094
surprise: 89.3763427734375
neutral: 44.35643005371094
neutral: 80.96597290039062
neutral: 74.09791564941406
surprise: 56.67876434326172
surprise: 69.19212341308594
surprise: 35.85329818725586
surprise: 54.995277404785156
neutral: 92.20203399658203
fear: 99.36283111572266
angry: 58.50464630126953
fear: 77.96629333496094
surprise: 44.12109375
fear: 45.72805404663086
sad: 72.17220306396484
angry: 76.42548370361328
angry: 93.03207397460938
angry: 89.7481460571289
surprise: 84.50410461425781
angry: 97.16669464111328
angry: 89.28649139404297
fear: 94.56976318359375
fear: 93.53701782226562
fear: 94.18464660644531
fear: 87.4571533203125
fear: 66.60073852539062
surprise: 83.08734893798828
sad: 92.5606460571289
angry: 99.50431060791016
sad: 61.309112548828125
sad: 99.94200134277344
angry: 49.16599655151367
happy: 99.7767105102539
fear: 70.51860809326172
surprise: 74.25443267822266
surprise: 99.70856475830078
surprise: 99.29708862304688
surprise: 99.26250457763672
surprise: 94.28775787353516
surprise: 97.98974609375
surprise: 73.35674285888672
sad: 99.85746002197266
neutral: 99.3188705444336
sad: 82.31050109863281
fear: 62.05556869506836
sad: 92.59610748291016
sad: 91.87096405029297
sad: 99.91988372802734
sad: 36.14424133300781
sad: 84.51996612548828
fear: 89.67437744140625
fear: 90.12682342529297
fear: 95.49161529541016
fear: 72.38416290283203
sad: 42.21403503417969
happy: 87.04024505615234
sad: 61.220733642578125
fear: 94.90797424316406
fear: 79.3763656616211
fear: 92.16184997558594
neutral: 59.64515686035156
happy: 100.0
happy: 100.0
sad: 92.93083190917969
fear: 69.37586975097656
sad: 91.44213104248047
sad: 94.05447387695312
disgust: 54.61344909667969
sad: 80.35536193847656
fear: 97.15486145019531
happy: 92.03580474853516
sad: 30.59680938720703
happy: 35.02690505981445
happy: 42.936805725097656
happy: 61.40299987792969
neutral: 85.1570053100586
happy: 51.23782730102539
fear: 60.745880126953125
fear: 80.18164825439453
fear: 87.79927062988281
fear: 77.02381134033203
sad: 99.97521209716797
happy: 99.99909973144531
fear: 99.05864715576172
fear: 92.54277038574219
fear: 99.92979431152344
fear: 99.99896240234375
fear: 99.99561309814453
fear: 99.82659912109375
neutral: 49.70036697387695
neutral: 95.25660705566406
neutral: 89.04396057128906
neutral: 57.105018615722656
neutral: 98.73680114746094
sad: 56.5002555847168
neutral: 75.39337921142578
neutral: 98.08926391601562
neutral: 95.82534790039062
neutral: 87.67688751220703
neutral: 35.480098724365234
neutral: 90.93568420410156
sad: 98.92918395996094
fear: 75.44886016845703
sad: 90.66632843017578
sad: 60.55867004394531
happy: 93.89537811279297
happy: 98.07408142089844
neutral: 53.75064468383789
happy: 95.07038116455078
sad: 55.813201904296875
neutral: 48.66655731201172
surprise: 51.631473541259766
neutral: 90.45775604248047
neutral: 96.89447021484375
neutral: 64.1243896484375
neutral: 92.68901824951172
