fear: 99.77743530273438
fear: 79.8610610961914
fear: 46.32269287109375
neutral: 78.8568344116211
neutral: 59.95359420776367
sad: 78.38093566894531
fear: 91.12620544433594
fear: 59.31658172607422
neutral: 62.19926452636719
fear: 55.652305603027344
sad: 48.578609466552734
sad: 32.62273406982422
sad: 57.893924713134766
sad: 70.5231704711914
fear: 53.14114761352539
sad: 67.56291198730469
sad: 61.83917999267578
neutral: 62.5706672668457
fear: 73.8232650756836
fear: 62.72031784057617
neutral: 63.82367706298828
fear: 45.54728317260742
sad: 42.345863342285156
neutral: 73.76618194580078
neutral: 45.392005920410156
neutral: 73.52073669433594
fear: 46.65404510498047
sad: 42.16889190673828
sad: 59.85410690307617
sad: 37.187740325927734
fear: 96.98306274414062
fear: 98.3455810546875
sad: 48.96398162841797
neutral: 48.64576721191406
happy: 95.23926544189453
sad: 58.967315673828125
fear: 77.71961975097656
fear: 55.13343811035156
fear: 70.08689880371094
fear: 72.59371185302734
fear: 78.23068237304688
fear: 87.53953552246094
fear: 54.60877990722656
fear: 38.94976806640625
neutral: 53.11857986450195
sad: 59.54288864135742
fear: 62.53878402709961
fear: 60.432090759277344
neutral: 85.02471160888672
neutral: 87.94013214111328
neutral: 80.4867172241211
neutral: 51.7249755859375
fear: 72.10681915283203
neutral: 52.87062072753906
neutral: 33.55399703979492
fear: 55.314849853515625
fear: 73.57614135742188
fear: 42.01660919189453
neutral: 62.398563385009766
sad: 48.58393478393555
fear: 37.00162124633789
sad: 55.97641372680664
sad: 58.48237228393555
fear: 53.024658203125
fear: 57.746742248535156
fear: 97.04510498046875
sad: 53.7780647277832
neutral: 80.23194122314453
sad: 78.87089538574219
fear: 37.08995056152344
sad: 44.12761688232422
fear: 40.83250045776367
sad: 53.35089111328125
fear: 62.240928649902344
sad: 55.645751953125
fear: 45.62803649902344
sad: 66.84418487548828
fear: 64.78662872314453
neutral: 31.89621353149414
fear: 42.33913040161133
sad: 39.4462890625
sad: 99.01752471923828
fear: 88.61712646484375
fear: 50.38914489746094
neutral: 73.15888214111328
neutral: 89.87166595458984
neutral: 96.45002746582031
neutral: 88.49726867675781
neutral: 64.50334167480469
fear: 38.952152252197266
fear: 57.862037658691406
neutral: 51.387542724609375
happy: 71.11563873291016
sad: 40.669002532958984
neutral: 61.213829040527344
neutral: 80.35556030273438
neutral: 56.01345443725586
sad: 44.94877624511719
neutral: 74.8470458984375
sad: 45.7451171875
neutral: 51.49296951293945
sad: 39.25722885131836
sad: 49.41489028930664
neutral: 57.75041580200195
neutral: 47.906558990478516
fear: 46.916725158691406
neutral: 74.1069107055664
fear: 37.7143440246582
sad: 51.92341232299805
sad: 55.22823715209961
fear: 50.52659225463867
neutral: 78.90214538574219
neutral: 59.676849365234375
fear: 67.33662414550781
neutral: 46.494632720947266
neutral: 42.353477478027344
happy: 43.0892333984375
happy: 60.50273132324219
fear: 49.72346115112305
fear: 56.83753967285156
sad: 41.51202392578125
sad: 56.251590728759766
sad: 58.416664123535156
sad: 66.90544891357422
fear: 75.68824768066406
fear: 84.2192153930664
sad: 59.179351806640625
sad: 44.74284362792969
sad: 87.48558807373047
disgust: 63.256473541259766
sad: 79.26439666748047
sad: 60.31553649902344
fear: 89.3016586303711
fear: 72.16400146484375
fear: 53.96837615966797
neutral: 63.796287536621094
fear: 49.931053161621094
fear: 48.227691650390625
fear: 50.045867919921875
sad: 55.70392608642578
sad: 60.91299057006836
sad: 58.57746124267578
neutral: 93.89679718017578
neutral: 81.99640655517578
happy: 93.77539825439453
sad: 37.07320785522461
sad: 37.955421447753906
sad: 55.78318786621094
sad: 95.20268249511719
sad: 86.98753356933594
sad: 84.70516967773438
happy: 96.73918151855469
happy: 91.7855224609375
happy: 98.92971801757812
sad: 80.38707733154297
angry: 94.65632629394531
angry: 75.43047332763672
sad: 97.16004943847656
fear: 51.947933197021484
fear: 64.51475524902344
fear: 64.63574981689453
happy: 98.76812744140625
happy: 97.88743591308594
fear: 73.5990982055664
neutral: 43.46593475341797
neutral: 32.21975326538086
fear: 60.45601272583008
fear: 41.49848937988281
sad: 99.6072769165039
sad: 95.02436065673828
sad: 98.4097900390625
sad: 99.94007873535156
sad: 98.13269805908203
sad: 99.97718048095703
sad: 98.92245483398438
sad: 99.70977020263672
fear: 58.161346435546875
sad: 97.17301940917969
sad: 99.90613555908203
sad: 99.9112548828125
sad: 99.98796844482422
sad: 99.99153900146484
sad: 99.99525451660156
sad: 56.64557647705078
sad: 99.97312927246094
sad: 99.95120239257812
sad: 99.95708465576172
sad: 99.9839096069336
sad: 99.62385559082031
sad: 99.97430419921875
sad: 98.1845474243164
fear: 86.38482666015625
sad: 99.97367095947266
sad: 99.98540496826172
sad: 98.3608627319336
sad: 99.5895767211914
sad: 99.98890686035156
happy: 99.30313873291016
sad: 98.21501159667969
sad: 99.9876937866211
sad: 98.58828735351562
sad: 99.93489074707031
sad: 99.9716796875
fear: 98.9312515258789
sad: 99.90853118896484
sad: 99.98219299316406
sad: 99.99181365966797
sad: 99.99002075195312
sad: 99.9950942993164
sad: 99.98328399658203
sad: 99.97123718261719
sad: 99.97149658203125
sad: 99.9869384765625
sad: 99.98100280761719
sad: 99.98294067382812
sad: 49.97900390625
sad: 99.9688949584961
sad: 99.96635437011719
sad: 99.9610595703125
sad: 99.98655700683594
sad: 99.99317169189453
sad: 99.99684143066406
sad: 99.98429870605469
sad: 99.99391174316406
sad: 99.8984603881836
sad: 99.99828338623047
sad: 99.98091125488281
sad: 99.990478515625
sad: 99.97879791259766
sad: 99.93898010253906
sad: 99.9956283569336
sad: 99.99788665771484
sad: 99.98658752441406
sad: 99.99718475341797
sad: 99.43395233154297
fear: 99.96711730957031
sad: 97.5352783203125
fear: 97.95439910888672
happy: 99.9046630859375
happy: 98.86473846435547
fear: 72.05974578857422
happy: 52.73427963256836
happy: 99.53032684326172
happy: 95.36639404296875
happy: 90.39298248291016
sad: 99.95610046386719
fear: 66.58367919921875
sad: 99.99468994140625
fear: 82.5384292602539
sad: 99.81595611572266
fear: 91.04443359375
sad: 99.83235168457031
happy: 76.31043243408203
happy: 99.73637390136719
sad: 99.98949432373047
happy: 60.18440246582031
happy: 73.2064437866211
happy: 69.85639953613281
happy: 57.32039260864258
happy: 63.34470748901367
sad: 99.9942626953125
sad: 99.97635650634766
sad: 99.82428741455078
sad: 99.2039566040039
sad: 99.78007507324219
sad: 99.94078826904297
sad: 99.92938995361328
sad: 99.98976135253906
sad: 99.99345397949219
sad: 99.97604370117188
sad: 99.98690795898438
sad: 99.98328399658203
sad: 99.98648834228516
sad: 99.98571014404297
sad: 99.75664520263672
neutral: 93.32464599609375
happy: 72.21499633789062
sad: 50.11103057861328
neutral: 67.1166763305664
neutral: 81.39892578125
neutral: 69.53800964355469
neutral: 68.82659912109375
sad: 56.37849426269531
fear: 58.92123031616211
neutral: 62.03221893310547
neutral: 31.591514587402344
neutral: 47.84947204589844
sad: 45.13713073730469
sad: 38.84657287597656
sad: 52.26441192626953
fear: 40.142250061035156
sad: 50.289676666259766
neutral: 36.576175689697266
sad: 45.00287628173828
sad: 45.407615661621094
neutral: 44.45768737792969
neutral: 73.25792694091797
neutral: 52.94364547729492
fear: 70.77542877197266
fear: 55.0348014831543
neutral: 63.91312789916992
neutral: 91.67057800292969
sad: 82.83467102050781
neutral: 93.19951629638672
neutral: 44.67325973510742
neutral: 78.30941772460938
neutral: 42.72428512573242
sad: 99.8382568359375
sad: 99.53459167480469
sad: 99.87713623046875
sad: 99.65167999267578
sad: 99.83699798583984
sad: 99.60372924804688
sad: 99.67953491210938
fear: 99.81456756591797
fear: 99.58551025390625
sad: 99.98829650878906
fear: 99.9007797241211
fear: 99.7680892944336
sad: 99.99703216552734
fear: 99.97383880615234
fear: 99.8819808959961
fear: 99.13803100585938
fear: 97.9450454711914
fear: 99.51912689208984
fear: 99.28907775878906
fear: 89.47554779052734
sad: 58.97809982299805
fear: 59.5749397277832
fear: 56.85795211791992
fear: 99.77771759033203
fear: 91.87252807617188
fear: 94.02487182617188
fear: 98.60858917236328
fear: 99.23201751708984
fear: 99.63587188720703
fear: 99.52099609375
fear: 99.78040313720703
fear: 99.75859069824219
fear: 99.67289733886719
fear: 99.81271362304688
fear: 99.56072235107422
fear: 99.76913452148438
fear: 97.856689453125
fear: 96.96172332763672
fear: 99.77301025390625
fear: 99.85029602050781
fear: 99.91664123535156
fear: 99.91706085205078
sad: 98.52870178222656
sad: 98.3644790649414
sad: 94.12104797363281
sad: 95.75906372070312
sad: 95.6192398071289
fear: 99.55020904541016
fear: 99.74498748779297
fear: 99.83537292480469
fear: 99.49609375
fear: 99.64797973632812
fear: 99.88339233398438
fear: 99.83789825439453
fear: 99.49073791503906
fear: 99.66917419433594
fear: 99.57362365722656
fear: 99.5438003540039
fear: 99.36551666259766
fear: 99.01553344726562
fear: 98.96796417236328
fear: 99.49040985107422
fear: 99.62244415283203
fear: 99.3906021118164
sad: 87.53315734863281
fear: 98.94470977783203
fear: 99.41826629638672
fear: 99.00898742675781
sad: 99.31687927246094
sad: 99.63788604736328
fear: 99.77293395996094
sad: 96.58562469482422
fear: 98.95343017578125
sad: 99.12000274658203
fear: 99.63643646240234
fear: 99.60797119140625
fear: 97.1064453125
fear: 99.4267349243164
fear: 99.46513366699219
neutral: 82.54937744140625
fear: 48.131649017333984
neutral: 51.65728759765625
fear: 65.80247497558594
fear: 77.5361557006836
neutral: 51.87320327758789
neutral: 73.53084564208984
neutral: 61.81912612915039
neutral: 58.16217041015625
neutral: 81.70622253417969
neutral: 74.75440216064453
neutral: 80.47382354736328
fear: 83.75434875488281
sad: 98.2754135131836
sad: 98.9789047241211
fear: 92.53728485107422
fear: 97.77649688720703
fear: 94.25252532958984
fear: 97.09436798095703
fear: 93.64350891113281
fear: 70.65169525146484
fear: 87.5882797241211
fear: 93.06969451904297
fear: 90.74801635742188
fear: 99.079833984375
sad: 88.80803680419922
sad: 85.12030792236328
fear: 96.9939193725586
fear: 90.17032623291016
fear: 82.0860824584961
fear: 97.43678283691406
fear: 92.11027526855469
fear: 97.9037094116211
neutral: 62.752662658691406
neutral: 81.10685729980469
neutral: 94.39986419677734
neutral: 81.44657897949219
neutral: 91.48998260498047
neutral: 94.6466064453125
neutral: 95.00582885742188
neutral: 87.8573989868164
sad: 57.358909606933594
neutral: 95.32894897460938
neutral: 83.36664581298828
neutral: 61.501190185546875
neutral: 74.73263549804688
neutral: 90.41898345947266
neutral: 82.77495574951172
neutral: 99.02880096435547
sad: 48.45537185668945
sad: 99.3988265991211
sad: 98.2980728149414
sad: 96.54956817626953
sad: 71.60761260986328
neutral: 95.65039825439453
neutral: 95.41099548339844
neutral: 97.71952819824219
neutral: 93.40424346923828
neutral: 83.51081848144531
neutral: 92.22945404052734
neutral: 88.81993865966797
neutral: 92.15705108642578
neutral: 93.6461410522461
neutral: 92.72872161865234
neutral: 92.13700103759766
neutral: 93.60201263427734
neutral: 92.43333435058594
neutral: 93.40562438964844
neutral: 90.8470687866211
neutral: 90.70453643798828
neutral: 93.54488372802734
neutral: 70.3863525390625
neutral: 92.61257934570312
neutral: 72.1577377319336
neutral: 91.72036743164062
neutral: 95.60166931152344
neutral: 91.97422790527344
neutral: 60.80419158935547
neutral: 76.60077667236328
neutral: 92.88225555419922
neutral: 84.24286651611328
neutral: 86.57682800292969
neutral: 79.77059173583984
neutral: 77.11649322509766
neutral: 72.3744125366211
neutral: 70.50935363769531
neutral: 70.11714172363281
neutral: 56.45417404174805
neutral: 65.71923828125
neutral: 94.31385040283203
neutral: 79.77155303955078
neutral: 76.32504272460938
neutral: 77.34001922607422
neutral: 96.72982025146484
sad: 90.49629974365234
sad: 84.031494140625
sad: 76.37580871582031
fear: 65.11573028564453
neutral: 97.9045639038086
sad: 97.34058380126953
fear: 81.33003234863281
sad: 97.20865631103516
sad: 98.06362915039062
neutral: 45.065914154052734
sad: 73.11404418945312
sad: 59.36463928222656
sad: 99.96900177001953
sad: 99.57930755615234
sad: 99.955078125
sad: 99.68836975097656
sad: 99.86833953857422
sad: 99.81952667236328
sad: 99.88775634765625
sad: 99.9665756225586
sad: 99.93294525146484
sad: 99.86722564697266
sad: 99.95825958251953
sad: 99.9410629272461
sad: 99.26014709472656
sad: 99.93446350097656
sad: 99.8974380493164
sad: 99.84037017822266
sad: 99.69486236572266
sad: 99.7098617553711
sad: 99.82207489013672
sad: 99.87428283691406
sad: 99.74362182617188
sad: 99.6683120727539
sad: 99.81438446044922
sad: 99.70767211914062
sad: 99.66687774658203
sad: 99.80802917480469
sad: 99.71049499511719
sad: 99.7745590209961
sad: 99.93482208251953
sad: 99.65739440917969
sad: 99.76731872558594
sad: 99.8855972290039
sad: 99.77764129638672
sad: 99.48799896240234
sad: 99.98432159423828
sad: 99.99668884277344
sad: 99.98278045654297
sad: 99.7843246459961
sad: 99.35010528564453
sad: 99.96861267089844
sad: 99.98847961425781
sad: 99.97764587402344
sad: 99.96988677978516
sad: 99.97500610351562
sad: 99.90986633300781
sad: 99.99617004394531
sad: 99.99040985107422
sad: 99.99344635009766
neutral: 38.95897674560547
sad: 99.98576354980469
sad: 99.98332214355469
sad: 99.95771026611328
sad: 99.97055053710938
happy: 91.30414581298828
happy: 97.61148834228516
happy: 86.72541046142578
sad: 99.98743438720703
sad: 99.98974609375
sad: 99.95590209960938
sad: 99.98770141601562
sad: 99.98261260986328
sad: 99.98912811279297
sad: 99.96839904785156
sad: 99.99197387695312
sad: 99.9824447631836
sad: 99.99421691894531
sad: 99.99224853515625
neutral: 72.6668930053711
fear: 99.87648010253906
happy: 95.38082885742188
neutral: 94.63915252685547
sad: 63.70104217529297
sad: 92.5596694946289
fear: 99.9457778930664
fear: 99.302978515625
fear: 99.83309936523438
fear: 99.29249572753906
fear: 98.04647827148438
fear: 98.78873443603516
fear: 98.28856658935547
fear: 99.32546997070312
fear: 98.49435424804688
fear: 62.89732360839844
neutral: 98.30274200439453
fear: 99.90951538085938
neutral: 84.49324798583984
neutral: 39.47355270385742
neutral: 79.70636749267578
fear: 71.83198547363281
fear: 48.14011001586914
fear: 69.04361724853516
fear: 38.816375732421875
fear: 63.457515716552734
sad: 92.11217498779297
sad: 46.53902053833008
angry: 37.959815979003906
sad: 91.4897232055664
sad: 90.86241912841797
neutral: 72.5074691772461
sad: 99.98011779785156
sad: 99.97168731689453
sad: 99.90475463867188
sad: 99.9277572631836
sad: 99.84886932373047
sad: 91.44893646240234
sad: 99.89026641845703
sad: 99.98300170898438
sad: 99.97545623779297
sad: 99.96229553222656
sad: 99.99029541015625
sad: 99.98143005371094
sad: 99.98670959472656
sad: 99.9864730834961
sad: 99.97149658203125
sad: 99.98946380615234
sad: 99.98875427246094
fear: 98.38921356201172
neutral: 56.72282409667969
neutral: 84.18131256103516
neutral: 92.28807830810547
neutral: 75.7391357421875
neutral: 74.96337890625
neutral: 57.35411071777344
neutral: 76.75672912597656
sad: 55.286590576171875
sad: 55.08849334716797
neutral: 47.22028350830078
sad: 99.987548828125
fear: 97.079345703125
fear: 97.95393371582031
sad: 99.9735336303711
fear: 35.22523498535156
sad: 99.53009033203125
neutral: 77.39291381835938
sad: 99.97897338867188
sad: 99.85926818847656
sad: 99.62104797363281
sad: 99.88699340820312
fear: 51.59465026855469
sad: 66.253173828125
neutral: 51.11747360229492
neutral: 35.644596099853516
fear: 65.30484771728516
angry: 57.37476348876953
fear: 66.02745056152344
fear: 68.37895965576172
neutral: 63.16621780395508
neutral: 52.85774612426758
fear: 50.018333435058594
fear: 88.76136779785156
neutral: 33.52710723876953
fear: 42.346073150634766
neutral: 86.08004760742188
neutral: 42.49019241333008
neutral: 82.51300811767578
neutral: 93.05712890625
neutral: 86.13806915283203
neutral: 51.4510383605957
neutral: 58.426902770996094
neutral: 74.0794448852539
angry: 57.74407196044922
neutral: 67.84452819824219
neutral: 46.11365509033203
sad: 44.59283447265625
sad: 55.01813888549805
neutral: 37.856197357177734
fear: 72.09477233886719
fear: 99.46269989013672
sad: 86.41960144042969
sad: 86.97193145751953
sad: 95.62548065185547
sad: 96.69646453857422
sad: 98.60353088378906
sad: 91.96443939208984
sad: 92.30215454101562
sad: 73.52737426757812
sad: 93.93527221679688
sad: 86.8376235961914
sad: 90.61630249023438
fear: 62.53689193725586
happy: 65.20358276367188
sad: 99.98798370361328
sad: 58.838260650634766
fear: 58.146244049072266
fear: 66.427978515625
happy: 41.477508544921875
happy: 64.0496826171875
happy: 98.87346649169922
sad: 99.77268981933594
sad: 97.61920166015625
sad: 99.90169525146484
sad: 99.98657989501953
sad: 99.94202423095703
sad: 99.9876708984375
sad: 99.93207550048828
sad: 99.89191436767578
sad: 99.93489074707031
sad: 60.52503967285156
sad: 99.96700286865234
sad: 99.93032836914062
sad: 98.57272338867188
sad: 96.98973846435547
sad: 99.93408966064453
sad: 99.789794921875
sad: 99.96331024169922
sad: 91.52930450439453
sad: 99.9880142211914
sad: 99.92520141601562
sad: 99.98811340332031
fear: 81.15764617919922
sad: 99.74335479736328
sad: 99.55342864990234
sad: 99.98631286621094
sad: 99.99352264404297
fear: 72.1629867553711
sad: 99.99153137207031
sad: 99.99612426757812
fear: 51.71539306640625
sad: 99.99535369873047
fear: 97.03045654296875
sad: 99.98954772949219
fear: 60.8889045715332
happy: 99.5118179321289
happy: 56.978111267089844
fear: 85.55281829833984
happy: 50.142333984375
fear: 41.97660827636719
fear: 62.94943618774414
fear: 67.5071792602539
sad: 44.84669494628906
sad: 43.92623519897461
fear: 71.65978240966797
fear: 55.49150466918945
sad: 99.99568176269531
sad: 98.04460144042969
fear: 68.1686782836914
fear: 75.37657165527344
fear: 46.9240837097168
sad: 99.9117431640625
sad: 99.98358154296875
sad: 99.96903228759766
fear: 96.45516204833984
sad: 99.99783325195312
sad: 99.99607849121094
sad: 99.99113464355469
sad: 99.97371673583984
fear: 99.4791488647461
sad: 99.98292541503906
fear: 98.9946517944336
fear: 99.46270751953125
fear: 99.2309799194336
fear: 99.6759033203125
fear: 99.18515014648438
fear: 98.99898529052734
fear: 99.59526824951172
fear: 98.58512115478516
sad: 99.89196014404297
sad: 99.94888305664062
fear: 99.27225494384766
fear: 98.91948699951172
fear: 99.69567108154297
sad: 99.99077606201172
sad: 99.96366882324219
sad: 99.94114685058594
happy: 91.61474609375
sad: 50.64122009277344
sad: 97.91051483154297
sad: 97.95838928222656
neutral: 74.58673095703125
happy: 92.94868469238281
fear: 80.03228759765625
sad: 73.98607635498047
fear: 42.279144287109375
sad: 37.83643341064453
neutral: 60.79722595214844
sad: 65.81558227539062
sad: 63.048526763916016
fear: 72.18412017822266
fear: 43.40675354003906
neutral: 82.39942169189453
sad: 99.99884796142578
sad: 99.99948120117188
sad: 99.98391723632812
sad: 99.9968032836914
sad: 99.99919891357422
sad: 99.99957275390625
sad: 99.99861907958984
sad: 99.99767303466797
sad: 99.99958038330078
sad: 99.99925231933594
sad: 54.53498458862305
sad: 99.95323944091797
sad: 99.91708374023438
sad: 99.99357604980469
sad: 99.9499282836914
sad: 99.96955871582031
sad: 99.97223663330078
sad: 99.99762725830078
sad: 99.99555969238281
sad: 99.99730682373047
sad: 99.99828338623047
sad: 99.99722290039062
sad: 99.99826049804688
sad: 99.99898529052734
sad: 99.9994125366211
sad: 99.99854278564453
sad: 99.99894714355469
sad: 99.99740600585938
sad: 94.91224670410156
sad: 99.8744125366211
fear: 86.31646728515625
sad: 99.98402404785156
fear: 99.6562728881836
sad: 99.99567413330078
sad: 99.99735260009766
sad: 99.99903106689453
sad: 99.99775695800781
sad: 99.99739837646484
sad: 99.99722290039062
sad: 99.99079895019531
sad: 99.99826049804688
sad: 99.99829864501953
sad: 99.99749755859375
sad: 99.99745178222656
fear: 99.21863555908203
sad: 99.99783325195312
sad: 99.99703216552734
sad: 99.99703979492188
sad: 99.99845886230469
sad: 99.99768829345703
sad: 99.99463653564453
sad: 99.99919891357422
sad: 99.99859619140625
sad: 99.99873352050781
sad: 99.99861145019531
sad: 99.99788665771484
sad: 99.99906158447266
sad: 99.9955062866211
sad: 99.99909973144531
sad: 99.99935913085938
sad: 99.99897766113281
sad: 99.99717712402344
sad: 99.99205017089844
sad: 99.99910736083984
sad: 99.9986801147461
sad: 99.99687957763672
sad: 99.99726867675781
sad: 99.99819946289062
sad: 99.99890899658203
sad: 99.99916076660156
sad: 99.99846649169922
sad: 99.98529815673828
sad: 99.99549102783203
sad: 99.9991226196289
sad: 99.9995346069336
sad: 99.99938201904297
sad: 99.99895477294922
sad: 99.9996566772461
sad: 99.99813842773438
sad: 99.96150970458984
sad: 80.22941589355469
sad: 98.37159729003906
sad: 99.3569107055664
sad: 99.24174499511719
sad: 99.9798355102539
sad: 99.99419403076172
sad: 99.99382781982422
sad: 99.95557403564453
sad: 99.92645263671875
sad: 99.94812774658203
sad: 99.94915008544922
sad: 99.95923614501953
sad: 99.99481201171875
sad: 99.92493438720703
sad: 99.90022277832031
sad: 99.85415649414062
sad: 99.94157409667969
sad: 99.81021118164062
sad: 99.9298324584961
sad: 99.96365356445312
sad: 99.9557113647461
sad: 99.92845153808594
sad: 99.97032165527344
sad: 99.87625122070312
sad: 99.89181518554688
sad: 99.91859436035156
sad: 99.88988494873047
sad: 98.44259643554688
sad: 74.96826934814453
happy: 99.9998550415039
fear: 61.395931243896484
sad: 53.07329559326172
sad: 50.70066833496094
sad: 99.01556396484375
sad: 99.33021545410156
sad: 97.74500274658203
sad: 99.74139404296875
sad: 99.98125457763672
sad: 99.93541717529297
sad: 99.96298217773438
sad: 99.93953704833984
sad: 99.96910095214844
sad: 99.9847640991211
fear: 99.87089538574219
fear: 97.6495132446289
sad: 99.97627258300781
sad: 99.85774230957031
sad: 99.98604583740234
sad: 99.89368438720703
sad: 99.94475555419922
sad: 99.9478988647461
sad: 99.97025299072266
sad: 99.96454620361328
sad: 99.97599792480469
sad: 99.6995849609375
sad: 99.96134948730469
sad: 99.9803237915039
sad: 99.96128845214844
sad: 99.99356079101562
sad: 99.91014862060547
sad: 99.98241424560547
sad: 99.35453796386719
sad: 99.45347595214844
sad: 99.94942474365234
sad: 99.64739227294922
sad: 99.13645935058594
neutral: 38.688419342041016
happy: 68.9548568725586
neutral: 77.41175842285156
fear: 51.35523223876953
fear: 72.76866149902344
fear: 53.453834533691406
sad: 79.16857147216797
angry: 50.960819244384766
sad: 35.630462646484375
sad: 71.49651336669922
fear: 51.55158996582031
neutral: 71.07405853271484
fear: 54.85105895996094
fear: 36.644344329833984
fear: 74.09969329833984
fear: 74.80802917480469
fear: 64.36318969726562
fear: 66.70974731445312
neutral: 59.48373031616211
sad: 42.47353744506836
sad: 46.49681854248047
sad: 46.74366760253906
fear: 59.608985900878906
sad: 47.615928649902344
sad: 53.85961151123047
sad: 65.30159759521484
sad: 53.0054817199707
happy: 91.0033187866211
neutral: 56.824981689453125
neutral: 60.82438659667969
neutral: 89.09779357910156
happy: 99.59894561767578
fear: 81.26213836669922
fear: 99.81137084960938
happy: 97.0667495727539
neutral: 82.90960693359375
sad: 80.6214370727539
sad: 83.0710220336914
sad: 61.23814392089844
sad: 41.07242965698242
sad: 83.6771469116211
sad: 76.80986785888672
sad: 73.62342071533203
sad: 62.34696578979492
sad: 84.4044418334961
sad: 91.2718276977539
fear: 91.38948822021484
neutral: 78.61675262451172
angry: 91.93948364257812
angry: 71.14142608642578
neutral: 99.98988342285156
sad: 83.9728012084961
sad: 74.86392974853516
happy: 99.66656494140625
sad: 92.8421630859375
sad: 76.06880950927734
sad: 90.53018188476562
neutral: 99.959716796875
neutral: 47.13693618774414
happy: 55.873592376708984
happy: 99.90681457519531
happy: 99.76329803466797
happy: 99.63016510009766
happy: 99.91429901123047
happy: 99.76145935058594
happy: 99.770263671875
happy: 99.95309448242188
happy: 99.88497924804688
happy: 99.88748168945312
happy: 99.75950622558594
happy: 99.91639709472656
happy: 99.90682220458984
happy: 99.79147338867188
fear: 60.0289192199707
sad: 89.67298126220703
sad: 97.01403045654297
happy: 77.00325775146484
neutral: 54.61626052856445
neutral: 55.79751968383789
neutral: 54.86389923095703
neutral: 84.59986114501953
neutral: 95.4873046875
neutral: 77.85997009277344
neutral: 82.5687255859375
neutral: 91.35304260253906
neutral: 55.624900817871094
sad: 62.94685745239258
sad: 88.60887145996094
sad: 72.8473129272461
sad: 90.3511734008789
sad: 66.11589813232422
sad: 67.20555114746094
sad: 54.710994720458984
sad: 51.358455657958984
sad: 83.95125579833984
happy: 98.05957794189453
sad: 71.68568420410156
sad: 47.35402297973633
sad: 86.18944549560547
sad: 67.1132583618164
fear: 85.6559066772461
sad: 91.33197021484375
fear: 78.55659484863281
fear: 88.46461486816406
neutral: 95.22755432128906
sad: 55.40904235839844
neutral: 76.27703857421875
sad: 96.7621841430664
fear: 89.47225952148438
fear: 88.3381118774414
neutral: 71.23321533203125
neutral: 91.89009094238281
neutral: 83.57565307617188
sad: 44.97420120239258
sad: 91.68508911132812
neutral: 61.55615234375
sad: 90.34437561035156
fear: 66.28645324707031
neutral: 63.476497650146484
neutral: 57.58479690551758
sad: 98.97257232666016
happy: 86.24907684326172
sad: 98.3201675415039
sad: 97.50347137451172
happy: 84.14847564697266
neutral: 91.49497985839844
fear: 43.636600494384766
happy: 51.00617218017578
fear: 50.20954132080078
fear: 92.8049087524414
neutral: 63.94023132324219
fear: 78.62832641601562
fear: 71.55450439453125
neutral: 72.57132720947266
neutral: 77.3905258178711
sad: 42.4282112121582
neutral: 79.05522918701172
neutral: 67.05999755859375
neutral: 80.0230941772461
neutral: 41.043235778808594
neutral: 89.15837860107422
sad: 52.17131805419922
sad: 43.11552047729492
sad: 94.26287078857422
sad: 46.7137565612793
neutral: 67.74752807617188
sad: 83.99626159667969
sad: 99.74705505371094
sad: 71.76888275146484
neutral: 56.32846450805664
neutral: 79.1195297241211
sad: 98.41913604736328
neutral: 99.68722534179688
sad: 98.52421569824219
neutral: 68.12651062011719
fear: 99.9986572265625
sad: 78.20430755615234
fear: 92.4205093383789
fear: 85.85936737060547
fear: 80.28250885009766
fear: 84.72432708740234
sad: 95.8992691040039
fear: 53.34989547729492
fear: 82.79389953613281
fear: 59.1082649230957
fear: 65.66481018066406
fear: 71.98439025878906
fear: 87.78841400146484
fear: 86.52908325195312
fear: 77.06047058105469
fear: 73.10627746582031
fear: 96.0160903930664
sad: 58.77342987060547
neutral: 78.56451416015625
neutral: 89.96681213378906
neutral: 81.30494689941406
neutral: 49.718414306640625
sad: 30.00092124938965
neutral: 80.77278137207031
neutral: 80.90339660644531
neutral: 73.62645721435547
neutral: 39.81025314331055
neutral: 42.50242233276367
neutral: 36.02802276611328
sad: 63.23739242553711
fear: 49.58377456665039
sad: 66.76371002197266
sad: 50.88188934326172
neutral: 99.46281433105469
neutral: 99.96825408935547
neutral: 99.55453491210938
neutral: 71.04463958740234
neutral: 46.99812698364258
sad: 95.53971099853516
surprise: 97.52565002441406
fear: 69.92790985107422
neutral: 95.00981903076172
fear: 34.35692596435547
fear: 90.07746887207031
fear: 66.94853973388672
fear: 82.43599700927734
surprise: 40.11997604370117
fear: 81.98278045654297
neutral: 99.23272705078125
surprise: 94.26924133300781
neutral: 73.94985961914062
sad: 95.62147521972656
neutral: 94.71343994140625
fear: 88.07305908203125
neutral: 96.26567077636719
fear: 58.34988784790039
neutral: 81.46009826660156
fear: 65.78547668457031
fear: 92.1263427734375
fear: 60.015541076660156
neutral: 37.868194580078125
neutral: 81.48800659179688
neutral: 76.91248321533203
fear: 84.33672332763672
fear: 90.95391845703125
fear: 69.67924499511719
fear: 97.59371948242188
fear: 94.60363006591797
fear: 93.66268920898438
fear: 89.36304473876953
fear: 89.3336181640625
fear: 96.13518524169922
neutral: 57.637996673583984
neutral: 96.87196350097656
happy: 85.24359130859375
neutral: 99.83118438720703
neutral: 96.4671401977539
neutral: 99.99930572509766
neutral: 99.63471221923828
sad: 59.0464973449707
neutral: 71.81452941894531
fear: 60.487300872802734
sad: 60.935401916503906
sad: 87.33625793457031
fear: 90.12804412841797
neutral: 99.8227310180664
neutral: 99.55935668945312
neutral: 89.84251403808594
neutral: 81.18299102783203
neutral: 95.76485443115234
sad: 87.20226287841797
neutral: 35.37977981567383
sad: 37.25960922241211
sad: 47.537376403808594
neutral: 78.68236541748047
neutral: 72.53817749023438
neutral: 88.92285919189453
neutral: 85.33995056152344
neutral: 76.62171173095703
fear: 71.40120697021484
neutral: 64.4045639038086
neutral: 55.72686004638672
neutral: 54.30633544921875
fear: 42.82813262939453
neutral: 38.60408401489258
fear: 72.15940856933594
fear: 87.03150177001953
neutral: 50.428260803222656
fear: 89.22505950927734
fear: 60.03288269042969
surprise: 98.582763671875
surprise: 90.9319839477539
fear: 50.9134407043457
neutral: 85.93912506103516
neutral: 66.83069610595703
neutral: 66.82269287109375
surprise: 73.33708953857422
neutral: 64.33490753173828
neutral: 90.95989227294922
fear: 57.76474380493164
sad: 56.598114013671875
sad: 69.8311538696289
sad: 67.31549072265625
sad: 49.08396911621094
sad: 60.31371307373047
neutral: 77.54146575927734
fear: 63.64445877075195
fear: 81.40454864501953
sad: 45.880653381347656
sad: 87.3194808959961
neutral: 36.458702087402344
fear: 65.6963882446289
fear: 99.56122589111328
fear: 59.53752899169922
fear: 77.30623626708984
fear: 68.76573181152344
sad: 97.3635482788086
happy: 79.6098403930664
happy: 92.20716857910156
fear: 87.45911407470703
happy: 99.63839721679688
happy: 69.19412994384766
sad: 98.44170379638672
neutral: 99.22747802734375
neutral: 99.8316421508789
neutral: 98.58406066894531
happy: 61.465721130371094
happy: 99.69705963134766
sad: 71.43697357177734
surprise: 96.23043823242188
neutral: 75.6141586303711
surprise: 90.76240539550781
surprise: 62.33268356323242
surprise: 95.55775451660156
happy: 98.11819458007812
sad: 95.28568267822266
happy: 94.62628936767578
neutral: 81.12109375
happy: 77.13221740722656
fear: 89.5604019165039
surprise: 99.94332122802734
surprise: 95.01399230957031
neutral: 95.8257827758789
sad: 60.05683517456055
neutral: 81.63320922851562
neutral: 62.6668586730957
sad: 56.607200622558594
sad: 44.657508850097656
neutral: 67.82701110839844
sad: 79.54019927978516
surprise: 60.28097152709961
surprise: 91.1870346069336
neutral: 65.78593444824219
sad: 46.396331787109375
sad: 59.57459259033203
sad: 51.88969421386719
fear: 42.46340560913086
fear: 99.34449768066406
surprise: 68.26939392089844
neutral: 56.728458404541016
fear: 56.66936111450195
fear: 69.24492645263672
fear: 84.03242492675781
fear: 76.38487243652344
fear: 64.42452239990234
fear: 59.1541748046875
neutral: 53.7058219909668
neutral: 56.760311126708984
surprise: 84.02330780029297
neutral: 48.28154373168945
sad: 59.86100387573242
neutral: 70.519287109375
sad: 76.562744140625
sad: 52.650630950927734
fear: 75.54316711425781
fear: 84.9765853881836
neutral: 88.90850830078125
happy: 44.68706512451172
fear: 41.40895462036133
sad: 75.3475570678711
neutral: 91.34866333007812
neutral: 59.165306091308594
neutral: 97.03014373779297
neutral: 80.71343994140625
neutral: 68.85086059570312
fear: 63.6431999206543
fear: 72.87853240966797
fear: 42.2261848449707
neutral: 87.71969604492188
sad: 87.94868469238281
sad: 96.6390151977539
neutral: 98.86150360107422
sad: 46.956600189208984
fear: 64.51301574707031
happy: 79.39057922363281
sad: 57.39746856689453
happy: 97.17489624023438
fear: 68.60762023925781
sad: 96.08216094970703
fear: 73.92974853515625
happy: 99.99954986572266
fear: 55.6193962097168
fear: 74.13019561767578
sad: 91.06380462646484
neutral: 94.84024047851562
sad: 57.154380798339844
sad: 45.87715148925781
neutral: 61.010581970214844
neutral: 63.447731018066406
sad: 43.59699249267578
neutral: 59.90642547607422
neutral: 47.12763595581055
sad: 41.30827331542969
sad: 58.08173370361328
neutral: 98.12898254394531
neutral: 93.910400390625
sad: 55.43782424926758
neutral: 99.82661437988281
sad: 99.59491729736328
sad: 98.93814849853516
sad: 88.99180603027344
neutral: 84.88138580322266
sad: 52.167964935302734
neutral: 61.40721893310547
neutral: 55.06375503540039
sad: 99.97685241699219
neutral: 68.46006774902344
neutral: 62.218589782714844
neutral: 46.98536682128906
neutral: 56.68403625488281
sad: 70.69821166992188
neutral: 68.99192810058594
sad: 49.37904739379883
sad: 48.60437774658203
happy: 87.04193878173828
neutral: 99.30772399902344
fear: 90.37865447998047
happy: 99.6834487915039
happy: 98.5040512084961
happy: 98.51094818115234
happy: 99.99523162841797
happy: 81.49646759033203
neutral: 60.46586608886719
sad: 81.37649536132812
neutral: 52.736175537109375
neutral: 86.29988861083984
neutral: 68.63165283203125
sad: 99.8458480834961
neutral: 46.25093078613281
fear: 66.95880126953125
fear: 64.06658172607422
fear: 74.36214447021484
fear: 34.359989166259766
sad: 99.8768081665039
happy: 40.17997360229492
fear: 55.43811798095703
sad: 99.87794494628906
sad: 96.63098907470703
fear: 77.01266479492188
neutral: 91.18665313720703
sad: 99.99932861328125
neutral: 65.46038055419922
fear: 64.76008605957031
fear: 74.15615844726562
sad: 99.97547912597656
fear: 73.01095581054688
sad: 62.360565185546875
sad: 65.37199401855469
neutral: 80.22554016113281
neutral: 85.83180236816406
fear: 80.91246795654297
neutral: 79.0629653930664
sad: 53.69858169555664
fear: 54.08077621459961
sad: 99.9996337890625
neutral: 44.000770568847656
surprise: 92.2566146850586
fear: 58.35975646972656
surprise: 50.02702713012695
fear: 62.38596725463867
surprise: 96.72689819335938
fear: 63.759300231933594
neutral: 85.04943084716797
fear: 84.50370788574219
sad: 61.1474494934082
neutral: 97.74120330810547
sad: 83.9946517944336
sad: 58.27946090698242
neutral: 99.7543716430664
neutral: 99.62672424316406
sad: 96.37902069091797
neutral: 89.17865753173828
neutral: 99.4752426147461
neutral: 94.7729263305664
neutral: 93.11974334716797
neutral: 99.45610046386719
neutral: 99.99491882324219
neutral: 99.76789093017578
neutral: 99.92133331298828
neutral: 99.31012725830078
fear: 71.67835998535156
neutral: 54.06336975097656
sad: 52.563541412353516
neutral: 98.14801788330078
sad: 52.325050354003906
neutral: 97.87908172607422
neutral: 99.56493377685547
neutral: 64.4006576538086
neutral: 99.83750915527344
neutral: 92.08897399902344
neutral: 99.8493423461914
neutral: 99.92684173583984
fear: 78.82266235351562
neutral: 61.27366256713867
neutral: 75.61505889892578
fear: 67.9262924194336
neutral: 99.51778411865234
neutral: 98.52960968017578
neutral: 98.63140869140625
neutral: 95.111572265625
neutral: 93.5010757446289
neutral: 80.7845458984375
neutral: 99.54214477539062
neutral: 92.93077087402344
neutral: 92.70096588134766
neutral: 92.54764556884766
neutral: 95.19908905029297
neutral: 96.37220764160156
neutral: 94.92845153808594
sad: 99.12858581542969
sad: 42.229007720947266
sad: 93.50092315673828
sad: 56.50420379638672
sad: 53.15988540649414
sad: 71.38888549804688
sad: 96.64299011230469
sad: 95.20245361328125
happy: 47.3806266784668
neutral: 58.50917053222656
neutral: 84.93754577636719
fear: 48.050575256347656
neutral: 93.29141235351562
neutral: 98.28553009033203
fear: 54.00049591064453
sad: 61.245941162109375
neutral: 57.71916961669922
fear: 82.74632263183594
fear: 70.51417541503906
neutral: 99.15034484863281
fear: 80.49929809570312
neutral: 89.34105682373047
sad: 99.07073974609375
neutral: 52.74461364746094
neutral: 78.05931854248047
neutral: 46.56596755981445
sad: 52.7590217590332
neutral: 93.80426788330078
neutral: 41.88250732421875
neutral: 61.080360412597656
neutral: 54.527645111083984
neutral: 46.250492095947266
fear: 47.313270568847656
neutral: 85.5716781616211
neutral: 60.665977478027344
neutral: 88.08145904541016
sad: 97.29116821289062
neutral: 91.58574676513672
neutral: 84.70597076416016
neutral: 85.82464599609375
sad: 68.89555358886719
neutral: 97.68344116210938
sad: 83.32396697998047
fear: 77.18115234375
fear: 85.17523956298828
neutral: 38.274322509765625
neutral: 99.9843978881836
neutral: 50.57676696777344
neutral: 99.9413070678711
happy: 99.00663757324219
neutral: 70.41352844238281
neutral: 55.362640380859375
happy: 53.32356643676758
sad: 62.63548278808594
happy: 82.23396301269531
fear: 99.70176696777344
fear: 86.6131591796875
neutral: 96.40400695800781
neutral: 99.98548889160156
happy: 87.6961898803711
sad: 98.3702163696289
sad: 64.8680648803711
sad: 99.1422348022461
sad: 48.71220016479492
neutral: 80.10649871826172
sad: 92.36824798583984
neutral: 99.90058135986328
neutral: 99.94395446777344
neutral: 96.7522201538086
neutral: 97.14761352539062
neutral: 72.8827133178711
sad: 65.75933837890625
neutral: 94.80754852294922
neutral: 97.00308990478516
neutral: 97.71200561523438
sad: 91.98030090332031
sad: 93.66435241699219
neutral: 40.07495880126953
neutral: 89.7127914428711
neutral: 62.14765167236328
neutral: 71.99951171875
fear: 50.05399703979492
neutral: 68.5439224243164
fear: 78.1411361694336
sad: 79.6522216796875
fear: 99.81536102294922
sad: 83.15995025634766
sad: 70.4526596069336
sad: 66.04125213623047
fear: 61.0412712097168
sad: 63.838287353515625
sad: 76.35462951660156
neutral: 68.7977066040039
neutral: 73.91512298583984
neutral: 52.84492874145508
happy: 98.93159484863281
neutral: 88.85580444335938
fear: 97.56782531738281
neutral: 99.20500183105469
neutral: 99.282470703125
neutral: 98.34119415283203
neutral: 98.79796600341797
neutral: 95.7443618774414
neutral: 98.68488311767578
neutral: 78.8739242553711
neutral: 98.04887390136719
neutral: 41.10796356201172
neutral: 97.25616455078125
fear: 59.897987365722656
fear: 81.32698822021484
fear: 62.994205474853516
fear: 82.83470153808594
neutral: 90.21272277832031
neutral: 58.812599182128906
neutral: 99.14046478271484
neutral: 91.08809661865234
neutral: 60.55278778076172
neutral: 50.83938980102539
neutral: 52.77415466308594
neutral: 68.39390563964844
neutral: 97.86676788330078
neutral: 98.15769958496094
neutral: 98.29146575927734
neutral: 73.27091979980469
neutral: 66.3023681640625
neutral: 75.70262145996094
neutral: 96.56761169433594
neutral: 98.23542785644531
sad: 66.32238006591797
neutral: 99.9999771118164
neutral: 99.13558197021484
neutral: 98.278564453125
neutral: 90.80415344238281
fear: 97.9529037475586
neutral: 42.73191833496094
fear: 97.00904083251953
neutral: 93.34181213378906
neutral: 90.9222412109375
neutral: 90.06819152832031
neutral: 88.29671478271484
neutral: 95.65961456298828
neutral: 96.17919158935547
neutral: 90.29789733886719
neutral: 98.87409973144531
neutral: 94.65492248535156
neutral: 98.8138198852539
neutral: 98.18658447265625
neutral: 98.77066040039062
neutral: 98.2937240600586
neutral: 98.08476257324219
neutral: 98.3116226196289
sad: 99.89958190917969
neutral: 53.92076873779297
neutral: 90.47059631347656
neutral: 79.01544189453125
fear: 81.26602935791016
fear: 67.78480529785156
neutral: 50.35197448730469
neutral: 72.40520477294922
neutral: 47.84345245361328
neutral: 45.475955963134766
neutral: 99.81356048583984
neutral: 86.776123046875
fear: 89.06104278564453
fear: 65.99030303955078
neutral: 70.22813415527344
surprise: 99.14334869384766
sad: 61.6879997253418
sad: 39.68170928955078
neutral: 69.31535339355469
fear: 45.68645095825195
fear: 44.72341537475586
sad: 42.5262451171875
neutral: 58.27467346191406
neutral: 97.05791473388672
neutral: 61.57746887207031
neutral: 44.49504852294922
neutral: 75.70195007324219
neutral: 88.0809326171875
neutral: 51.582740783691406
surprise: 99.61707305908203
surprise: 87.40550231933594
neutral: 51.480979919433594
neutral: 90.29927062988281
neutral: 92.86078643798828
fear: 99.72196960449219
fear: 99.88404083251953
fear: 99.98892974853516
fear: 99.98770904541016
fear: 98.38267517089844
fear: 96.25852966308594
happy: 99.82717895507812
sad: 91.82887268066406
sad: 70.81478881835938
fear: 83.59962463378906
fear: 99.43324279785156
happy: 99.568603515625
fear: 94.8945541381836
fear: 94.06487274169922
fear: 87.9969253540039
fear: 93.61466979980469
fear: 96.32633209228516
happy: 66.23807525634766
neutral: 81.17684936523438
neutral: 87.08086395263672
neutral: 38.0079460144043
neutral: 76.64856719970703
neutral: 85.39546966552734
sad: 99.8204345703125
sad: 96.4498062133789
sad: 99.99055480957031
sad: 96.8373031616211
sad: 99.82166290283203
sad: 99.9838638305664
sad: 99.98957824707031
sad: 99.99510192871094
sad: 99.99365997314453
sad: 99.99146270751953
sad: 99.9924087524414
sad: 99.98468017578125
sad: 99.9936294555664
sad: 99.9930648803711
happy: 97.20577239990234
neutral: 63.579952239990234
sad: 99.19295501708984
neutral: 52.13530731201172
neutral: 99.10751342773438
neutral: 85.63026428222656
neutral: 99.91857147216797
sad: 99.98721313476562
neutral: 67.74467468261719
neutral: 86.42546081542969
neutral: 75.74066925048828
neutral: 72.99149322509766
fear: 80.17601013183594
fear: 40.97500228881836
fear: 85.51771545410156
fear: 88.81755065917969
sad: 99.84738159179688
happy: 97.0182876586914
happy: 99.28036499023438
happy: 99.92753601074219
happy: 49.79141616821289
happy: 59.589271545410156
fear: 45.265560150146484
neutral: 97.62725067138672
neutral: 60.386146545410156
neutral: 60.39570617675781
neutral: 92.85492706298828
neutral: 98.68783569335938
fear: 74.56808471679688
neutral: 53.180416107177734
surprise: 82.83070373535156
fear: 54.741817474365234
surprise: 54.51890563964844
surprise: 63.7805290222168
surprise: 54.91642761230469
sad: 63.21433639526367
neutral: 64.62268829345703
neutral: 78.53162384033203
surprise: 54.89391326904297
fear: 95.56884002685547
neutral: 47.07052230834961
surprise: 51.571815490722656
fear: 56.53322982788086
neutral: 94.09862518310547
sad: 85.03636169433594
sad: 99.28227233886719
sad: 99.23190307617188
sad: 80.27699279785156
sad: 99.94932556152344
fear: 95.06249237060547
sad: 50.777278900146484
sad: 59.23740768432617
sad: 61.45690155029297
fear: 87.34893798828125
neutral: 75.97936248779297
fear: 76.23255157470703
neutral: 98.3893814086914
neutral: 94.9971923828125
neutral: 98.7139892578125
fear: 67.76580047607422
fear: 49.593257904052734
sad: 83.71199798583984
sad: 97.33126831054688
sad: 94.89620971679688
neutral: 99.9716567993164
neutral: 99.5142822265625
neutral: 99.80709838867188
fear: 70.05065155029297
neutral: 99.59772491455078
fear: 67.09210205078125
neutral: 58.60606384277344
neutral: 49.859230041503906
fear: 81.54710388183594
sad: 59.3394775390625
neutral: 54.70384979248047
fear: 86.28778839111328
sad: 38.901878356933594
sad: 63.15904998779297
sad: 49.861995697021484
neutral: 61.62912368774414
neutral: 41.58794403076172
neutral: 51.67536926269531
fear: 48.20208740234375
neutral: 48.238285064697266
fear: 52.26375961303711
fear: 48.420345306396484
fear: 71.2412109375
sad: 58.517330169677734
fear: 61.85734176635742
fear: 69.28655242919922
sad: 67.91918182373047
sad: 54.62734603881836
fear: 51.641021728515625
fear: 61.58955001831055
sad: 39.28562927246094
neutral: 99.61708068847656
sad: 51.458370208740234
sad: 99.81285095214844
happy: 54.981048583984375
happy: 99.98772430419922
happy: 99.79656982421875
happy: 89.9268798828125
happy: 99.8887710571289
happy: 99.71977996826172
happy: 99.99776458740234
neutral: 79.5023193359375
neutral: 51.459346771240234
sad: 71.70155334472656
fear: 66.99732208251953
sad: 87.44330596923828
sad: 87.68688201904297
fear: 58.21513366699219
fear: 71.0386962890625
fear: 87.61380004882812
sad: 56.42591094970703
fear: 61.902259826660156
fear: 81.43352508544922
surprise: 55.62858581542969
sad: 64.9124984741211
surprise: 53.73270034790039
fear: 77.7840576171875
fear: 97.4275131225586
fear: 64.37686920166016
fear: 59.0628776550293
surprise: 51.93465805053711
fear: 56.63062286376953
fear: 57.79939270019531
fear: 56.81734085083008
fear: 72.22501373291016
surprise: 52.22981262207031
fear: 94.4839859008789
neutral: 40.50822448730469
sad: 64.25789642333984
fear: 61.201698303222656
fear: 44.79077911376953
surprise: 87.36199188232422
surprise: 84.03952026367188
surprise: 74.7020263671875
happy: 87.84549713134766
neutral: 50.82877731323242
neutral: 51.90457534790039
sad: 83.42643737792969
happy: 55.071006774902344
fear: 85.56735229492188
neutral: 65.54335021972656
neutral: 59.19648361206055
neutral: 56.40583038330078
sad: 98.95684051513672
sad: 60.08985900878906
fear: 71.97246551513672
sad: 62.86283493041992
fear: 72.79354095458984
neutral: 48.552982330322266
fear: 40.462032318115234
fear: 69.69925689697266
fear: 61.975582122802734
fear: 65.00981903076172
fear: 46.50760269165039
fear: 99.04408264160156
sad: 58.919273376464844
fear: 39.717369079589844
sad: 52.842037200927734
fear: 57.67043685913086
fear: 96.0595474243164
fear: 55.53854751586914
neutral: 50.721763610839844
sad: 77.56839752197266
sad: 51.24825668334961
sad: 62.41257095336914
sad: 61.58152770996094
sad: 58.3761100769043
neutral: 62.28400421142578
neutral: 59.041969299316406
neutral: 74.77628326416016
neutral: 37.66297912597656
fear: 33.73866271972656
neutral: 49.619873046875
sad: 99.64256286621094
sad: 98.7825698852539
sad: 99.28091430664062
sad: 93.56309509277344
fear: 72.79163360595703
surprise: 52.26713562011719
neutral: 81.67621612548828
sad: 93.78974151611328
neutral: 37.956787109375
happy: 71.51849365234375
happy: 35.80187225341797
sad: 97.06709289550781
sad: 89.13465118408203
fear: 91.38421630859375
surprise: 99.947509765625
neutral: 68.29216003417969
neutral: 95.58061218261719
neutral: 81.65164947509766
surprise: 99.70195770263672
surprise: 99.68252563476562
surprise: 99.54399108886719
surprise: 96.97074890136719
surprise: 98.24752807617188
surprise: 85.01534271240234
neutral: 98.80400085449219
sad: 72.30926513671875
sad: 98.9022216796875
happy: 99.99845123291016
happy: 99.97284698486328
happy: 97.82513427734375
neutral: 99.87944030761719
fear: 90.6531753540039
sad: 97.74137115478516
sad: 99.57133483886719
sad: 98.82908630371094
sad: 99.84068298339844
sad: 98.43173217773438
sad: 99.64871978759766
neutral: 89.83438110351562
neutral: 99.58676147460938
neutral: 98.1391830444336
sad: 51.67964553833008
sad: 99.9992446899414
neutral: 94.64955139160156
neutral: 98.8519058227539
neutral: 97.03424835205078
neutral: 98.97811126708984
neutral: 76.6888656616211
sad: 99.38327026367188
sad: 88.92369842529297
sad: 77.82477569580078
sad: 94.84778594970703
sad: 89.93022155761719
sad: 98.94779205322266
sad: 99.79835510253906
fear: 88.14680480957031
neutral: 59.449623107910156
fear: 86.12844848632812
fear: 68.26278686523438
neutral: 82.25566101074219
sad: 99.40821075439453
neutral: 42.781002044677734
neutral: 99.87606811523438
neutral: 99.94352722167969
neutral: 99.83244323730469
neutral: 99.64348602294922
neutral: 96.05428314208984
neutral: 79.43598937988281
neutral: 97.54570007324219
sad: 99.80990600585938
neutral: 96.47945404052734
sad: 56.09840774536133
fear: 52.676414489746094
sad: 56.362552642822266
fear: 99.22310638427734
fear: 97.56031036376953
fear: 95.23089599609375
neutral: 94.74925231933594
sad: 98.56986236572266
fear: 56.84001159667969
neutral: 94.98233032226562
neutral: 69.39503479003906
neutral: 76.45338439941406
neutral: 74.21342468261719
fear: 75.22844696044922
neutral: 55.49291229248047
sad: 98.2624740600586
neutral: 95.27226257324219
neutral: 77.2868881225586
neutral: 68.64627838134766
neutral: 40.309112548828125
neutral: 74.79544830322266
neutral: 84.50386047363281
fear: 63.562774658203125
fear: 49.970306396484375
fear: 51.32476806640625
fear: 43.31303405761719
sad: 62.58637237548828
sad: 61.51337432861328
fear: 58.60343551635742
sad: 98.1405029296875
neutral: 95.39303588867188
neutral: 93.27726745605469
fear: 61.54996109008789
fear: 70.49201965332031
fear: 55.49330520629883
fear: 61.88064956665039
neutral: 51.41697692871094
neutral: 98.86648559570312
sad: 70.69788360595703
neutral: 97.60603332519531
neutral: 70.99308013916016
neutral: 90.03654479980469
neutral: 42.485877990722656
neutral: 59.712799072265625
sad: 58.03731155395508
neutral: 78.5158462524414
sad: 84.10057067871094
fear: 81.14620971679688
sad: 41.12767791748047
neutral: 46.7212028503418
neutral: 38.559452056884766
sad: 47.04491424560547
neutral: 72.3761978149414
neutral: 64.63742065429688
neutral: 86.87677764892578
neutral: 85.47533416748047
neutral: 94.72708892822266
neutral: 91.47278594970703
neutral: 37.87327575683594
neutral: 98.6188735961914
neutral: 91.2528305053711
neutral: 51.182037353515625
neutral: 77.16340637207031
neutral: 93.15248107910156
neutral: 99.8750991821289
sad: 98.064697265625
fear: 56.37965393066406
sad: 95.72502136230469
sad: 97.13565063476562
fear: 43.77323532104492
happy: 74.56023406982422
happy: 99.3243637084961
happy: 99.35374450683594
sad: 99.99200439453125
happy: 78.02998352050781
fear: 62.848350524902344
neutral: 74.3917465209961
sad: 85.85687255859375
neutral: 97.19554138183594
neutral: 84.9019546508789
neutral: 88.68295288085938
neutral: 51.86910629272461
neutral: 90.7776107788086
sad: 97.47417449951172
neutral: 62.96957015991211
sad: 99.45886993408203
sad: 93.54373931884766
sad: 58.929405212402344
sad: 99.58901977539062
sad: 97.32936096191406
sad: 99.88475799560547
neutral: 81.47489166259766
neutral: 64.25651550292969
neutral: 96.52166748046875
sad: 71.12750244140625
neutral: 94.2204818725586
neutral: 86.27079010009766
sad: 42.08036804199219
neutral: 32.01995086669922
sad: 68.5993881225586
angry: 72.11148071289062
fear: 66.42214965820312
sad: 96.08474731445312
sad: 99.99107360839844
happy: 99.99925994873047
surprise: 51.3201904296875
neutral: 88.13038635253906
happy: 99.8476791381836
surprise: 67.31057739257812
surprise: 61.061866760253906
happy: 89.08926391601562
surprise: 98.52079010009766
neutral: 99.77440643310547
surprise: 98.41976928710938
neutral: 99.67703247070312
neutral: 99.77700805664062
neutral: 93.8604507446289
neutral: 87.56124114990234
fear: 76.20455169677734
happy: 50.479652404785156
neutral: 57.09656524658203
happy: 99.82731628417969
happy: 99.32523345947266
happy: 99.68695068359375
happy: 65.54422760009766
neutral: 86.16914367675781
sad: 98.65657043457031
surprise: 74.24585723876953
surprise: 57.23002624511719
surprise: 42.54022979736328
surprise: 95.3470458984375
neutral: 64.54637908935547
happy: 88.9225845336914
fear: 45.80194091796875
happy: 83.08805084228516
sad: 99.03582763671875
surprise: 75.82180786132812
neutral: 50.17656326293945
surprise: 81.12894439697266
angry: 52.824405670166016
fear: 65.46894836425781
sad: 87.23175048828125
neutral: 81.9401626586914
neutral: 99.89317321777344
neutral: 91.42434692382812
happy: 97.41680908203125
neutral: 71.6730728149414
sad: 86.73690795898438
happy: 34.1723518371582
neutral: 99.43683624267578
sad: 57.622806549072266
sad: 88.19551086425781
sad: 95.60575103759766
sad: 91.54216003417969
sad: 87.14619445800781
angry: 50.311485290527344
neutral: 99.73127746582031
neutral: 99.3836441040039
neutral: 54.67084503173828
neutral: 99.21929168701172
sad: 95.43351745605469
sad: 93.1300277709961
neutral: 52.58382034301758
neutral: 99.70870971679688
neutral: 95.2503890991211
neutral: 99.30906677246094
sad: 70.5731430053711
sad: 96.65966033935547
happy: 99.96663665771484
fear: 90.46331024169922
neutral: 99.21697998046875
neutral: 99.32039642333984
neutral: 99.52913665771484
neutral: 95.55604553222656
neutral: 63.207828521728516
surprise: 98.80696868896484
neutral: 99.4133071899414
neutral: 95.11412811279297
neutral: 65.56095886230469
neutral: 86.63130187988281
fear: 92.52735900878906
fear: 91.3763198852539
fear: 88.2649917602539
fear: 86.50659942626953
fear: 89.78172302246094
neutral: 94.4132308959961
neutral: 97.22972106933594
neutral: 75.25044250488281
neutral: 88.79472351074219
fear: 56.10044479370117
neutral: 51.80881118774414
sad: 88.5948486328125
neutral: 99.87812805175781
surprise: 91.42694854736328
neutral: 49.888004302978516
happy: 47.47814178466797
happy: 98.95738220214844
sad: 96.83230590820312
fear: 60.67218017578125
fear: 44.67856979370117
happy: 99.65521240234375
neutral: 99.973388671875
neutral: 99.62067413330078
neutral: 99.96529388427734
neutral: 99.96748352050781
neutral: 99.97887420654297
neutral: 97.3846664428711
neutral: 99.9969482421875
neutral: 99.98300170898438
neutral: 99.99614715576172
sad: 43.47899627685547
neutral: 99.94910430908203
neutral: 99.38094329833984
neutral: 99.94970703125
neutral: 98.38538360595703
neutral: 99.97628021240234
neutral: 99.74913787841797
sad: 95.28659057617188
neutral: 99.32601165771484
neutral: 99.59886932373047
neutral: 99.96514129638672
neutral: 99.98491668701172
neutral: 99.98985290527344
neutral: 99.96184539794922
sad: 50.7899169921875
fear: 62.6689567565918
neutral: 60.66596603393555
neutral: 85.85124969482422
fear: 72.46437072753906
neutral: 86.25392150878906
sad: 45.52567672729492
neutral: 77.05711364746094
neutral: 63.92204284667969
fear: 33.305171966552734
fear: 45.77106475830078
neutral: 57.68125534057617
neutral: 61.58299255371094
fear: 48.54258728027344
neutral: 62.43431854248047
neutral: 66.8983383178711
neutral: 65.30035400390625
neutral: 60.009281158447266
neutral: 64.1407241821289
sad: 57.12098693847656
neutral: 58.8918342590332
neutral: 55.2955436706543
fear: 61.9854736328125
neutral: 77.89755249023438
sad: 43.98792266845703
fear: 49.86052322387695
neutral: 90.9385757446289
neutral: 94.89508056640625
neutral: 73.81314849853516
neutral: 92.00098419189453
neutral: 81.2851333618164
neutral: 84.32945251464844
neutral: 77.7400131225586
neutral: 65.5075454711914
neutral: 81.8573989868164
neutral: 44.76105880737305
fear: 38.3262825012207
fear: 64.32293701171875
sad: 62.73120880126953
fear: 88.14684295654297
sad: 92.5715560913086
sad: 97.10166931152344
sad: 98.5334701538086
sad: 74.30172729492188
sad: 98.00996398925781
fear: 64.3707275390625
neutral: 52.32945251464844
sad: 57.00642013549805
fear: 87.04241180419922
fear: 75.64302825927734
sad: 50.963722229003906
sad: 98.88302612304688
sad: 98.40927124023438
happy: 64.83501434326172
sad: 97.49017333984375
sad: 93.6299819946289
sad: 98.72297668457031
happy: 87.92814636230469
fear: 79.54619598388672
sad: 94.71528625488281
sad: 97.77251434326172
fear: 66.29608917236328
fear: 84.69349670410156
fear: 87.20793914794922
fear: 87.30131530761719
fear: 78.05049896240234
fear: 85.34064483642578
neutral: 88.29412078857422
angry: 38.744380950927734
sad: 77.52074432373047
sad: 98.1014175415039
sad: 95.26901245117188
neutral: 50.316864013671875
neutral: 76.13068389892578
sad: 45.86842346191406
neutral: 68.75140380859375
neutral: 72.2779541015625
neutral: 68.05144500732422
neutral: 71.9491195678711
neutral: 87.05207061767578
neutral: 47.937828063964844
neutral: 74.85606384277344
neutral: 61.12492752075195
sad: 46.81826400756836
sad: 64.95797729492188
sad: 59.72825622558594
sad: 62.17408752441406
sad: 52.897640228271484
sad: 43.70661544799805
sad: 58.19794464111328
fear: 61.89142608642578
fear: 49.63168716430664
neutral: 56.274574279785156
sad: 53.91437911987305
neutral: 62.21067810058594
sad: 86.93788146972656
neutral: 75.34194946289062
fear: 82.22479248046875
fear: 36.433555603027344
sad: 35.58730697631836
fear: 38.08979797363281
fear: 39.345157623291016
fear: 68.64508056640625
fear: 68.8189468383789
fear: 73.28002166748047
fear: 67.05582427978516
neutral: 79.5128173828125
neutral: 73.89547729492188
sad: 50.1434211730957
neutral: 87.66695404052734
neutral: 81.17863464355469
neutral: 78.88809967041016
fear: 51.79936218261719
neutral: 90.98954010009766
sad: 81.54265594482422
sad: 66.54145812988281
happy: 99.91759490966797
sad: 57.8193359375
sad: 56.39580154418945
sad: 71.70204162597656
sad: 69.07682800292969
happy: 99.75370025634766
sad: 70.0306625366211
happy: 89.36001586914062
happy: 99.74147033691406
sad: 89.53959655761719
happy: 82.8921127319336
sad: 71.10627746582031
sad: 80.80523681640625
fear: 75.80387878417969
fear: 72.28665924072266
fear: 61.18391036987305
fear: 58.91902542114258
sad: 61.58214569091797
sad: 73.34778594970703
sad: 71.597900390625
sad: 58.98236846923828
sad: 44.887290954589844
fear: 54.40486526489258
neutral: 83.25411987304688
happy: 99.9876937866211
happy: 99.9715805053711
happy: 99.90565490722656
happy: 99.93034362792969
happy: 99.84956359863281
happy: 99.95413970947266
happy: 99.9278793334961
happy: 99.92276763916016
happy: 99.91851043701172
happy: 99.95529174804688
happy: 92.17537689208984
happy: 37.09661102294922
happy: 91.59271240234375
neutral: 95.72613525390625
neutral: 98.91732025146484
sad: 84.23306274414062
neutral: 75.81664276123047
neutral: 91.4015121459961
neutral: 82.68211364746094
neutral: 84.1131362915039
neutral: 62.502498626708984
neutral: 67.90481567382812
happy: 60.42734909057617
fear: 34.516883850097656
fear: 44.6041145324707
neutral: 66.82334899902344
neutral: 79.74201202392578
neutral: 85.78167724609375
neutral: 77.91828155517578
neutral: 68.86421966552734
neutral: 58.87172317504883
neutral: 98.04446411132812
neutral: 79.69165802001953
neutral: 83.30548095703125
neutral: 92.76917266845703
neutral: 93.48110961914062
neutral: 78.24922943115234
neutral: 76.9967041015625
sad: 70.3272933959961
neutral: 85.44227600097656
neutral: 70.75003051757812
fear: 45.910545349121094
neutral: 48.0257568359375
sad: 65.63089752197266
sad: 46.53923797607422
sad: 74.40941619873047
happy: 99.98565673828125
sad: 68.33009338378906
fear: 63.40678405761719
fear: 78.74938201904297
fear: 51.978336334228516
fear: 73.84622192382812
neutral: 56.897705078125
neutral: 51.28508758544922
neutral: 72.56829071044922
neutral: 91.06905364990234
sad: 76.8458480834961
sad: 51.193599700927734
fear: 89.19717407226562
sad: 70.95121002197266
fear: 89.57268524169922
neutral: 73.90272521972656
neutral: 92.12383270263672
neutral: 72.90172576904297
neutral: 87.26911163330078
sad: 47.856834411621094
fear: 80.09410858154297
angry: 52.415103912353516
angry: 98.52312469482422
angry: 95.83843994140625
angry: 73.43033599853516
angry: 88.1812973022461
sad: 65.74083709716797
angry: 60.80287551879883
fear: 49.32535171508789
sad: 84.44515228271484
sad: 91.73213195800781
sad: 91.56348419189453
sad: 45.90005111694336
neutral: 65.10948944091797
neutral: 52.49363708496094
sad: 51.86505889892578
sad: 73.39631652832031
fear: 40.894248962402344
sad: 52.79004669189453
sad: 99.97307586669922
sad: 85.48432159423828
fear: 99.99604034423828
fear: 99.99288940429688
fear: 99.93097686767578
sad: 48.8710823059082
fear: 99.99996948242188
fear: 99.99880981445312
fear: 99.99932861328125
fear: 99.9998779296875
fear: 99.99979400634766
fear: 100.0
fear: 100.0
fear: 100.0
fear: 99.99998474121094
fear: 99.99998474121094
fear: 99.99998474121094
fear: 99.99967956542969
fear: 99.99996185302734
fear: 99.99998474121094
fear: 46.62345886230469
fear: 100.0
fear: 99.99996185302734
fear: 99.99977111816406
fear: 99.9997787475586
fear: 99.9999771118164
fear: 99.99955749511719
fear: 99.9993896484375
fear: 99.9994888305664
fear: 99.99982452392578
fear: 99.99986267089844
fear: 99.942138671875
fear: 100.0
fear: 100.0
fear: 100.0
fear: 99.99999237060547
fear: 100.0
fear: 99.99998474121094
fear: 99.99983215332031
fear: 99.99967956542969
fear: 99.99979400634766
fear: 99.99991607666016
fear: 99.9999771118164
fear: 99.9999008178711
fear: 99.99995422363281
fear: 100.0
fear: 99.99864196777344
fear: 99.99984741210938
fear: 100.0
happy: 97.40574645996094
sad: 42.575218200683594
sad: 90.48748016357422
sad: 95.64874267578125
sad: 70.55480194091797
neutral: 34.97224807739258
sad: 98.87548065185547
sad: 98.97215270996094
sad: 99.47270202636719
neutral: 53.29888916015625
neutral: 97.75963592529297
sad: 95.9309310913086
sad: 99.90535736083984
sad: 99.99861907958984
happy: 99.9974365234375
happy: 99.99082946777344
happy: 99.98323059082031
happy: 99.97205352783203
happy: 99.9762954711914
happy: 99.2852554321289
sad: 99.92539978027344
sad: 99.921142578125
happy: 96.48335266113281
happy: 97.74360656738281
happy: 99.68669891357422
happy: 96.71940612792969
happy: 93.02919006347656
sad: 76.46200561523438
sad: 69.0015640258789
sad: 98.97972869873047
sad: 99.08536529541016
sad: 98.95459747314453
fear: 77.50752258300781
fear: 70.95315551757812
fear: 76.42546081542969
neutral: 99.69612884521484
sad: 97.49665069580078
sad: 75.59925079345703
sad: 75.23468780517578
happy: 99.8364028930664
neutral: 53.74697494506836
fear: 56.327239990234375
fear: 80.68757629394531
fear: 81.74905395507812
neutral: 52.87560272216797
fear: 44.85862731933594
sad: 47.35499954223633
sad: 40.652252197265625
neutral: 74.59659576416016
fear: 39.691864013671875
fear: 55.2391471862793
fear: 76.367431640625
sad: 93.9884033203125
neutral: 61.7546272277832
fear: 44.4029655456543
fear: 82.9765625
fear: 93.15264892578125
fear: 97.55797576904297
fear: 86.92896270751953
fear: 81.52242279052734
fear: 38.43485641479492
neutral: 91.45211791992188
sad: 44.42201614379883
fear: 53.53410339355469
neutral: 53.114261627197266
neutral: 51.35615158081055
neutral: 77.4072265625
neutral: 58.541343688964844
sad: 99.18315887451172
sad: 86.59436798095703
sad: 72.0650634765625
sad: 55.062747955322266
fear: 62.6321907043457
fear: 60.77345657348633
neutral: 95.23963165283203
sad: 78.74649047851562
neutral: 85.59149169921875
neutral: 59.07209777832031
neutral: 83.31494140625
neutral: 69.6435775756836
neutral: 59.97235107421875
sad: 73.59107971191406
sad: 55.612762451171875
fear: 57.479515075683594
fear: 68.99589538574219
neutral: 55.50497055053711
sad: 53.28245544433594
fear: 79.63514709472656
fear: 56.303375244140625
fear: 59.872684478759766
fear: 70.57177734375
fear: 42.21986389160156
fear: 37.7750129699707
neutral: 94.12783813476562
neutral: 99.50399017333984
neutral: 98.10826873779297
neutral: 68.91230773925781
sad: 92.89176177978516
fear: 77.15489959716797
neutral: 99.89273071289062
fear: 50.723636627197266
neutral: 99.11154174804688
sad: 76.35531616210938
neutral: 99.08531188964844
sad: 90.34278869628906
neutral: 99.97127532958984
fear: 50.678653717041016
neutral: 99.90372467041016
neutral: 47.78211975097656
surprise: 98.78642272949219
surprise: 89.11807250976562
surprise: 97.57981872558594
surprise: 84.75362396240234
surprise: 98.29302978515625
surprise: 65.04119110107422
surprise: 68.64315795898438
neutral: 99.80667114257812
surprise: 95.83232879638672
surprise: 87.84984588623047
surprise: 96.45431518554688
surprise: 99.65038299560547
surprise: 51.38058090209961
surprise: 96.3649673461914
surprise: 99.58329772949219
surprise: 98.8140640258789
sad: 98.68962097167969
fear: 68.77297973632812
fear: 73.9698715209961
neutral: 97.72904205322266
neutral: 98.54586029052734
sad: 83.4438705444336
neutral: 99.54381561279297
neutral: 99.84386444091797
neutral: 98.36891174316406
sad: 50.29029846191406
sad: 53.19902420043945
sad: 72.78709411621094
sad: 97.72834777832031
sad: 97.48821258544922
happy: 99.31070709228516
happy: 46.62742233276367
happy: 95.14388275146484
happy: 87.21454620361328
happy: 77.65533447265625
happy: 67.3509750366211
happy: 57.40398025512695
fear: 99.36524963378906
fear: 40.597007751464844
neutral: 39.579139709472656
neutral: 43.06434631347656
neutral: 44.68108367919922
neutral: 45.9476203918457
sad: 81.61385345458984
fear: 47.95550537109375
fear: 91.54634094238281
neutral: 41.81893539428711
fear: 70.90547943115234
sad: 90.40030670166016
sad: 53.566829681396484
sad: 87.19501495361328
neutral: 99.56704711914062
sad: 35.270179748535156
neutral: 40.22129821777344
neutral: 58.681068420410156
sad: 60.49178695678711
neutral: 79.94389343261719
sad: 42.16140365600586
sad: 48.823097229003906
neutral: 95.18151092529297
neutral: 56.559539794921875
sad: 59.72096252441406
sad: 68.17610168457031
sad: 58.161407470703125
sad: 41.34535217285156
sad: 49.123817443847656
sad: 48.88620376586914
sad: 61.66372299194336
sad: 73.50492095947266
sad: 69.1353759765625
neutral: 70.0861587524414
sad: 87.73703002929688
surprise: 71.2236557006836
surprise: 76.19534301757812
happy: 51.22690963745117
sad: 39.275455474853516
sad: 39.19807815551758
neutral: 69.76660919189453
surprise: 99.08357238769531
sad: 66.28346252441406
happy: 46.80043411254883
neutral: 79.67390441894531
sad: 60.83777618408203
sad: 94.8986587524414
sad: 90.33170318603516
happy: 49.039180755615234
happy: 96.1191177368164
happy: 98.43524932861328
happy: 98.56844329833984
happy: 99.9959487915039
surprise: 99.58001708984375
surprise: 99.68516540527344
neutral: 83.37025451660156
neutral: 91.37643432617188
sad: 86.0804672241211
sad: 98.40076446533203
surprise: 99.71182250976562
surprise: 98.223876953125
sad: 82.07929992675781
happy: 99.24642944335938
neutral: 86.28858947753906
sad: 99.4706802368164
sad: 99.35128021240234
surprise: 97.36310577392578
surprise: 98.85430908203125
surprise: 65.76314544677734
surprise: 98.7164306640625
surprise: 58.23356246948242
happy: 90.61434936523438
happy: 98.24507141113281
sad: 51.53607177734375
neutral: 52.593685150146484
sad: 53.156036376953125
fear: 40.962032318115234
sad: 39.211090087890625
neutral: 52.66697311401367
neutral: 48.616920471191406
neutral: 47.75861358642578
neutral: 46.324337005615234
sad: 71.17615509033203
fear: 85.06746673583984
fear: 57.00361633300781
sad: 53.520172119140625
neutral: 76.17552947998047
sad: 71.7847671508789
sad: 70.36225128173828
neutral: 70.14751434326172
neutral: 92.30195617675781
neutral: 94.51863098144531
fear: 52.0642204284668
neutral: 86.13557434082031
neutral: 47.97089385986328
neutral: 55.91447448730469
neutral: 79.73381042480469
neutral: 72.30291748046875
sad: 65.8399429321289
happy: 78.43437957763672
happy: 50.33086395263672
happy: 52.331443786621094
neutral: 62.621978759765625
neutral: 74.20963287353516
neutral: 92.19677734375
neutral: 94.26782989501953
neutral: 80.64812469482422
neutral: 73.1730728149414
neutral: 67.00750732421875
neutral: 76.462646484375
neutral: 67.9681625366211
neutral: 55.66586685180664
neutral: 88.74578094482422
neutral: 90.79212951660156
neutral: 68.01057434082031
neutral: 75.58316802978516
fear: 39.441490173339844
sad: 66.84465026855469
sad: 61.27891159057617
sad: 52.635616302490234
fear: 48.9724006652832
happy: 93.06747436523438
sad: 85.88150787353516
happy: 67.13349151611328
sad: 79.67223358154297
neutral: 87.55028533935547
fear: 60.15940475463867
sad: 99.47664642333984
happy: 83.89462280273438
angry: 41.208980560302734
happy: 79.6927719116211
sad: 99.69503021240234
fear: 64.39583587646484
happy: 87.43061065673828
fear: 74.66966247558594
happy: 98.13260650634766
neutral: 88.85225677490234
sad: 56.48989486694336
sad: 92.62542724609375
sad: 71.86790466308594
sad: 44.947906494140625
happy: 84.5588607788086
neutral: 96.42485809326172
neutral: 99.26187896728516
neutral: 99.57901000976562
sad: 98.90389251708984
sad: 53.48289108276367
sad: 99.9359130859375
happy: 99.07476043701172
sad: 98.84756469726562
happy: 99.90074920654297
sad: 83.71833038330078
angry: 48.65739822387695
fear: 98.30341339111328
fear: 66.441650390625
sad: 86.27406311035156
neutral: 77.07738494873047
neutral: 75.45067596435547
neutral: 70.13136291503906
neutral: 74.99763488769531
neutral: 69.88571166992188
neutral: 71.69636535644531
neutral: 97.96915435791016
neutral: 46.761322021484375
fear: 50.14439392089844
sad: 84.62821197509766
sad: 91.52462768554688
sad: 90.24905395507812
sad: 87.91062927246094
sad: 88.69271850585938
sad: 88.50777435302734
sad: 91.41952514648438
sad: 89.9995346069336
sad: 85.02161407470703
sad: 65.65703582763672
sad: 76.00250244140625
sad: 77.67231750488281
fear: 63.996307373046875
sad: 69.64563751220703
sad: 67.65072631835938
sad: 69.41793060302734
sad: 68.98006439208984
sad: 79.554931640625
fear: 90.45841217041016
neutral: 79.1728515625
neutral: 80.91358184814453
neutral: 75.91011810302734
neutral: 80.45602416992188
neutral: 96.12364959716797
neutral: 97.67668151855469
neutral: 65.92631530761719
neutral: 95.88882446289062
neutral: 97.69842529296875
neutral: 91.72598266601562
fear: 68.08514404296875
neutral: 96.81246185302734
neutral: 88.18242645263672
neutral: 87.40025329589844
neutral: 95.55207824707031
neutral: 92.71784973144531
sad: 99.0088882446289
sad: 62.87592315673828
neutral: 70.70046997070312
happy: 92.57623291015625
happy: 91.72905731201172
happy: 84.79426574707031
neutral: 52.75439453125
neutral: 84.0443115234375
happy: 74.82382202148438
happy: 38.723976135253906
neutral: 77.94389343261719
fear: 99.99958801269531
fear: 99.99724578857422
fear: 99.99208068847656
fear: 99.99195098876953
fear: 99.9991455078125
fear: 99.9578857421875
fear: 96.08306884765625
fear: 47.92525100708008
neutral: 95.44432830810547
neutral: 93.24178314208984
neutral: 98.5354995727539
neutral: 91.31792449951172
neutral: 58.48429870605469
neutral: 88.39363098144531
neutral: 83.42156982421875
fear: 61.74953079223633
fear: 33.71171569824219
neutral: 80.59175872802734
happy: 99.9998550415039
neutral: 98.64173126220703
neutral: 99.10326385498047
happy: 99.99852752685547
happy: 98.56417083740234
sad: 53.2069206237793
happy: 96.94981384277344
happy: 60.45513153076172
happy: 84.20500183105469
happy: 97.58446502685547
happy: 85.51260375976562
happy: 81.50123596191406
happy: 95.85465240478516
happy: 97.38685607910156
happy: 87.45411682128906
happy: 91.938232421875
sad: 99.99208068847656
neutral: 55.51301574707031
sad: 99.99736785888672
sad: 99.99934387207031
sad: 99.99803161621094
sad: 99.99652099609375
sad: 99.99287414550781
sad: 99.99761199951172
sad: 99.99971008300781
sad: 99.9995346069336
sad: 99.32730865478516
sad: 99.99919891357422
sad: 99.99250030517578
sad: 99.992919921875
happy: 95.653564453125
sad: 64.55272674560547
sad: 99.99760437011719
sad: 99.99252319335938
neutral: 95.74504089355469
neutral: 99.40806579589844
sad: 98.54522705078125
neutral: 49.99012756347656
angry: 41.27376174926758
neutral: 83.05361938476562
neutral: 84.66781616210938
sad: 99.67286682128906
fear: 44.48715591430664
neutral: 70.03633880615234
angry: 40.51123809814453
sad: 97.49935150146484
sad: 99.94756317138672
sad: 99.82112884521484
sad: 99.9834213256836
sad: 73.24115753173828
neutral: 94.87054443359375
neutral: 45.29330825805664
neutral: 55.4888801574707
fear: 45.38671112060547
fear: 48.59397888183594
angry: 75.147216796875
neutral: 85.9828872680664
sad: 32.89748764038086
fear: 44.43338394165039
neutral: 90.89588928222656
happy: 95.67973327636719
neutral: 68.10225677490234
neutral: 73.63677215576172
neutral: 70.03606414794922
fear: 38.27268981933594
sad: 63.17168426513672
neutral: 42.73380661010742
neutral: 57.64836502075195
neutral: 69.92298126220703
neutral: 79.27184295654297
neutral: 63.93543243408203
sad: 72.6827621459961
sad: 55.93243408203125
fear: 97.178955078125
fear: 43.981040954589844
neutral: 44.569671630859375
sad: 29.866844177246094
neutral: 59.720455169677734
neutral: 55.92102813720703
sad: 66.200439453125
neutral: 98.376220703125
sad: 57.00688171386719
neutral: 94.96455383300781
neutral: 92.68748474121094
angry: 40.95279312133789
neutral: 83.07420349121094
neutral: 77.68531799316406
neutral: 89.18831634521484
sad: 44.74132537841797
neutral: 84.52645111083984
neutral: 48.52976989746094
neutral: 96.34883117675781
neutral: 66.65575408935547
sad: 65.67754364013672
fear: 65.12043762207031
neutral: 71.93196868896484
neutral: 79.06475830078125
neutral: 91.5440673828125
neutral: 52.48139572143555
neutral: 62.42790603637695
neutral: 39.12250900268555
neutral: 81.66056060791016
sad: 61.73017120361328
angry: 42.03446578979492
angry: 53.497650146484375
neutral: 97.34394836425781
sad: 55.95167541503906
neutral: 62.62034606933594
neutral: 87.99109649658203
neutral: 44.52553939819336
fear: 54.730838775634766
sad: 55.10990524291992
fear: 80.36637115478516
fear: 51.45085906982422
fear: 89.00411224365234
fear: 91.88206481933594
fear: 65.74951171875
sad: 92.95674133300781
sad: 99.95783233642578
sad: 99.83451080322266
sad: 62.11772155761719
neutral: 65.5488052368164
neutral: 88.32371520996094
neutral: 75.04039001464844
neutral: 87.31767272949219
fear: 63.05638122558594
fear: 90.26134490966797
fear: 57.39101028442383
sad: 99.96260070800781
sad: 99.55457305908203
sad: 99.91288757324219
sad: 99.9299545288086
sad: 99.96792602539062
sad: 94.78368377685547
sad: 99.36933135986328
sad: 99.75334930419922
sad: 99.53985595703125
sad: 91.74295043945312
sad: 94.35607147216797
sad: 79.4695816040039
sad: 99.83087921142578
fear: 99.96380615234375
sad: 47.76720428466797
neutral: 57.83256149291992
surprise: 98.74977111816406
surprise: 98.5103530883789
neutral: 53.202354431152344
neutral: 73.75348663330078
fear: 49.31135559082031
neutral: 78.42730712890625
neutral: 66.87987518310547
sad: 78.13246154785156
angry: 99.42833709716797
neutral: 60.28331756591797
sad: 88.82762145996094
sad: 84.0358657836914
angry: 69.34477233886719
neutral: 92.71788024902344
neutral: 95.70993041992188
neutral: 77.4649429321289
neutral: 62.12723922729492
fear: 50.287925720214844
neutral: 90.28129577636719
neutral: 27.079540252685547
neutral: 35.586856842041016
sad: 29.280344009399414
sad: 66.2088394165039
sad: 73.11231231689453
sad: 58.775936126708984
sad: 91.93940734863281
sad: 64.87162780761719
neutral: 63.5363655090332
sad: 95.15449523925781
sad: 87.67119598388672
sad: 79.48970031738281
sad: 84.22628784179688
neutral: 66.25591278076172
sad: 82.53361511230469
neutral: 78.22977447509766
neutral: 72.52571868896484
sad: 51.41460037231445
sad: 66.69744873046875
sad: 87.09466552734375
neutral: 85.7072982788086
neutral: 89.81095123291016
neutral: 80.00086975097656
neutral: 86.26246643066406
neutral: 59.21367263793945
sad: 97.79959869384766
neutral: 73.45238494873047
neutral: 77.9924087524414
neutral: 73.71117401123047
neutral: 79.92682647705078
neutral: 71.83816528320312
neutral: 66.30720520019531
neutral: 46.12643814086914
neutral: 75.30384063720703
neutral: 75.83838653564453
neutral: 82.1981201171875
neutral: 50.16890335083008
neutral: 51.20151138305664
neutral: 74.1161880493164
neutral: 41.259342193603516
sad: 99.87335968017578
sad: 99.60820007324219
sad: 98.99082946777344
sad: 99.37779998779297
sad: 99.53026580810547
sad: 99.32640075683594
sad: 99.88085174560547
sad: 99.59749603271484
fear: 69.24676513671875
angry: 90.4379653930664
neutral: 59.605796813964844
neutral: 65.45291900634766
angry: 86.53053283691406
neutral: 92.49291229248047
sad: 52.22570037841797
sad: 57.15761947631836
sad: 86.2615966796875
sad: 54.64052963256836
sad: 53.06654739379883
sad: 52.90452194213867
sad: 82.95059967041016
sad: 77.17497253417969
sad: 74.16436004638672
sad: 80.93293762207031
sad: 77.79004669189453
sad: 73.46160888671875
sad: 68.96135711669922
sad: 96.91881561279297
sad: 99.59722137451172
sad: 96.94406127929688
sad: 98.05769348144531
sad: 87.7044677734375
sad: 98.66320037841797
sad: 98.87152099609375
sad: 95.70113372802734
sad: 91.75314331054688
sad: 87.0997314453125
sad: 97.7293472290039
sad: 91.98977661132812
sad: 86.60736846923828
sad: 93.22908782958984
sad: 72.13434600830078
sad: 95.71277618408203
sad: 97.87458801269531
sad: 94.37468719482422
sad: 96.83257293701172
sad: 99.95774841308594
sad: 61.46952438354492
fear: 53.57784652709961
sad: 65.79780578613281
fear: 81.21785736083984
fear: 76.23320770263672
fear: 80.76322937011719
fear: 76.52404022216797
fear: 98.403564453125
fear: 88.56647491455078
fear: 90.42886352539062
fear: 82.68107604980469
fear: 69.02666473388672
fear: 92.01749420166016
fear: 92.84947967529297
fear: 90.74353790283203
fear: 95.01068878173828
fear: 88.31788635253906
fear: 81.06378173828125
fear: 90.2744369506836
fear: 94.17936706542969
fear: 95.71784210205078
fear: 99.22093200683594
fear: 97.00117492675781
fear: 97.79908752441406
fear: 98.0560073852539
fear: 97.84881591796875
fear: 94.77278900146484
fear: 93.91271209716797
fear: 97.51332092285156
fear: 92.53058624267578
fear: 92.62398529052734
fear: 92.69903564453125
fear: 90.98370361328125
fear: 93.23550415039062
fear: 90.39563751220703
fear: 85.42870330810547
fear: 94.66262817382812
fear: 92.48767852783203
fear: 90.53775024414062
fear: 85.56295776367188
fear: 89.5903549194336
fear: 87.48052978515625
fear: 86.70214080810547
fear: 83.08882141113281
fear: 95.90455627441406
fear: 92.02262878417969
fear: 95.06258392333984
fear: 84.45059967041016
fear: 87.89857482910156
fear: 92.62622833251953
fear: 94.08146667480469
fear: 96.41570281982422
sad: 85.40254974365234
sad: 82.12374877929688
sad: 99.43721008300781
sad: 99.61189270019531
sad: 87.70748901367188
sad: 88.77098083496094
sad: 76.04195404052734
sad: 97.0775375366211
neutral: 82.3329849243164
neutral: 73.18914031982422
sad: 73.50254821777344
sad: 94.40648651123047
sad: 85.76416015625
sad: 76.78804016113281
neutral: 80.08872985839844
sad: 71.19559478759766
neutral: 69.946533203125
sad: 49.12985610961914
sad: 95.18016815185547
neutral: 99.99639129638672
sad: 97.36323547363281
angry: 89.47970581054688
neutral: 99.99039459228516
sad: 49.26076889038086
fear: 68.11714935302734
fear: 98.91292572021484
fear: 99.83246612548828
fear: 99.08427429199219
fear: 99.75126647949219
fear: 99.64556884765625
fear: 97.49241638183594
fear: 97.2220230102539
fear: 98.2149429321289
fear: 97.66792297363281
fear: 95.4120101928711
fear: 99.64546203613281
fear: 99.52012634277344
fear: 98.77361297607422
fear: 99.33679962158203
fear: 99.15750122070312
fear: 98.88069915771484
fear: 99.18118286132812
fear: 99.69589233398438
fear: 99.63397216796875
fear: 94.27729034423828
sad: 86.63361358642578
neutral: 59.59083938598633
sad: 72.16241455078125
sad: 60.22079849243164
happy: 95.2454605102539
fear: 79.99208068847656
fear: 67.90310668945312
fear: 98.89905548095703
fear: 93.6978530883789
sad: 99.87057495117188
fear: 94.5179672241211
fear: 99.60366821289062
fear: 99.50424194335938
fear: 99.68605041503906
fear: 99.77116394042969
fear: 99.84014892578125
fear: 99.78058624267578
fear: 99.91582489013672
fear: 99.89181518554688
sad: 99.98223114013672
fear: 99.57196044921875
fear: 98.86168670654297
fear: 99.9039077758789
fear: 99.59259033203125
fear: 99.47438049316406
fear: 99.83930969238281
fear: 99.86490631103516
fear: 99.90155792236328
fear: 42.86467361450195
fear: 80.64466857910156
fear: 86.58740234375
fear: 80.41895294189453
fear: 89.76773071289062
sad: 55.49852752685547
happy: 40.6810302734375
sad: 83.50071716308594
sad: 82.84071350097656
sad: 75.08655548095703
fear: 97.44277954101562
fear: 47.297122955322266
fear: 92.2790756225586
fear: 89.49202728271484
fear: 99.94622039794922
fear: 94.40213775634766
fear: 99.97501373291016
fear: 95.55994415283203
fear: 99.31603240966797
fear: 65.53864288330078
fear: 88.24529266357422
surprise: 61.89201354980469
neutral: 80.81324005126953
neutral: 91.28034973144531
sad: 89.66267395019531
neutral: 99.98345947265625
fear: 66.72321319580078
neutral: 95.45137786865234
sad: 34.69828414916992
neutral: 71.39161682128906
happy: 90.16365051269531
happy: 56.05774688720703
happy: 97.3552474975586
happy: 97.85404205322266
sad: 99.63890075683594
fear: 79.7664794921875
neutral: 42.9559211730957
sad: 50.73633575439453
angry: 99.93843841552734
angry: 67.62312316894531
angry: 81.37044525146484
angry: 75.2009506225586
angry: 86.94622802734375
angry: 75.90576934814453
angry: 82.21492767333984
angry: 49.91682434082031
angry: 63.114261627197266
fear: 59.25864028930664
fear: 66.58560943603516
angry: 52.86193084716797
angry: 68.34014892578125
fear: 61.042755126953125
angry: 55.167667388916016
fear: 54.096866607666016
angry: 51.3213996887207
angry: 56.77130126953125
angry: 51.25993347167969
fear: 56.81475067138672
fear: 71.45603942871094
fear: 69.42068481445312
angry: 50.033843994140625
fear: 77.89625549316406
fear: 60.71232986450195
fear: 56.719539642333984
fear: 61.5806999206543
fear: 75.84114074707031
fear: 65.58512115478516
fear: 63.58138656616211
fear: 66.2458724975586
fear: 61.02178192138672
angry: 52.757530212402344
angry: 57.6253547668457
angry: 58.192657470703125
angry: 64.5207290649414
angry: 71.70169830322266
fear: 58.113616943359375
angry: 63.38065719604492
angry: 65.04810333251953
fear: 56.84806823730469
fear: 55.70130157470703
angry: 64.27812957763672
fear: 67.02021026611328
angry: 66.0654525756836
fear: 67.8838119506836
fear: 65.78536224365234
angry: 60.13937759399414
fear: 58.351318359375
angry: 55.617923736572266
fear: 58.76111602783203
angry: 60.410194396972656
fear: 52.09330368041992
fear: 53.921592712402344
fear: 56.966060638427734
angry: 53.52851867675781
fear: 54.93104553222656
angry: 66.7303466796875
fear: 65.96926879882812
fear: 57.137237548828125
fear: 61.33958435058594
fear: 71.67188262939453
fear: 73.65792083740234
angry: 56.63316345214844
fear: 72.59114074707031
fear: 55.62419128417969
fear: 67.93016052246094
fear: 81.0946273803711
fear: 58.014251708984375
fear: 82.906982421875
fear: 82.22269439697266
fear: 60.95372772216797
angry: 65.8437271118164
fear: 56.23136520385742
fear: 55.66883087158203
angry: 69.18910217285156
fear: 60.432186126708984
angry: 60.02182388305664
fear: 53.218204498291016
fear: 59.11207962036133
fear: 62.54584503173828
fear: 64.69005584716797
fear: 73.98870849609375
fear: 79.84495544433594
fear: 65.76880645751953
fear: 72.8680419921875
fear: 71.00180053710938
angry: 52.50706481933594
fear: 53.162078857421875
fear: 67.38868713378906
fear: 75.07776641845703
fear: 70.21627807617188
fear: 79.95816040039062
fear: 82.36543273925781
fear: 75.45560455322266
fear: 87.13753509521484
fear: 87.65288543701172
fear: 70.61641693115234
fear: 84.36224365234375
fear: 53.7519645690918
fear: 78.97443389892578
fear: 87.80482482910156
fear: 79.45267486572266
fear: 90.1849136352539
fear: 89.0989990234375
fear: 81.2226333618164
fear: 82.17253875732422
fear: 85.8805160522461
fear: 83.84649658203125
fear: 90.19642639160156
fear: 90.63243103027344
fear: 82.23373413085938
fear: 88.2661361694336
fear: 91.34342956542969
fear: 87.87269592285156
fear: 85.36266326904297
fear: 86.19880676269531
fear: 84.57858276367188
fear: 77.46380615234375
fear: 87.59148406982422
fear: 82.66401672363281
fear: 75.50574493408203
fear: 78.7436752319336
fear: 88.9642562866211
fear: 85.4106674194336
fear: 85.93321990966797
fear: 77.74417877197266
fear: 87.29918670654297
fear: 87.36077880859375
fear: 83.96429443359375
fear: 84.04654693603516
fear: 67.06819152832031
fear: 92.14783477783203
fear: 79.34463500976562
fear: 91.04330444335938
fear: 85.0045166015625
fear: 87.44227600097656
fear: 92.53478240966797
fear: 85.6225357055664
fear: 89.43675994873047
fear: 87.5374526977539
fear: 86.02359008789062
fear: 78.2059097290039
fear: 81.84132385253906
fear: 86.75238800048828
fear: 63.29486846923828
fear: 85.53714752197266
fear: 65.9398422241211
fear: 79.38362884521484
fear: 72.02001190185547
fear: 78.62208557128906
fear: 53.12805938720703
fear: 86.40007781982422
fear: 66.33493041992188
fear: 82.22743225097656
fear: 87.54633331298828
fear: 84.27056884765625
fear: 82.66897583007812
fear: 81.74169921875
fear: 70.41415405273438
fear: 82.88359832763672
fear: 74.7784194946289
fear: 85.9048080444336
fear: 69.99085235595703
fear: 65.7118911743164
fear: 80.91715240478516
fear: 75.36550903320312
fear: 79.96255493164062
fear: 81.78227233886719
fear: 79.7520980834961
fear: 83.27911376953125
fear: 83.31661987304688
fear: 77.88863372802734
fear: 73.8904037475586
fear: 78.54093933105469
fear: 77.33708190917969
fear: 84.61116027832031
fear: 84.8197250366211
fear: 72.93757629394531
fear: 78.70209503173828
fear: 72.223388671875
fear: 86.22142791748047
fear: 74.8367919921875
fear: 85.27916717529297
fear: 81.66856384277344
fear: 77.72564697265625
fear: 79.24838256835938
fear: 67.51581573486328
fear: 77.06705474853516
fear: 78.63705444335938
fear: 85.99645233154297
fear: 78.41958618164062
fear: 71.560302734375
fear: 84.74417877197266
fear: 76.93600463867188
fear: 72.77843475341797
fear: 71.8324203491211
fear: 83.4659423828125
fear: 89.68030548095703
fear: 88.3945083618164
fear: 73.65923309326172
fear: 87.33635711669922
fear: 85.79631805419922
fear: 72.12126159667969
fear: 83.22978973388672
fear: 81.90034484863281
fear: 79.6539535522461
fear: 71.56773376464844
fear: 82.58131408691406
fear: 81.5695571899414
fear: 68.31160736083984
fear: 82.31570434570312
fear: 87.4590835571289
fear: 74.8459243774414
fear: 78.17108917236328
fear: 76.8290023803711
fear: 74.23112487792969
fear: 78.16297912597656
fear: 75.10761260986328
fear: 85.03380584716797
fear: 70.845947265625
fear: 72.09992218017578
fear: 69.17189025878906
fear: 75.13394165039062
fear: 80.22591400146484
fear: 92.23412322998047
fear: 73.13115692138672
fear: 77.40106964111328
fear: 82.56828308105469
fear: 88.5992202758789
fear: 90.76663970947266
fear: 86.6307144165039
fear: 75.0360107421875
fear: 85.5880355834961
fear: 73.1844253540039
fear: 71.46339416503906
fear: 73.78533935546875
fear: 82.61833190917969
fear: 65.15068817138672
fear: 83.77328491210938
fear: 80.64939880371094
fear: 84.55732727050781
fear: 92.3642807006836
fear: 71.95223999023438
fear: 86.59601593017578
fear: 89.35768127441406
fear: 84.22623443603516
fear: 84.29280853271484
fear: 87.18254852294922
fear: 84.6010513305664
fear: 78.8988265991211
fear: 88.95877838134766
fear: 79.57646179199219
fear: 77.727783203125
fear: 72.06336212158203
fear: 85.2933120727539
fear: 82.07286834716797
fear: 77.38261413574219
fear: 82.90739440917969
fear: 71.87468719482422
fear: 71.67361450195312
fear: 85.55831909179688
fear: 82.76398468017578
fear: 86.65540313720703
fear: 86.50115966796875
fear: 80.65878295898438
fear: 86.29448699951172
fear: 89.0439224243164
fear: 74.4704818725586
fear: 81.89552307128906
fear: 87.38956451416016
fear: 84.1199951171875
fear: 89.9041748046875
fear: 88.36988067626953
fear: 77.54199981689453
fear: 83.77476501464844
fear: 86.68595886230469
fear: 92.18838500976562
fear: 81.77592468261719
fear: 84.61280059814453
fear: 79.99766540527344
fear: 87.64413452148438
fear: 83.3375015258789
fear: 86.04215240478516
fear: 73.88355255126953
fear: 85.31207275390625
fear: 74.97513580322266
fear: 68.30269622802734
fear: 78.76616668701172
fear: 84.83258819580078
fear: 89.76444244384766
fear: 87.64342498779297
fear: 87.09495544433594
fear: 79.21837615966797
fear: 76.51092529296875
fear: 89.48005676269531
fear: 81.39698028564453
fear: 84.31632232666016
fear: 84.50627136230469
fear: 85.45745086669922
fear: 81.72174072265625
fear: 88.32108306884766
fear: 92.18941497802734
fear: 76.35665130615234
fear: 83.97705078125
fear: 82.46104431152344
fear: 67.2364730834961
fear: 80.4707260131836
fear: 92.34175109863281
fear: 84.84428405761719
fear: 86.66879272460938
fear: 82.82083129882812
fear: 79.89920043945312
fear: 84.72881317138672
fear: 81.60298156738281
fear: 88.06412506103516
fear: 81.82304382324219
fear: 82.72655487060547
fear: 86.50128173828125
fear: 79.57683563232422
fear: 85.74231719970703
fear: 78.15767669677734
fear: 87.11822509765625
fear: 86.31060028076172
fear: 89.42499542236328
fear: 84.4978256225586
fear: 86.43006134033203
fear: 79.01805877685547
fear: 84.50348663330078
fear: 66.88117218017578
fear: 94.65341186523438
fear: 75.09285736083984
fear: 84.36099243164062
fear: 75.69525146484375
fear: 87.44422149658203
fear: 82.56401824951172
fear: 79.58203125
fear: 83.01013946533203
fear: 76.66527557373047
fear: 81.51675415039062
fear: 75.14984893798828
fear: 83.1458740234375
fear: 60.15530776977539
fear: 77.0166244506836
fear: 88.15983581542969
fear: 83.54930114746094
fear: 77.58785247802734
fear: 75.03655242919922
fear: 85.32914733886719
fear: 83.88465881347656
fear: 77.4114990234375
fear: 91.22980499267578
fear: 80.9964599609375
fear: 86.5018310546875
fear: 82.62724304199219
fear: 81.00515747070312
fear: 91.71656799316406
fear: 87.11698913574219
fear: 82.8687973022461
fear: 86.8318862915039
fear: 89.26905059814453
fear: 75.09168243408203
fear: 74.22703552246094
fear: 82.5817642211914
fear: 81.95960998535156
fear: 90.8280258178711
fear: 80.5228271484375
fear: 85.1427230834961
fear: 89.51890563964844
fear: 65.88204193115234
fear: 79.23847961425781
fear: 78.5650634765625
fear: 86.6366958618164
fear: 75.28579711914062
fear: 88.58908081054688
fear: 83.3812026977539
fear: 86.27771759033203
fear: 79.43185424804688
fear: 90.49970245361328
fear: 85.8409652709961
fear: 90.01116180419922
fear: 89.75155639648438
fear: 76.99968719482422
fear: 84.94469451904297
fear: 81.7049789428711
fear: 89.93762969970703
fear: 90.90026092529297
fear: 87.86822509765625
fear: 92.43211364746094
fear: 75.56549835205078
fear: 79.76651763916016
fear: 73.97042846679688
fear: 82.35108184814453
fear: 80.19094848632812
fear: 78.4003677368164
fear: 81.00882720947266
fear: 86.95610809326172
fear: 81.23538208007812
fear: 76.10308837890625
fear: 83.9227523803711
fear: 75.78887176513672
fear: 86.00596618652344
fear: 78.11031341552734
fear: 87.82544708251953
fear: 83.47711944580078
fear: 81.83036804199219
fear: 86.95818328857422
fear: 85.8602066040039
fear: 82.6586685180664
fear: 88.72633361816406
fear: 87.86546325683594
fear: 80.73716735839844
fear: 82.18663787841797
fear: 85.66532897949219
fear: 75.58758544921875
fear: 82.90794372558594
fear: 86.92442321777344
fear: 88.05974578857422
fear: 86.79498291015625
fear: 78.68773651123047
fear: 84.4681396484375
fear: 73.91429901123047
fear: 88.97325897216797
fear: 71.09719848632812
fear: 84.25047302246094
fear: 84.77617645263672
fear: 74.54427337646484
fear: 84.07179260253906
fear: 84.42908477783203
fear: 76.63605499267578
fear: 84.76889038085938
fear: 74.82307434082031
fear: 81.21578979492188
fear: 72.98102569580078
fear: 81.68180847167969
fear: 84.87776947021484
fear: 88.1531982421875
fear: 86.47460174560547
fear: 86.39949798583984
fear: 81.43201446533203
fear: 86.9884033203125
fear: 83.56635284423828
fear: 85.7616958618164
fear: 83.0037841796875
fear: 73.36463928222656
fear: 85.90908813476562
fear: 88.45006561279297
fear: 81.40691375732422
fear: 82.654296875
fear: 82.23799133300781
fear: 78.32567596435547
fear: 79.42291259765625
fear: 90.33575439453125
fear: 81.1112060546875
fear: 87.14414978027344
fear: 82.29562377929688
fear: 83.56671142578125
fear: 80.31925964355469
fear: 84.89696502685547
fear: 75.22024536132812
fear: 81.3546142578125
fear: 88.24462127685547
fear: 73.10810089111328
fear: 77.16657257080078
fear: 87.28495025634766
fear: 73.61309814453125
fear: 82.81903839111328
fear: 77.25008392333984
fear: 86.73514556884766
fear: 79.6626205444336
fear: 88.23455810546875
fear: 73.94424438476562
fear: 86.62779998779297
fear: 80.55118560791016
fear: 75.29423522949219
fear: 84.07160949707031
fear: 75.68921661376953
fear: 85.62783813476562
fear: 88.77690887451172
fear: 84.19427490234375
fear: 75.09703826904297
fear: 87.84644317626953
fear: 83.12714385986328
fear: 89.62290954589844
fear: 77.73502349853516
fear: 81.62728881835938
fear: 85.8268051147461
fear: 86.3055419921875
fear: 80.45307159423828
fear: 67.43006134033203
fear: 86.7809829711914
fear: 91.51911926269531
fear: 91.684814453125
fear: 65.986083984375
fear: 85.25816345214844
fear: 87.02117919921875
fear: 84.27143096923828
fear: 75.65736389160156
fear: 78.9474105834961
fear: 78.92613983154297
fear: 89.0257797241211
fear: 88.19662475585938
fear: 83.41255950927734
fear: 78.07508850097656
fear: 71.7815170288086
fear: 75.29492950439453
fear: 75.3534927368164
fear: 81.11932373046875
fear: 82.74761199951172
fear: 85.66085815429688
fear: 85.34353637695312
fear: 85.07099914550781
fear: 79.47795867919922
fear: 84.1972885131836
fear: 83.80904388427734
fear: 80.32842254638672
fear: 80.76667022705078
fear: 85.32197570800781
fear: 80.47164916992188
fear: 81.57731628417969
fear: 73.60575866699219
fear: 82.89096069335938
fear: 80.99784088134766
fear: 73.30551147460938
fear: 68.0631332397461
fear: 83.40628051757812
fear: 79.60775756835938
fear: 78.27386474609375
fear: 76.25078582763672
fear: 62.54606246948242
fear: 82.23784637451172
fear: 62.244163513183594
fear: 75.37020111083984
fear: 87.4443588256836
fear: 79.01438903808594
fear: 72.9103012084961
fear: 84.9272232055664
fear: 68.14585876464844
fear: 82.74217224121094
fear: 79.55176544189453
fear: 70.93502044677734
fear: 76.9028091430664
fear: 74.43948364257812
fear: 66.86460876464844
fear: 83.00758361816406
fear: 81.52338409423828
fear: 71.10305786132812
fear: 87.24893951416016
fear: 82.48623657226562
fear: 81.34943389892578
fear: 80.50287628173828
fear: 77.27395629882812
fear: 80.91997528076172
fear: 80.82557678222656
fear: 86.3179702758789
fear: 83.41216278076172
fear: 77.87187957763672
fear: 80.67061614990234
fear: 90.6827621459961
fear: 68.39356231689453
fear: 64.1553955078125
fear: 74.58907318115234
fear: 73.5639419555664
fear: 77.25349426269531
fear: 83.36801147460938
fear: 80.28606414794922
fear: 78.42955780029297
fear: 82.28803253173828
fear: 77.88008880615234
fear: 68.01375579833984
fear: 66.0894775390625
fear: 82.39484405517578
fear: 85.82389831542969
fear: 68.52398681640625
fear: 65.12094116210938
fear: 61.220767974853516
fear: 66.75517272949219
fear: 87.65767669677734
fear: 77.28558349609375
fear: 72.24518585205078
fear: 78.06295013427734
fear: 70.3196792602539
fear: 67.13806915283203
fear: 84.20651245117188
fear: 82.11784362792969
fear: 67.25665283203125
fear: 84.99136352539062
fear: 83.43987274169922
fear: 62.73775863647461
fear: 73.83070373535156
fear: 70.17365264892578
fear: 89.34226989746094
fear: 75.09710693359375
fear: 71.96659088134766
fear: 86.23200988769531
fear: 85.34512329101562
fear: 80.52265167236328
fear: 84.33140563964844
fear: 85.28741455078125
fear: 86.2078857421875
fear: 80.51092529296875
fear: 80.7479248046875
fear: 78.69068145751953
fear: 86.39630126953125
fear: 67.11363220214844
fear: 77.95889282226562
fear: 85.87577819824219
fear: 76.30043029785156
fear: 76.3321762084961
fear: 85.35098266601562
fear: 78.042236328125
fear: 84.32722473144531
fear: 87.92178344726562
fear: 72.87275695800781
fear: 81.05944061279297
fear: 85.87175750732422
fear: 75.33019256591797
fear: 84.98814392089844
fear: 75.99497985839844
fear: 70.52896118164062
fear: 76.6464614868164
fear: 78.54552459716797
fear: 89.55276489257812
fear: 80.9560775756836
fear: 81.9554672241211
fear: 80.9900894165039
fear: 66.24405670166016
fear: 65.42271423339844
fear: 66.98062133789062
fear: 67.98966217041016
fear: 80.3225326538086
fear: 76.46342468261719
fear: 86.62157440185547
fear: 75.825439453125
fear: 83.89459228515625
fear: 79.22348022460938
fear: 81.59766387939453
fear: 87.46088409423828
fear: 80.9737548828125
fear: 68.00932312011719
fear: 80.62335968017578
fear: 82.69681549072266
fear: 74.20442962646484
fear: 84.76188659667969
fear: 73.08242797851562
fear: 81.52525329589844
fear: 74.43168640136719
fear: 75.4907455444336
fear: 83.52734375
fear: 77.53958129882812
fear: 74.54605865478516
fear: 81.75418090820312
fear: 58.1486701965332
fear: 80.08793640136719
fear: 79.55680847167969
fear: 67.62826538085938
fear: 81.71601104736328
fear: 82.579345703125
fear: 77.10186004638672
fear: 84.31398010253906
fear: 80.67250061035156
fear: 81.0519790649414
fear: 89.30113220214844
fear: 73.50621795654297
fear: 67.78882598876953
fear: 74.69361877441406
fear: 77.43226623535156
fear: 83.90921783447266
fear: 88.19501495361328
fear: 83.66278839111328
fear: 87.48418426513672
fear: 83.3198471069336
fear: 70.54552459716797
fear: 78.76488494873047
fear: 70.49576568603516
fear: 80.43746185302734
fear: 81.07106018066406
fear: 73.19377899169922
fear: 83.20475769042969
fear: 79.24471282958984
fear: 72.9367904663086
fear: 73.65608978271484
fear: 82.19801330566406
fear: 89.3384017944336
fear: 69.91185760498047
fear: 78.15428161621094
fear: 72.10773468017578
fear: 79.90707397460938
fear: 76.18318176269531
fear: 78.40542602539062
fear: 74.41216278076172
fear: 76.7045669555664
fear: 87.17707824707031
fear: 71.69969177246094
fear: 85.83549499511719
fear: 70.08982849121094
fear: 69.2164535522461
fear: 74.8228988647461
fear: 78.46817779541016
fear: 76.3261947631836
fear: 76.57029724121094
fear: 65.50890350341797
fear: 71.60899353027344
fear: 78.58040618896484
fear: 76.9196548461914
fear: 83.07301330566406
fear: 69.19940185546875
fear: 87.82653045654297
fear: 66.15735626220703
fear: 77.7486572265625
fear: 63.243648529052734
fear: 72.73482513427734
fear: 80.28266143798828
fear: 60.184349060058594
fear: 72.56541442871094
fear: 83.3680648803711
fear: 83.8699951171875
fear: 66.6724853515625
fear: 80.4727783203125
fear: 80.33911895751953
fear: 80.80998229980469
fear: 87.09893035888672
fear: 73.24166870117188
fear: 80.94068908691406
fear: 70.62330627441406
fear: 80.24894714355469
fear: 80.94418334960938
fear: 75.92941284179688
fear: 83.91880798339844
fear: 74.34136199951172
fear: 80.2243881225586
fear: 74.97845458984375
fear: 74.23434448242188
fear: 79.13456726074219
fear: 93.2904281616211
fear: 90.36552429199219
fear: 89.3526382446289
fear: 78.3884048461914
fear: 90.7796401977539
fear: 67.94285583496094
fear: 82.82803344726562
fear: 67.93260192871094
fear: 79.93202209472656
fear: 77.20572662353516
fear: 79.79096984863281
fear: 77.31015014648438
fear: 80.15655517578125
fear: 65.37541961669922
fear: 87.05724334716797
fear: 56.36212158203125
fear: 66.27719116210938
fear: 55.61470413208008
fear: 84.1463851928711
neutral: 99.97083282470703
neutral: 99.65553283691406
neutral: 98.92640686035156
neutral: 92.47724151611328
neutral: 72.55500793457031
neutral: 94.42578125
neutral: 99.79489135742188
neutral: 99.53677368164062
neutral: 92.04559326171875
neutral: 99.72761535644531
neutral: 99.85600280761719
neutral: 99.70846557617188
neutral: 99.9285888671875
neutral: 99.92688751220703
neutral: 99.84293365478516
neutral: 99.83685302734375
neutral: 99.86941528320312
neutral: 99.93163299560547
neutral: 99.8376693725586
neutral: 99.89464569091797
neutral: 99.81726837158203
sad: 99.61131286621094
sad: 99.4367904663086
sad: 99.60082244873047
sad: 99.93051147460938
sad: 92.57540893554688
sad: 72.47454071044922
neutral: 97.58958435058594
angry: 72.17371368408203
neutral: 64.60462951660156
neutral: 58.8526611328125
neutral: 68.31072235107422
sad: 97.20836639404297
neutral: 54.3012809753418
sad: 99.95037841796875
happy: 99.90709686279297
sad: 98.34700012207031
sad: 48.423274993896484
neutral: 43.095733642578125
neutral: 72.85067749023438
sad: 48.04479217529297
sad: 92.95970916748047
neutral: 70.47241973876953
neutral: 62.26085662841797
sad: 65.94689178466797
sad: 61.543853759765625
neutral: 85.63037109375
sad: 60.67842102050781
sad: 94.7490234375
sad: 53.45576477050781
sad: 68.79586791992188
sad: 60.85765838623047
sad: 46.07444381713867
sad: 62.5661506652832
sad: 52.47427749633789
sad: 69.06768035888672
sad: 84.42919158935547
sad: 65.93277740478516
sad: 76.98999786376953
sad: 69.97090148925781
fear: 48.30256271362305
sad: 48.17268371582031
sad: 62.600250244140625
neutral: 66.73834228515625
neutral: 64.78799438476562
neutral: 63.893287658691406
sad: 64.23328399658203
fear: 91.09728240966797
fear: 87.87887573242188
sad: 71.22808074951172
neutral: 69.15986633300781
neutral: 89.49064636230469
neutral: 83.29049682617188
neutral: 52.3052864074707
sad: 41.92231369018555
sad: 52.833091735839844
neutral: 52.09103775024414
neutral: 71.56344604492188
happy: 49.56182861328125
neutral: 38.982643127441406
fear: 87.16409301757812
neutral: 44.19293212890625
neutral: 65.83981323242188
neutral: 77.69401550292969
neutral: 89.49385833740234
neutral: 72.05577087402344
neutral: 79.0810317993164
neutral: 78.91617584228516
neutral: 80.87845611572266
fear: 54.165828704833984
fear: 90.19044494628906
fear: 62.40903091430664
sad: 53.709678649902344
neutral: 87.47213745117188
neutral: 92.7551498413086
neutral: 87.33988189697266
fear: 50.347835540771484
fear: 67.23533630371094
neutral: 73.77569580078125
neutral: 82.68344116210938
sad: 69.63186645507812
sad: 76.03389739990234
neutral: 46.712093353271484
neutral: 75.28131103515625
neutral: 63.60271453857422
neutral: 54.515628814697266
neutral: 72.54133605957031
sad: 69.66194915771484
neutral: 92.24454498291016
neutral: 47.45216369628906
neutral: 71.74419403076172
fear: 67.4969711303711
neutral: 41.709964752197266
sad: 69.61631774902344
neutral: 99.77477264404297
neutral: 96.94877624511719
neutral: 94.79472351074219
neutral: 93.6988525390625
neutral: 99.50324249267578
neutral: 83.93780517578125
neutral: 96.5846176147461
neutral: 97.67362976074219
neutral: 70.84809112548828
neutral: 90.8455810546875
sad: 74.81439971923828
sad: 44.492427825927734
neutral: 99.86512756347656
neutral: 85.36551666259766
neutral: 58.89293670654297
neutral: 93.61588287353516
neutral: 78.40291595458984
sad: 39.556617736816406
sad: 99.78107452392578
neutral: 38.95952224731445
neutral: 71.7128677368164
sad: 41.8290901184082
neutral: 40.52541732788086
neutral: 54.740108489990234
sad: 98.73505401611328
happy: 52.47657775878906
neutral: 99.4208755493164
sad: 40.95907974243164
neutral: 99.049072265625
fear: 30.68439292907715
neutral: 82.18629455566406
neutral: 92.0064468383789
neutral: 98.83549499511719
neutral: 68.73477172851562
neutral: 46.48929977416992
surprise: 49.27105712890625
sad: 81.41691589355469
neutral: 99.94873809814453
neutral: 69.27257537841797
fear: 79.86821746826172
sad: 81.16410827636719
sad: 54.111427307128906
fear: 51.549007415771484
sad: 97.49945831298828
sad: 98.941650390625
sad: 99.51315307617188
happy: 98.34327697753906
sad: 77.21157836914062
sad: 70.45787811279297
sad: 99.2564926147461
fear: 44.02408218383789
fear: 46.262420654296875
neutral: 66.33451080322266
neutral: 56.56342315673828
sad: 75.60747528076172
happy: 70.7320327758789
sad: 94.06842041015625
fear: 35.524925231933594
sad: 60.599369049072266
fear: 61.54315948486328
sad: 40.6925163269043
neutral: 50.26954650878906
neutral: 90.6507797241211
neutral: 92.70740509033203
sad: 97.1767578125
sad: 89.89769744873047
sad: 97.89108276367188
sad: 97.55010986328125
happy: 61.58793640136719
sad: 99.14453125
neutral: 98.76976776123047
happy: 99.9983901977539
happy: 99.85728454589844
sad: 53.31312561035156
happy: 95.75110626220703
happy: 92.67088317871094
happy: 85.5058822631836
neutral: 99.94562530517578
neutral: 99.5298080444336
happy: 94.19525146484375
happy: 99.52540588378906
happy: 99.89753723144531
happy: 100.0
happy: 100.0
happy: 99.86105346679688
happy: 99.99525451660156
sad: 74.6578598022461
fear: 53.75276565551758
neutral: 99.9994888305664
neutral: 99.92842102050781
neutral: 99.53097534179688
neutral: 99.2132339477539
sad: 86.56400299072266
neutral: 99.74012756347656
neutral: 59.36018371582031
angry: 50.934383392333984
angry: 70.69450378417969
angry: 52.6633415222168
fear: 98.6195068359375
neutral: 99.8618392944336
neutral: 99.99903106689453
sad: 87.28250885009766
neutral: 99.99995422363281
neutral: 63.024375915527344
sad: 44.94734191894531
fear: 63.509544372558594
happy: 41.112754821777344
happy: 65.02619171142578
happy: 58.450496673583984
sad: 97.3134765625
fear: 66.39653778076172
neutral: 99.99998474121094
neutral: 73.76826477050781
neutral: 94.45500183105469
neutral: 97.53935241699219
neutral: 69.93962860107422
neutral: 99.69186401367188
happy: 55.88243103027344
sad: 96.19345092773438
sad: 58.672122955322266
neutral: 99.99737548828125
happy: 98.3927230834961
neutral: 99.34426879882812
neutral: 76.11259460449219
neutral: 94.52796173095703
fear: 58.38809585571289
neutral: 62.00151824951172
happy: 80.26298522949219
happy: 94.03975677490234
neutral: 99.83702087402344
neutral: 92.18704986572266
neutral: 71.66802978515625
neutral: 99.99913024902344
neutral: 99.99898529052734
neutral: 99.9945297241211
neutral: 92.1269302368164
neutral: 99.9984359741211
happy: 86.04064178466797
neutral: 97.9156723022461
happy: 99.56690979003906
neutral: 56.085899353027344
happy: 98.89260864257812
happy: 99.11090850830078
happy: 99.85651397705078
fear: 71.51871490478516
fear: 57.40204620361328
fear: 43.5721435546875
fear: 46.22541427612305

fear: 35.72104263305664
sad: 43.597774505615234
sad: 41.86729049682617
sad: 35.3871955871582
neutral: 66.49256134033203
neutral: 87.4192886352539
neutral: 58.13574981689453
fear: 44.736083984375
fear: 48.18967819213867
fear: 86.30165100097656
sad: 75.1197738647461
fear: 47.4832649230957
fear: 42.15216827392578
neutral: 47.23774337768555
neutral: 92.92131042480469
fear: 44.94150161743164
fear: 51.87965774536133
sad: 53.350318908691406
fear: 70.38334655761719
sad: 39.390777587890625
fear: 50.33246994018555
fear: 49.67685317993164
fear: 46.735191345214844
neutral: 68.20800018310547
neutral: 54.40260696411133
fear: 41.011356353759766
neutral: 44.47361373901367
fear: 40.05659484863281
fear: 54.33924102783203
neutral: 82.84283447265625
neutral: 99.67684936523438
neutral: 72.91783905029297
sad: 94.3598861694336
fear: 59.665916442871094
neutral: 87.72084045410156
sad: 85.98892211914062
fear: 89.47269439697266
neutral: 81.12950134277344
sad: 88.96497344970703
neutral: 96.62127685546875
neutral: 73.96733093261719
neutral: 66.89764404296875
neutral: 48.30415725708008
neutral: 94.14966583251953
sad: 51.261959075927734
neutral: 76.04190826416016
sad: 50.10175704956055
sad: 82.21045684814453
neutral: 99.41899871826172
fear: 39.71630096435547
neutral: 95.8243637084961
neutral: 81.99279022216797
fear: 88.9260025024414
neutral: 86.44642639160156
neutral: 80.35913848876953
sad: 78.37889099121094
sad: 98.16593170166016
neutral: 100.0
neutral: 99.99998474121094
neutral: 99.99998474121094
neutral: 99.99999237060547
sad: 57.74614334106445
neutral: 99.99949645996094
neutral: 99.91992950439453
neutral: 96.0016860961914
neutral: 99.9956283569336
neutral: 99.99642181396484
neutral: 99.9769287109375
neutral: 99.99967193603516
sad: 95.6639175415039
neutral: 99.99378967285156
neutral: 99.90929412841797
sad: 44.024959564208984
neutral: 99.94383239746094
neutral: 99.99784088134766
neutral: 99.93294525146484
neutral: 95.82235717773438
neutral: 60.86327362060547
sad: 76.43360137939453
angry: 34.13261413574219
sad: 47.43465805053711
fear: 56.134002685546875
neutral: 57.1897087097168
neutral: 47.8258171081543
neutral: 44.64231491088867
neutral: 56.34942626953125
neutral: 39.38979721069336
sad: 47.683406829833984
neutral: 76.27725982666016
neutral: 41.29020309448242
fear: 48.38907241821289
neutral: 99.66675567626953
neutral: 98.63346862792969
neutral: 91.91907501220703
neutral: 70.81925201416016
neutral: 69.64146423339844
neutral: 99.17584991455078
neutral: 98.2937240600586
neutral: 99.38257598876953
neutral: 91.94192504882812
sad: 99.29579162597656
neutral: 81.23894500732422
sad: 97.95437622070312
neutral: 92.21635437011719
sad: 53.92057418823242
sad: 80.68547058105469
sad: 73.45423889160156
fear: 90.22808074951172
fear: 97.35743713378906
fear: 99.41915130615234
neutral: 61.926673889160156
neutral: 74.10089874267578
neutral: 58.88716125488281
sad: 35.20048141479492
neutral: 43.76506042480469
neutral: 74.1810302734375
fear: 39.389854431152344
sad: 32.80113220214844
fear: 50.28792953491211
neutral: 97.7083511352539
neutral: 99.2054672241211
neutral: 84.28326416015625
neutral: 99.65006256103516
neutral: 88.26144409179688
neutral: 78.04994201660156
neutral: 70.7147445678711
neutral: 42.94996643066406
sad: 60.1666374206543
neutral: 96.6813735961914
neutral: 98.5836410522461
neutral: 98.53239440917969
sad: 66.86860656738281
neutral: 74.99703216552734
fear: 84.46017456054688
neutral: 99.26177215576172
neutral: 99.53307342529297
neutral: 99.69152069091797
sad: 46.270904541015625
neutral: 81.12543487548828
neutral: 86.23114776611328
sad: 47.76941680908203
neutral: 74.93466186523438
neutral: 61.35757827758789
sad: 65.73255157470703
sad: 61.312591552734375
sad: 53.454166412353516
sad: 44.68071746826172
sad: 68.12704467773438
sad: 44.67691421508789
neutral: 99.99165344238281
neutral: 97.56411743164062
neutral: 83.91376495361328
neutral: 93.39549255371094
happy: 100.0
neutral: 99.92413330078125
neutral: 96.00538635253906
neutral: 86.48847198486328
neutral: 99.04266357421875
neutral: 99.91452026367188
neutral: 99.95960235595703
neutral: 99.95346069335938
neutral: 99.8920669555664
neutral: 99.88672637939453
neutral: 99.88961029052734
neutral: 99.83092498779297
neutral: 93.6861343383789
neutral: 99.05986022949219
fear: 77.97914123535156
neutral: 98.0937271118164
fear: 79.55303192138672
neutral: 98.76338195800781
neutral: 98.75824737548828
neutral: 99.479248046875
sad: 77.75553131103516
neutral: 98.95596313476562
neutral: 96.62738037109375
neutral: 58.317176818847656
neutral: 99.73137664794922
sad: 51.99250030517578
sad: 52.800960540771484
fear: 99.73042297363281
sad: 93.69938659667969
happy: 76.27578735351562
happy: 92.5352554321289
happy: 92.41796112060547
happy: 89.74065399169922
happy: 88.11358642578125
happy: 92.9637451171875
happy: 91.66526794433594
happy: 87.14502716064453
happy: 86.87406921386719
happy: 92.96237182617188
happy: 89.30403137207031
happy: 83.67623138427734
happy: 90.65247344970703
happy: 91.66749572753906
happy: 87.29698944091797
happy: 90.12110137939453
happy: 88.72941589355469
happy: 90.45836639404297
happy: 86.90447998046875
happy: 90.77684783935547
happy: 88.39583587646484
happy: 85.47565460205078
happy: 96.46957397460938
happy: 91.0799789428711
happy: 92.18020629882812
happy: 86.03511047363281
happy: 89.4461898803711
happy: 91.4805908203125
happy: 91.16004180908203
happy: 84.6016845703125
happy: 91.38019561767578
happy: 88.40901184082031
happy: 92.9541244506836
happy: 87.99187469482422
happy: 92.24073028564453
happy: 89.89141082763672
happy: 88.98554229736328
happy: 88.52955627441406
happy: 87.07711029052734
happy: 88.3107681274414
happy: 91.29840087890625
happy: 86.23053741455078
happy: 87.21427154541016
happy: 88.28400421142578
happy: 88.32460021972656
happy: 93.26718139648438
happy: 89.25077056884766
happy: 86.13970947265625
happy: 87.2605972290039
happy: 91.33141326904297
happy: 84.32469177246094
happy: 89.56665802001953
happy: 89.44365692138672
happy: 89.42202758789062
happy: 91.28386688232422
happy: 87.35686492919922
happy: 90.51039123535156
happy: 90.39046478271484
happy: 88.11479949951172
happy: 90.45220947265625
happy: 87.86613464355469
happy: 86.82435607910156
happy: 88.22210693359375
happy: 89.55471801757812
happy: 90.52059936523438
happy: 90.45297241210938
happy: 88.27294158935547
happy: 85.4046630859375
happy: 92.00294494628906
happy: 81.40355682373047
happy: 88.958251953125
happy: 90.38199615478516
happy: 92.24131774902344
happy: 91.71290588378906
happy: 85.42772674560547
happy: 92.42630004882812
happy: 89.03124237060547
happy: 90.34171295166016
happy: 88.08212280273438
happy: 89.99803924560547
happy: 87.08014678955078
happy: 90.75366973876953
happy: 86.2126235961914
happy: 90.47235870361328
happy: 86.39925384521484
happy: 90.79962158203125
happy: 88.2923812866211
happy: 89.76678466796875
happy: 89.02417755126953
happy: 93.10191345214844
happy: 88.28887176513672
happy: 92.50263977050781
happy: 91.1531982421875
happy: 92.39051818847656
happy: 90.5757064819336
happy: 89.8997573852539
happy: 94.28577423095703
happy: 88.2717514038086
happy: 90.69686889648438
happy: 93.47798156738281
happy: 93.07257080078125
happy: 87.99734497070312
happy: 92.50983428955078
happy: 93.30647277832031
happy: 93.65400695800781
happy: 94.28717803955078
happy: 91.02342224121094
happy: 92.05990600585938
happy: 91.90879821777344
happy: 90.56423950195312
happy: 89.1549301147461
happy: 90.94470977783203
happy: 93.3406753540039
happy: 92.20955657958984
happy: 85.57949829101562
happy: 96.39811706542969
happy: 93.03623962402344
happy: 93.79883575439453
happy: 91.53872680664062
happy: 94.88162994384766
happy: 91.81111145019531
happy: 88.90567016601562
happy: 93.55919647216797
happy: 92.33477783203125
happy: 92.18800354003906
happy: 93.3251724243164
happy: 95.58349609375
happy: 90.93781280517578
happy: 94.50288391113281
happy: 95.004638671875
happy: 87.27298736572266
happy: 91.3645248413086
happy: 92.85836791992188
happy: 91.22058868408203
happy: 93.38935089111328
happy: 94.42146301269531
happy: 92.01390838623047
happy: 93.8724136352539
happy: 92.85271453857422
happy: 92.20977783203125
happy: 93.7251205444336
happy: 90.15199279785156
happy: 95.66505432128906
happy: 94.1642837524414
happy: 90.67717742919922
happy: 91.25203704833984
happy: 92.18904113769531
happy: 94.20008087158203
happy: 95.55845642089844
happy: 92.41278076171875
happy: 91.20970916748047
happy: 92.59012603759766
happy: 95.02896118164062
happy: 94.02662658691406
happy: 93.30224609375
happy: 94.4200210571289
happy: 92.04901123046875
happy: 94.36585998535156
happy: 90.28580474853516
happy: 93.61700439453125
happy: 93.12457275390625
happy: 90.92608642578125
happy: 92.42708587646484
happy: 93.44667053222656
happy: 94.11618041992188
happy: 93.31201934814453
happy: 91.98393249511719
happy: 93.38810729980469
happy: 93.93932342529297
happy: 91.39071655273438
happy: 93.017822265625
happy: 95.13237762451172
happy: 92.84638977050781
happy: 91.64617919921875
happy: 94.11373138427734
happy: 94.55088806152344
happy: 90.54110717773438
happy: 92.4801254272461
happy: 93.89617156982422
happy: 94.93899536132812
happy: 93.68373107910156
happy: 92.09086608886719
happy: 97.08216857910156
happy: 91.81412506103516
happy: 95.12920379638672
happy: 92.69767761230469
happy: 92.42138671875
happy: 94.39261627197266
happy: 93.31993865966797
happy: 94.69474029541016
happy: 94.69417572021484
happy: 92.48216247558594
happy: 93.12064361572266
happy: 84.88206481933594
happy: 95.12049865722656
happy: 94.06114959716797
happy: 93.2085189819336
happy: 94.34038543701172
happy: 94.2007827758789
happy: 85.32170104980469
happy: 94.86063385009766
happy: 92.9686050415039
happy: 94.04377746582031
happy: 95.88886260986328
happy: 93.70874786376953
happy: 95.2336654663086
happy: 93.60321807861328
happy: 94.44129180908203
happy: 94.40290069580078
happy: 93.3934555053711
happy: 94.25839233398438
happy: 95.2474136352539
happy: 95.5089340209961
happy: 90.18846130371094
happy: 92.6890640258789
happy: 93.6583023071289
happy: 93.71467590332031
happy: 92.54180908203125
happy: 92.33138275146484
happy: 92.3590087890625
happy: 94.27685546875
happy: 91.45109558105469
happy: 96.41983032226562
happy: 93.24564361572266
happy: 95.296630859375
happy: 93.07044219970703
happy: 93.45466613769531
happy: 94.6086654663086
happy: 93.30546569824219
happy: 92.75736236572266
happy: 93.52336883544922
happy: 92.9125747680664
happy: 96.28595733642578
happy: 94.94024658203125
happy: 92.50591278076172
happy: 90.45573425292969
happy: 91.83844757080078
happy: 90.32330322265625
happy: 95.64653015136719
happy: 96.59960174560547
happy: 91.66455078125
happy: 92.96463012695312
happy: 95.84559631347656
happy: 95.18199157714844
happy: 95.02381896972656
happy: 95.79969024658203
happy: 95.95507049560547
happy: 94.49385070800781
happy: 95.32254791259766
happy: 95.67788696289062
happy: 95.31071472167969
happy: 95.05573272705078
happy: 95.08164978027344
happy: 95.94153594970703
happy: 93.47200775146484
happy: 94.33360290527344
happy: 95.50735473632812
happy: 93.70457458496094
happy: 95.77274322509766
happy: 93.5090103149414
happy: 95.50567626953125
happy: 93.81394958496094
happy: 92.70694732666016
happy: 94.85816192626953
happy: 94.18240356445312
happy: 94.14736938476562
happy: 94.3223876953125
happy: 90.30043029785156
happy: 92.82506561279297
happy: 93.46650695800781
happy: 91.5880355834961
happy: 94.40821838378906
happy: 93.0532455444336
happy: 91.16191101074219
happy: 93.27057647705078
happy: 94.03813934326172
happy: 93.55169677734375
happy: 92.87979125976562
happy: 94.6058578491211
happy: 94.28316497802734
happy: 94.22079467773438
happy: 93.5466537475586
happy: 95.06864929199219
happy: 96.1806411743164
happy: 93.36482238769531
happy: 90.55636596679688
happy: 95.41088104248047
happy: 93.93830108642578
happy: 93.49435424804688
happy: 96.03721618652344
happy: 95.19984436035156
happy: 96.47942352294922
happy: 93.49344635009766
happy: 96.2732162475586
happy: 95.2705307006836
happy: 93.33971405029297
happy: 96.16744232177734
happy: 95.04154205322266
happy: 96.19284057617188
happy: 95.41006469726562
happy: 94.65711975097656
happy: 96.0137710571289
happy: 94.4498291015625
happy: 95.18436431884766
happy: 93.75483703613281
happy: 94.2477798461914
happy: 93.05013275146484
happy: 94.9317855834961
happy: 95.7742919921875
happy: 93.62120819091797
happy: 95.953369140625
happy: 93.77915954589844
happy: 93.78219604492188
happy: 94.68154907226562
happy: 94.91146850585938
happy: 94.51045227050781
happy: 95.62867736816406
happy: 94.9381103515625
happy: 94.92939758300781
happy: 94.57972717285156
happy: 95.51496124267578
happy: 93.0107650756836
happy: 94.76846313476562
happy: 94.29832458496094
happy: 96.61019134521484
happy: 95.1973876953125
happy: 92.9615707397461
happy: 92.9599609375
happy: 95.71774291992188
happy: 91.02894592285156
happy: 94.64562225341797
happy: 93.73149871826172
happy: 92.8697280883789
happy: 95.2540512084961
happy: 95.79264831542969
happy: 93.55146026611328
happy: 93.79670715332031
happy: 93.99717712402344
happy: 96.3183364868164
happy: 95.78436279296875
happy: 95.96395874023438
happy: 95.74495697021484
happy: 92.4793701171875
happy: 94.3573989868164
happy: 93.90020751953125
happy: 95.42341613769531
happy: 95.22440338134766
happy: 92.46969604492188
happy: 93.72811126708984
happy: 93.80535888671875
happy: 93.04476928710938
happy: 95.91157531738281
happy: 95.68468475341797
happy: 95.65225982666016
happy: 95.37907409667969
happy: 94.75802612304688
happy: 94.03522491455078
happy: 91.42810821533203
happy: 94.158203125
happy: 94.69466400146484
happy: 95.56071472167969
happy: 94.41616821289062
happy: 95.15413665771484
happy: 95.6666030883789
happy: 95.36246490478516
happy: 94.91404724121094
happy: 94.93221282958984
happy: 94.47295379638672
happy: 93.6378402709961
happy: 95.55248260498047
happy: 93.16893768310547
happy: 93.20532989501953
happy: 94.76512908935547
happy: 93.49781036376953
happy: 93.4234848022461
happy: 93.63825988769531
happy: 94.17256927490234
happy: 92.78228759765625
happy: 95.14324188232422
happy: 93.88072204589844
happy: 93.69630432128906
happy: 93.30261993408203
happy: 94.53803253173828
happy: 95.2828369140625
happy: 93.79194641113281
happy: 95.0261001586914
happy: 95.39724731445312
happy: 94.87068176269531
happy: 93.22013854980469
happy: 95.74205780029297
happy: 94.24069213867188
happy: 96.63867950439453
happy: 94.93231201171875
happy: 94.8650131225586
happy: 95.67449951171875
happy: 95.58887481689453
happy: 98.8719253540039
fear: 94.97542572021484
neutral: 72.2693862915039
sad: 99.92536926269531
sad: 99.96143341064453
sad: 88.14544677734375
neutral: 85.3339614868164
sad: 86.42162322998047
sad: 73.23512268066406
sad: 92.9903793334961
sad: 88.90006256103516
sad: 90.79814147949219
sad: 99.97933959960938
sad: 99.98499298095703
sad: 99.65524291992188
sad: 99.12206268310547
sad: 97.5041732788086
sad: 98.77772521972656
sad: 98.8362808227539
sad: 98.61334991455078
sad: 59.021263122558594
fear: 53.53477478027344
sad: 55.07904815673828
sad: 96.06844329833984
sad: 59.120574951171875
neutral: 48.911766052246094
sad: 95.09357452392578
fear: 76.29853820800781
sad: 68.62205505371094
sad: 67.50613403320312
fear: 82.51531982421875
sad: 84.6888198852539
fear: 86.38128662109375
fear: 84.80248260498047
fear: 91.76737213134766
fear: 90.28311157226562
neutral: 73.76514434814453
fear: 95.45366668701172
fear: 92.47415161132812
sad: 73.064453125
fear: 90.48932647705078
fear: 97.87823486328125
fear: 73.07647705078125
sad: 95.4097900390625
sad: 87.12358093261719
sad: 83.30128479003906
fear: 95.23439025878906
fear: 78.96484375
fear: 96.7175521850586
neutral: 55.83034896850586
fear: 96.24656677246094
neutral: 57.196468353271484
sad: 99.82949829101562
surprise: 59.61264419555664
sad: 84.43328094482422
neutral: 81.36090087890625
neutral: 54.73484420776367
sad: 53.246273040771484
neutral: 38.654293060302734
neutral: 68.77099609375
sad: 49.100250244140625
sad: 82.2900161743164
sad: 76.55220794677734
neutral: 36.1845817565918
sad: 77.19822692871094
sad: 60.37480926513672
fear: 55.02357864379883
neutral: 59.47333908081055
sad: 38.91400909423828
neutral: 73.98902130126953
fear: 50.74340057373047
fear: 66.95478820800781
sad: 86.87296295166016
neutral: 57.297550201416016
neutral: 61.4670524597168
fear: 52.08830642700195
sad: 50.59774398803711
sad: 62.74320602416992
fear: 40.54738235473633
neutral: 75.25126647949219
fear: 51.89803695678711
neutral: 66.48236846923828
neutral: 44.14218521118164
neutral: 84.73477172851562
sad: 91.34539794921875
sad: 83.94815826416016
sad: 86.79378509521484
sad: 94.39815521240234
sad: 82.38592529296875
neutral: 98.43392944335938
sad: 60.93336868286133
sad: 96.46678924560547
sad: 66.305419921875
neutral: 99.95037841796875
happy: 76.57035827636719
neutral: 82.1094741821289
fear: 81.30260467529297
fear: 65.21073913574219
neutral: 89.59034729003906
neutral: 76.2162094116211
fear: 87.52059936523438
neutral: 92.99456787109375
neutral: 93.33915710449219
neutral: 84.35880279541016
neutral: 60.93638610839844
neutral: 76.95259094238281
neutral: 88.09757995605469
neutral: 92.29066467285156
neutral: 51.76158142089844
fear: 87.47953033447266
fear: 57.38933181762695
fear: 66.98384857177734
neutral: 91.1511459350586
neutral: 91.5534439086914
fear: 93.95795440673828
neutral: 46.76362991333008
neutral: 48.47771453857422
neutral: 57.36447525024414
neutral: 57.73126220703125
neutral: 92.4981689453125
neutral: 64.54776763916016
sad: 92.28697204589844
fear: 92.27864074707031
angry: 56.03889846801758
fear: 72.36604309082031
neutral: 51.94797134399414
neutral: 65.21015930175781
neutral: 92.3616714477539
neutral: 93.97880554199219
neutral: 67.41476440429688
neutral: 78.23220825195312
neutral: 53.567203521728516
neutral: 79.92308044433594
neutral: 94.48577880859375
neutral: 85.2358169555664
neutral: 54.5341796875
neutral: 71.7896728515625
neutral: 63.414955139160156
sad: 92.91078186035156
sad: 40.934574127197266
neutral: 79.44890594482422
happy: 34.20165252685547
neutral: 98.80550384521484
neutral: 86.80963134765625
happy: 99.22544860839844
fear: 77.24250030517578
fear: 95.02143859863281
fear: 83.48788452148438
fear: 51.08346176147461
neutral: 79.6772689819336
neutral: 78.83346557617188
fear: 35.674102783203125
neutral: 94.53365325927734
fear: 54.017154693603516
sad: 42.123897552490234
fear: 92.78732299804688
fear: 99.69400024414062
sad: 75.78974914550781
fear: 87.82891845703125
fear: 91.02129364013672
fear: 67.71131896972656
fear: 82.27439880371094
fear: 88.78304290771484
fear: 96.86575317382812
neutral: 93.16987609863281
neutral: 64.60610961914062
fear: 85.10916900634766
fear: 88.30435943603516
fear: 92.38542938232422
neutral: 99.99793243408203
neutral: 93.59160614013672
neutral: 91.29782104492188
fear: 86.69136810302734
fear: 80.14281463623047
fear: 99.47979736328125
neutral: 68.47936248779297
fear: 54.33372116088867
neutral: 64.18973541259766
fear: 86.91300201416016
fear: 87.25338745117188
fear: 96.8740005493164
fear: 93.59851837158203
fear: 99.07109832763672
fear: 65.94381713867188
angry: 39.1801643371582
neutral: 50.27647018432617
neutral: 80.33699798583984
neutral: 53.9795036315918
neutral: 76.02447509765625
neutral: 61.870811462402344
neutral: 48.08693313598633
neutral: 79.97269439697266
neutral: 61.0778923034668
fear: 45.796993255615234
sad: 92.09917449951172
sad: 86.3168716430664
sad: 80.7052230834961
sad: 95.03632354736328
neutral: 97.98554229736328
neutral: 98.43998718261719
neutral: 99.92381286621094
neutral: 99.79818725585938
neutral: 97.85478973388672
neutral: 98.34735107421875
neutral: 96.77943420410156
neutral: 99.3397445678711
sad: 82.94195556640625
sad: 79.39561462402344
neutral: 98.97895812988281
neutral: 98.21651458740234
neutral: 98.6249008178711
neutral: 45.60314178466797
fear: 40.66584396362305
neutral: 48.31700897216797
neutral: 62.40277862548828
sad: 35.2194709777832
neutral: 86.17704010009766
neutral: 56.44692611694336
sad: 38.193912506103516
sad: 51.24954605102539
fear: 74.51612091064453
fear: 60.649295806884766
fear: 68.40194702148438
neutral: 71.2290267944336
neutral: 39.60272979736328
neutral: 60.09818649291992
neutral: 87.137451171875
fear: 38.082637786865234
fear: 43.32520294189453
fear: 68.31470489501953
neutral: 86.9100570678711
sad: 47.5063362121582
surprise: 65.048095703125
neutral: 70.10761260986328
surprise: 97.02816772460938
surprise: 98.73468017578125
surprise: 99.38028717041016
surprise: 99.46385955810547
sad: 98.75491333007812
neutral: 96.3354263305664
neutral: 99.33303833007812
sad: 76.08442687988281
neutral: 95.34798431396484
neutral: 97.48157501220703
fear: 51.45110321044922
fear: 56.96541213989258
fear: 58.841712951660156
sad: 68.54383087158203
fear: 43.06706619262695
sad: 71.70096588134766
fear: 44.75541305541992
neutral: 89.19586181640625
neutral: 84.26737213134766
sad: 90.23287200927734
sad: 78.4096908569336
neutral: 60.369384765625
happy: 90.35708618164062
neutral: 99.82008361816406
neutral: 78.8950424194336
neutral: 67.13063049316406
neutral: 75.02043151855469
neutral: 93.73375701904297
neutral: 92.96540832519531
sad: 58.51365280151367
neutral: 98.79427337646484
sad: 90.3449478149414
fear: 70.76653289794922
fear: 73.63922882080078
sad: 78.66120147705078
sad: 74.29866790771484
sad: 87.24259185791016
happy: 100.0
sad: 97.30934143066406
sad: 99.37699127197266
sad: 95.14280700683594
sad: 66.56342315673828
neutral: 83.76709747314453
neutral: 80.69959259033203
sad: 95.89768981933594
fear: 84.40458679199219
sad: 96.56524658203125
sad: 98.78166961669922
sad: 95.00858306884766
angry: 56.80156326293945
angry: 51.10563659667969
angry: 39.080482482910156
happy: 75.09998321533203
sad: 43.077308654785156
happy: 49.33184051513672
happy: 28.83774757385254
angry: 41.9411735534668
angry: 59.58329391479492
sad: 64.27527618408203
angry: 60.7675666809082
angry: 59.720123291015625
angry: 54.3638801574707
angry: 48.95724105834961
angry: 56.28411102294922
angry: 49.332035064697266
happy: 60.99411392211914
happy: 34.48793411254883
angry: 43.561790466308594
angry: 55.69406509399414
angry: 52.856014251708984
angry: 43.33182144165039
happy: 58.2513427734375
sad: 99.96797180175781
sad: 81.85922241210938
sad: 80.95874786376953
sad: 88.64531707763672
sad: 86.19918823242188
sad: 97.97600555419922
sad: 81.95803833007812
fear: 68.98211669921875
fear: 98.36229705810547
fear: 98.90909576416016
fear: 99.22245025634766
fear: 99.71858215332031
fear: 99.91352844238281
fear: 99.80411529541016
sad: 55.90798568725586
fear: 93.8294677734375
fear: 99.22702026367188
neutral: 84.51746368408203
neutral: 79.16691589355469
neutral: 64.06846618652344
neutral: 86.89495086669922
neutral: 63.099735260009766
neutral: 82.1085205078125
neutral: 80.54119110107422
neutral: 84.2138442993164
neutral: 80.13644409179688
neutral: 83.65921783447266
neutral: 41.64788055419922
neutral: 54.96195602416992
sad: 77.90621185302734
neutral: 53.575355529785156
neutral: 84.88553619384766
sad: 40.78736114501953
neutral: 96.75044250488281
sad: 57.81144332885742
neutral: 63.86366653442383
neutral: 56.33180618286133
sad: 37.08263397216797
sad: 50.71133804321289
sad: 41.9273796081543
sad: 47.82526397705078
sad: 49.02053451538086
sad: 45.952239990234375
sad: 86.19591522216797
sad: 53.276031494140625
sad: 50.939022064208984
sad: 42.82891845703125
sad: 42.065738677978516
sad: 55.415611267089844
sad: 59.71823501586914
neutral: 37.3402214050293
sad: 51.11167907714844
sad: 77.99112701416016
sad: 41.15163040161133
happy: 99.68798065185547
happy: 99.99960327148438
happy: 94.26162719726562
sad: 74.71249389648438
fear: 72.30755615234375
neutral: 47.278343200683594
neutral: 71.81639862060547
neutral: 73.08448028564453
neutral: 72.8905258178711
fear: 45.997066497802734
sad: 96.44607543945312
neutral: 41.20082092285156
sad: 75.14952087402344
sad: 38.98313903808594
neutral: 72.95368957519531
sad: 94.72328186035156
sad: 98.57107543945312
neutral: 62.18840408325195
sad: 41.27620315551758
neutral: 56.57350540161133
neutral: 86.27206420898438
fear: 73.01109313964844
fear: 98.70844268798828
neutral: 80.37702178955078
neutral: 62.46806335449219
sad: 45.374576568603516
neutral: 89.94161987304688
fear: 41.908790588378906
neutral: 88.11225891113281
neutral: 80.28005981445312
neutral: 99.36280059814453
neutral: 99.26884460449219
neutral: 96.72180938720703
neutral: 99.57919311523438
neutral: 86.63695526123047
neutral: 90.48049926757812
neutral: 39.149959564208984
sad: 76.8089599609375
fear: 43.274658203125
fear: 37.73539733886719
fear: 35.27226257324219
fear: 48.18531799316406
neutral: 48.17790603637695
sad: 45.844181060791016
neutral: 67.40059661865234
sad: 41.90939712524414
fear: 65.38177490234375
sad: 72.41630554199219
fear: 30.342315673828125
neutral: 95.25641632080078
sad: 66.22261047363281
sad: 83.71493530273438
sad: 79.26277160644531
sad: 89.36600494384766
sad: 82.29728698730469
sad: 89.87405395507812
sad: 36.253780364990234
sad: 32.08631896972656
sad: 96.84001922607422
fear: 61.42135238647461
sad: 46.43327331542969
fear: 42.12480163574219
fear: 40.98281478881836
sad: 46.54587936401367
sad: 67.75553131103516
sad: 91.0353775024414
neutral: 55.4357795715332
fear: 52.71802520751953
fear: 81.86864471435547
fear: 91.78632354736328
neutral: 64.46723175048828
angry: 44.06684494018555
sad: 99.28617858886719
sad: 75.93206787109375
sad: 95.91960906982422
neutral: 59.84968948364258
neutral: 61.541770935058594
fear: 93.32625579833984
neutral: 51.503204345703125
neutral: 84.8103256225586
neutral: 89.63825988769531
neutral: 90.23957824707031
neutral: 78.05787658691406
sad: 41.99087905883789
sad: 64.40789794921875
neutral: 47.34971618652344
sad: 87.31344604492188
sad: 94.86885833740234
sad: 89.9959945678711
sad: 61.50040817260742
sad: 50.5545539855957
sad: 76.26319885253906
sad: 97.86579895019531
sad: 73.97026824951172
sad: 81.5040512084961
neutral: 61.886474609375
neutral: 47.59353256225586
neutral: 68.79026794433594
sad: 75.16227722167969
neutral: 77.74176788330078
neutral: 57.63068389892578
fear: 73.62300109863281
sad: 58.15653991699219
neutral: 81.81519317626953
neutral: 94.5323486328125
neutral: 50.95620346069336
neutral: 90.02030944824219
neutral: 53.203834533691406
fear: 38.87886047363281
sad: 70.3448257446289
sad: 67.6491470336914
sad: 76.30795288085938
angry: 97.74234008789062
angry: 52.76262664794922
angry: 76.40186309814453
angry: 92.06884765625
angry: 77.25489807128906
angry: 69.75672912597656
neutral: 60.05007553100586
neutral: 33.57292556762695
angry: 65.0475082397461
angry: 66.2159423828125
sad: 54.4873161315918
neutral: 31.2043514251709
neutral: 46.12580108642578
happy: 38.49752426147461
neutral: 72.43511962890625
neutral: 73.58721923828125
neutral: 45.55215072631836
neutral: 54.65283203125
neutral: 76.27643585205078
sad: 28.643829345703125
neutral: 35.767860412597656
neutral: 93.65570831298828
neutral: 54.82695007324219
neutral: 89.71253204345703
fear: 97.62785339355469
neutral: 67.93597412109375
surprise: 68.76789855957031
fear: 35.72828674316406
happy: 77.17183685302734
happy: 99.5000991821289
fear: 58.31186294555664
fear: 81.69353485107422
neutral: 54.984378814697266
neutral: 92.96334075927734
neutral: 53.516929626464844
neutral: 87.3214111328125
disgust: 41.189430236816406
neutral: 51.680660247802734
sad: 38.8507080078125
happy: 67.27195739746094
neutral: 47.735633850097656
fear: 58.85517501831055
sad: 98.64163970947266
neutral: 87.3203125
neutral: 69.6572265625
neutral: 99.41400909423828
neutral: 72.19217681884766
neutral: 49.27961730957031
neutral: 85.02658081054688
neutral: 77.02323913574219
neutral: 72.20597839355469
sad: 55.47062301635742
sad: 95.48283386230469
sad: 82.51441192626953
sad: 99.54039001464844
happy: 36.577125549316406
fear: 96.9898681640625
fear: 96.06228637695312
sad: 96.69645690917969
sad: 96.70942687988281
sad: 95.71318054199219
happy: 88.71619415283203
happy: 99.967529296875
happy: 99.94001007080078
happy: 99.97176361083984
happy: 67.97440338134766
sad: 76.50794219970703
sad: 73.68506622314453
fear: 91.6330337524414
happy: 89.99729919433594
happy: 99.53177642822266
neutral: 63.74649429321289
neutral: 52.666751861572266
neutral: 85.08403778076172
fear: 40.774906158447266
neutral: 81.4258041381836
happy: 54.87022399902344
happy: 54.64691162109375
happy: 77.46012115478516
neutral: 97.76934814453125
neutral: 83.75003051757812
neutral: 96.98176574707031
neutral: 94.0517349243164
neutral: 98.7828598022461
fear: 64.40532684326172
surprise: 98.60511779785156
surprise: 99.09326934814453
fear: 53.17753601074219
fear: 64.10162353515625
fear: 82.72480773925781
happy: 89.11449432373047
neutral: 51.79404830932617
fear: 70.9970703125
happy: 94.13259887695312
happy: 91.53744506835938
happy: 61.62398147583008
neutral: 63.55561065673828
neutral: 47.41117477416992
neutral: 43.85719299316406
neutral: 80.64006805419922
neutral: 97.51825714111328
neutral: 91.74016571044922
neutral: 93.5011215209961
neutral: 93.18640899658203
happy: 53.11190414428711
sad: 67.39793395996094
sad: 45.92401885986328
sad: 52.53813171386719
happy: 39.79304885864258
sad: 56.5206413269043
sad: 65.13783264160156
happy: 54.99589920043945
fear: 84.49272155761719
fear: 70.38261413574219
sad: 45.9478759765625
sad: 55.98574447631836
sad: 51.032352447509766
fear: 63.48283004760742
sad: 70.58026885986328
sad: 55.524410247802734
sad: 60.02457046508789
sad: 80.38949584960938
sad: 72.92466735839844
sad: 77.08080291748047
sad: 79.40940856933594
sad: 82.9719009399414
sad: 81.86022186279297
sad: 86.62428283691406
sad: 90.18446350097656
sad: 83.99664306640625
sad: 85.5014419555664
sad: 88.49821472167969
sad: 87.09579467773438
sad: 87.12185668945312
sad: 87.13578796386719
sad: 75.40547180175781
sad: 91.38191986083984
sad: 79.41410827636719
sad: 83.63043212890625
sad: 83.93155670166016
sad: 81.37321472167969
sad: 77.32233428955078
sad: 84.16857147216797
sad: 56.17963409423828
fear: 90.88580322265625
fear: 62.318599700927734
neutral: 44.80125045776367
fear: 77.29280090332031
neutral: 63.658695220947266
neutral: 88.79350280761719
neutral: 93.39026641845703
neutral: 73.52436065673828
neutral: 94.05521392822266
neutral: 78.3792495727539
neutral: 91.03668975830078
neutral: 77.41020202636719
neutral: 85.36843872070312
neutral: 82.13275909423828
neutral: 89.63874053955078
surprise: 84.75823211669922
neutral: 52.38633346557617
neutral: 88.45923614501953
neutral: 91.77542114257812
neutral: 72.8086929321289
sad: 99.81635284423828
neutral: 86.80574798583984
neutral: 67.05797576904297
neutral: 97.8764877319336
neutral: 78.78533935546875
neutral: 97.68258666992188
neutral: 89.28536224365234
neutral: 95.22056579589844
neutral: 98.05137634277344
neutral: 97.73035430908203
neutral: 94.11152648925781
neutral: 93.65499114990234
neutral: 92.53485870361328
neutral: 78.31427001953125
neutral: 93.45988464355469
neutral: 96.18392944335938
neutral: 63.26219940185547
neutral: 57.01235580444336
neutral: 47.484500885009766
neutral: 58.9034423828125
