sad: 52.00267028808594
neutral: 52.26139450073242
sad: 99.70650482177734
neutral: 54.934959411621094
sad: 59.6561164855957
neutral: 86.145751953125
neutral: 84.51717376708984
sad: 64.37300109863281
neutral: 89.06924438476562
neutral: 67.90511322021484
fear: 75.27526092529297
fear: 92.79329681396484
neutral: 52.96479797363281
happy: 68.00447082519531
sad: 99.83824157714844
happy: 99.60774993896484
angry: 63.12217712402344
angry: 67.83697509765625
happy: 45.77225112915039
fear: 72.61843872070312
fear: 96.3508071899414
fear: 96.73502349853516
fear: 90.83977508544922
neutral: 45.23933029174805
neutral: 87.37859344482422
neutral: 54.812068939208984
fear: 78.91687774658203
sad: 86.66765594482422
sad: 77.34729766845703
sad: 43.63328170776367
sad: 55.52629470825195
sad: 87.94646453857422
sad: 89.8636703491211
sad: 84.44181823730469
sad: 96.72906494140625
sad: 98.81421661376953
sad: 76.63801574707031
sad: 77.92916107177734
sad: 54.611610412597656
sad: 75.34842681884766
neutral: 97.00487518310547
neutral: 77.9114761352539
neutral: 79.7506332397461
neutral: 46.28879165649414
neutral: 61.44057083129883
neutral: 37.0218505859375
sad: 42.68806838989258
sad: 94.10957336425781
sad: 77.7728500366211
sad: 70.09949493408203
sad: 97.07978057861328
sad: 99.1843490600586
sad: 97.85057830810547
sad: 95.38898468017578
sad: 96.2469711303711
sad: 94.39044189453125
sad: 94.4581069946289
sad: 93.2078628540039
sad: 93.58279418945312
sad: 95.75839233398438
sad: 95.7732925415039
sad: 96.11416625976562
sad: 95.72407531738281
sad: 94.67232513427734
sad: 94.3561019897461
sad: 94.56489562988281
sad: 94.90940856933594
sad: 94.93199920654297
sad: 96.12590789794922
sad: 95.00565338134766
sad: 96.38614654541016
sad: 94.77593231201172
sad: 94.79674530029297
sad: 93.22784423828125
sad: 75.06686401367188
sad: 95.02705383300781
sad: 98.53406524658203
sad: 98.24227905273438
sad: 98.71671295166016
sad: 88.22303771972656
sad: 97.62107849121094
sad: 97.0003662109375
sad: 97.7515869140625
sad: 97.53990936279297
sad: 98.3524169921875
sad: 97.9764633178711
sad: 98.02804565429688
sad: 97.87503814697266
sad: 98.43240356445312
sad: 98.26348876953125
sad: 98.27755737304688
sad: 98.28128051757812
sad: 98.48204040527344
sad: 96.72370910644531
neutral: 53.11269760131836
fear: 54.66851043701172
happy: 81.91706848144531
happy: 95.72079467773438
sad: 56.30611038208008
sad: 61.84297180175781
happy: 69.28948211669922
sad: 99.16697692871094
sad: 99.78327178955078
sad: 99.99556732177734
sad: 62.74600601196289
sad: 96.81504821777344
sad: 97.38728332519531
fear: 96.07174682617188
sad: 73.72737884521484
sad: 81.46360778808594
fear: 57.56189727783203
sad: 53.2414665222168
sad: 59.4012451171875
sad: 62.3792839050293
sad: 89.23458862304688
sad: 78.04582977294922
sad: 77.43712615966797
fear: 53.47366714477539
sad: 58.515411376953125
sad: 48.659671783447266
fear: 96.67948150634766
sad: 85.81388854980469
sad: 96.93004608154297
sad: 80.90555572509766
sad: 49.126380920410156
neutral: 95.21586608886719
neutral: 95.84264373779297
neutral: 98.61308288574219
neutral: 80.27044677734375
neutral: 58.13185501098633
neutral: 79.67976379394531
fear: 99.30391693115234
neutral: 68.0416488647461
neutral: 83.88473510742188
neutral: 85.44456481933594
sad: 38.6795768737793
neutral: 89.8238296508789
neutral: 91.99903869628906
neutral: 95.71248626708984
sad: 96.70812225341797
neutral: 92.37617492675781
neutral: 99.79425048828125
sad: 77.82889556884766
fear: 52.748165130615234
neutral: 69.73836517333984
neutral: 45.94397735595703
fear: 56.01762008666992
sad: 46.29560852050781
fear: 99.99994659423828
fear: 99.99976348876953
fear: 100.0
fear: 100.0
fear: 99.99999237060547
fear: 99.9958724975586
fear: 43.87733840942383
sad: 55.89584732055664
neutral: 62.51633834838867
fear: 72.61323547363281
neutral: 40.3387451171875
neutral: 62.20425796508789
neutral: 96.60357666015625
fear: 49.846397399902344
fear: 55.89023971557617
happy: 52.67058181762695
neutral: 53.2403564453125
neutral: 42.608299255371094
sad: 97.35494995117188
fear: 97.70140838623047
fear: 98.05316925048828
fear: 73.18482971191406
fear: 99.931640625
sad: 79.95913696289062
neutral: 45.6684684753418
neutral: 98.43578338623047
neutral: 45.96766662597656
neutral: 90.478271484375
sad: 73.30304718017578
sad: 94.33291625976562
sad: 99.06269836425781
neutral: 65.10680389404297
neutral: 59.72145462036133
neutral: 75.12156677246094
neutral: 42.98999786376953
fear: 82.54872131347656
sad: 98.15389251708984
sad: 61.41781234741211
sad: 90.72954559326172
neutral: 99.98615264892578
sad: 79.29955291748047
sad: 95.80667877197266
sad: 95.57360076904297
sad: 95.47834777832031
sad: 95.33551025390625
sad: 97.46202087402344
sad: 97.14580535888672
sad: 89.34379577636719
sad: 91.70365142822266
fear: 63.589542388916016
neutral: 45.519874572753906
neutral: 80.5738754272461
neutral: 50.91611099243164
sad: 41.8504638671875
neutral: 53.80693817138672
neutral: 73.26941680908203
sad: 88.1454086303711
sad: 69.85990142822266
neutral: 68.38819122314453
neutral: 84.9767074584961
sad: 73.86811828613281
neutral: 66.88526153564453
sad: 71.8969497680664
sad: 85.40980529785156
fear: 69.77828979492188
fear: 86.3606948852539
fear: 32.447933197021484
surprise: 75.87932586669922
surprise: 92.29719543457031
sad: 48.50455093383789
surprise: 39.52117156982422
neutral: 51.622867584228516
fear: 96.61196899414062
fear: 68.25154876708984
fear: 96.07328796386719
sad: 64.43927001953125
sad: 52.610206604003906
sad: 99.89372253417969
neutral: 60.79327392578125
neutral: 80.56005859375
sad: 89.46112060546875
sad: 49.23194885253906
sad: 98.73149871826172
fear: 55.773555755615234
sad: 96.4483413696289
surprise: 90.17066192626953
neutral: 84.05443572998047
sad: 64.40185546875
fear: 68.18637084960938
sad: 94.66655731201172
fear: 50.788516998291016
surprise: 82.28459930419922
neutral: 60.78764343261719
fear: 67.00170135498047
neutral: 43.683876037597656
surprise: 54.970916748046875
surprise: 57.23282241821289
surprise: 34.46454620361328
surprise: 50.581871032714844
surprise: 99.50055694580078
fear: 90.59745788574219
fear: 72.49594116210938
sad: 85.7938003540039
fear: 93.46126556396484
sad: 76.6588363647461
sad: 95.20044708251953
sad: 99.73931121826172
fear: 82.88104248046875
sad: 54.66498565673828
fear: 74.76074981689453
neutral: 97.08074951171875
neutral: 98.94990539550781
neutral: 99.91602325439453
neutral: 99.62885284423828
neutral: 99.87885284423828
neutral: 98.0355224609375
neutral: 98.8817367553711
neutral: 99.48567962646484
sad: 55.14274978637695
fear: 73.40771484375
sad: 90.4505844116211
fear: 66.9405746459961
fear: 54.27471923828125
neutral: 84.54084014892578
angry: 85.28853607177734
fear: 52.10392379760742
neutral: 99.65306091308594
neutral: 49.908485412597656
fear: 52.31638717651367
neutral: 99.9237060546875
neutral: 99.89234924316406
neutral: 97.55842590332031
neutral: 99.95685577392578
sad: 96.43775177001953
angry: 53.124393463134766
fear: 87.43842315673828
sad: 82.58517456054688
fear: 92.6619873046875
fear: 67.16365051269531
sad: 73.95016479492188
sad: 85.72434997558594
sad: 92.69686126708984
sad: 88.4112319946289
sad: 89.03189849853516
sad: 66.98612213134766
sad: 92.06167602539062
sad: 98.80279541015625
sad: 93.86624908447266
happy: 88.03404998779297
fear: 99.42443084716797
happy: 99.0564956665039
sad: 89.1280746459961
happy: 68.13395690917969
happy: 97.23298645019531
sad: 78.3705062866211
sad: 76.36378479003906
sad: 90.4774398803711
sad: 58.5496711730957
surprise: 61.527984619140625
surprise: 99.78739929199219
surprise: 96.81155395507812
surprise: 83.98140716552734
surprise: 87.47337341308594
fear: 64.71537780761719
surprise: 99.82206726074219
surprise: 70.62399291992188
surprise: 87.18946075439453
fear: 94.05500793457031
sad: 99.77731323242188
angry: 99.7454605102539
fear: 86.64353942871094
fear: 79.07217407226562
fear: 83.02242279052734
fear: 90.7187271118164
fear: 86.82767486572266
fear: 80.23135375976562
fear: 88.74617767333984
fear: 90.27473449707031
fear: 90.55760955810547
fear: 73.4238510131836
fear: 71.38077545166016
fear: 95.99815368652344
fear: 93.2844009399414
fear: 76.75169372558594
sad: 54.22671890258789
sad: 63.2392578125
sad: 88.9858169555664
sad: 43.83671188354492
sad: 99.82481384277344
fear: 95.65947723388672
fear: 72.8592758178711
fear: 91.15948486328125
fear: 59.9713020324707
fear: 75.34709930419922
fear: 67.88178253173828
neutral: 80.15669250488281
sad: 84.14073944091797
sad: 98.22293853759766
sad: 97.31177520751953
sad: 97.82755279541016
sad: 94.24627685546875
sad: 99.8598861694336
angry: 62.01512145996094
angry: 64.9075927734375
sad: 92.5723648071289
fear: 72.64078521728516
fear: 81.86297607421875
sad: 81.32794952392578
sad: 75.78092193603516
sad: 72.05565643310547
sad: 85.1505355834961
sad: 79.5301513671875
sad: 76.0157699584961
sad: 80.78795623779297
sad: 81.91423034667969
sad: 79.14508819580078
sad: 82.02892303466797
sad: 60.026824951171875
sad: 55.36735534667969
neutral: 80.82904052734375
neutral: 82.7217788696289
neutral: 81.37419128417969
neutral: 81.22014617919922
neutral: 70.49297332763672
fear: 73.12356567382812
angry: 58.65093231201172
sad: 98.447265625
sad: 97.77701568603516
sad: 65.95999145507812
neutral: 91.2950668334961
neutral: 90.70173645019531
neutral: 89.59112548828125
neutral: 83.68618774414062
neutral: 81.25172424316406
neutral: 79.49114990234375
neutral: 72.95018768310547
neutral: 76.00650787353516
neutral: 84.45068359375
neutral: 79.72663879394531
neutral: 85.21609497070312
neutral: 79.01025390625
neutral: 75.48296356201172
neutral: 76.7637939453125
neutral: 77.26817321777344
neutral: 77.97679138183594
neutral: 80.92313385009766
neutral: 78.05206298828125
neutral: 83.09170532226562
neutral: 81.90093231201172
neutral: 73.93731689453125
neutral: 83.70452880859375
neutral: 79.01348114013672
neutral: 74.24241638183594
neutral: 78.44419860839844
neutral: 76.8945541381836
neutral: 74.46776580810547
neutral: 77.36161804199219
neutral: 76.93029022216797
neutral: 72.0804443359375
neutral: 79.01921081542969
neutral: 77.15969848632812
neutral: 81.66870880126953
neutral: 87.17350769042969
neutral: 84.11426544189453
neutral: 84.29518127441406
neutral: 85.24664306640625
neutral: 77.4201431274414
neutral: 89.23097229003906
neutral: 83.12395477294922
neutral: 87.8714828491211
neutral: 80.95218658447266
sad: 98.29268646240234
sad: 79.41963958740234
sad: 75.63678741455078
sad: 76.3665771484375
sad: 62.8178825378418
sad: 63.94272994995117
neutral: 54.86433029174805
neutral: 72.22248077392578
neutral: 78.92423248291016
neutral: 69.10985565185547
neutral: 83.91610717773438
neutral: 79.96369934082031
neutral: 90.37135314941406
neutral: 74.33868408203125
neutral: 79.30168151855469
neutral: 90.32460021972656
neutral: 91.38800811767578
angry: 84.82621002197266
angry: 62.285614013671875
angry: 99.90519714355469
angry: 99.92117309570312
angry: 99.95880889892578
angry: 99.96705627441406
angry: 99.99050903320312
angry: 99.9710922241211
angry: 99.98296356201172
neutral: 96.85420227050781
neutral: 92.93057250976562
neutral: 91.46578216552734
neutral: 95.81853485107422
neutral: 94.84654235839844
neutral: 93.8057861328125
neutral: 95.41062927246094
neutral: 92.12635803222656
neutral: 92.27716827392578
neutral: 88.71466827392578
neutral: 91.40922546386719
neutral: 91.46149444580078
sad: 85.00447845458984
angry: 86.20597076416016
angry: 63.52935028076172
angry: 76.87432861328125
angry: 85.33587646484375
angry: 56.39727020263672
angry: 93.31033325195312
sad: 62.5997200012207
fear: 67.6563949584961
angry: 99.6847915649414
sad: 78.32488250732422
sad: 59.259944915771484
sad: 85.53911590576172
sad: 88.22676849365234
neutral: 54.58799743652344
angry: 69.08363342285156
angry: 84.99485778808594
angry: 92.49850463867188
angry: 95.16496276855469
angry: 98.0840835571289
angry: 98.9072265625
angry: 67.47917938232422
fear: 99.98160552978516
fear: 99.74826049804688
fear: 99.51774597167969
fear: 95.2418441772461
fear: 95.01296997070312
fear: 99.81622314453125
neutral: 92.28002166748047
neutral: 95.1512680053711
neutral: 96.46461486816406
neutral: 96.14703369140625
neutral: 79.9605712890625
neutral: 51.286529541015625
neutral: 73.58978271484375
neutral: 46.26449203491211
sad: 56.91534423828125
neutral: 63.974159240722656
neutral: 83.55442810058594
neutral: 66.67525482177734
fear: 66.23392486572266
neutral: 53.07585144042969
happy: 99.26360321044922
happy: 90.24024963378906
sad: 87.31192779541016
sad: 42.20951843261719
neutral: 86.33951568603516
neutral: 78.26753234863281
neutral: 85.13433837890625
neutral: 52.771484375
fear: 58.881492614746094
sad: 83.34910583496094
happy: 50.6529655456543
angry: 58.2740592956543
fear: 99.99166107177734
sad: 42.120155334472656
sad: 58.39784622192383
happy: 64.22329711914062
sad: 77.91670227050781
sad: 55.22377395629883
neutral: 53.30420684814453
fear: 56.903934478759766
fear: 77.31439971923828
sad: 59.867698669433594
neutral: 85.80693817138672
neutral: 90.35799407958984
happy: 99.90264129638672
happy: 99.92505645751953
happy: 97.31809997558594
sad: 46.738834381103516
fear: 50.938331604003906
sad: 56.15062713623047
neutral: 81.34823608398438
sad: 43.248497009277344
fear: 96.88102722167969
neutral: 94.27896118164062
neutral: 82.67167663574219
neutral: 84.49169921875
neutral: 44.242218017578125
neutral: 35.53205871582031
happy: 95.87604522705078
neutral: 48.70608901977539
sad: 96.42183685302734
sad: 97.72044372558594
sad: 85.62236785888672
sad: 74.19165802001953
sad: 99.51520538330078
happy: 56.096160888671875
happy: 87.04816436767578
sad: 99.41183471679688
sad: 52.31198501586914
sad: 79.41658782958984
fear: 60.731773376464844
sad: 57.83715057373047
fear: 33.84930419921875
neutral: 91.38591003417969
sad: 52.61237716674805
sad: 90.5241928100586
happy: 98.03980255126953
happy: 99.47296142578125
happy: 99.44535827636719
fear: 90.57754516601562
sad: 47.22177505493164
fear: 77.393310546875
fear: 86.3771743774414
fear: 98.56742095947266
fear: 98.42461395263672
fear: 62.01559829711914
neutral: 82.57744598388672
happy: 84.43185424804688
fear: 48.18914794921875
fear: 63.49442672729492
fear: 96.17122650146484
fear: 50.254425048828125
happy: 98.9214096069336
neutral: 99.97218322753906
happy: 97.62386322021484
happy: 99.98699951171875
happy: 99.99919891357422
happy: 99.98412322998047
sad: 88.85923767089844
happy: 99.78958129882812
sad: 63.24412155151367
happy: 91.9512939453125
happy: 98.15213012695312
sad: 61.48372268676758
fear: 50.62739562988281
sad: 62.94584274291992
happy: 95.52393341064453
happy: 99.99767303466797
happy: 99.9932861328125
happy: 99.98481750488281
happy: 99.99442291259766
sad: 91.69621276855469
sad: 88.52910614013672
sad: 90.94929504394531
sad: 58.6016731262207
sad: 57.15460205078125
happy: 99.94034576416016
sad: 64.14704895019531
sad: 93.49012756347656
sad: 93.08183288574219
sad: 93.63050079345703
happy: 99.64395141601562
happy: 99.99407958984375
sad: 94.85529327392578
happy: 99.99978637695312
sad: 52.82177734375
sad: 55.24282455444336
neutral: 43.516998291015625
sad: 71.2359619140625
sad: 86.46881866455078
sad: 60.25846481323242
sad: 53.737125396728516
sad: 63.270259857177734
sad: 86.55067443847656
sad: 42.07350540161133
sad: 97.56503295898438
sad: 75.82774353027344
sad: 90.93521881103516
sad: 64.49769592285156
sad: 63.9251823425293
sad: 95.08821105957031
sad: 94.84012603759766
sad: 83.56898498535156
sad: 96.81900787353516
sad: 92.44939422607422
sad: 72.1396713256836
sad: 66.28549194335938
sad: 75.89701080322266
sad: 85.69085693359375
sad: 61.1014289855957
sad: 75.54631042480469
sad: 93.21957397460938
sad: 91.0552749633789
sad: 98.71831512451172
happy: 99.76799774169922
sad: 93.83769989013672
sad: 95.43125915527344
sad: 98.70323181152344
sad: 96.62579345703125
sad: 98.3402328491211
sad: 94.99905395507812
sad: 97.0079574584961
sad: 94.96334838867188
sad: 56.53862762451172
angry: 97.92694091796875
sad: 99.31790924072266
happy: 99.99201202392578
happy: 99.99888610839844
sad: 48.750831604003906
happy: 96.10984802246094
happy: 99.99846649169922
happy: 99.9748764038086
sad: 98.58222961425781
angry: 99.99999237060547
angry: 99.99974060058594
angry: 100.0
angry: 100.0
angry: 98.22755432128906
sad: 68.57637023925781
happy: 99.99999237060547
happy: 99.99993133544922
sad: 69.76219177246094
sad: 98.76768493652344
neutral: 91.55327606201172
neutral: 60.32543182373047
fear: 96.69904327392578
fear: 36.499778747558594
fear: 87.73536682128906
sad: 99.0747299194336
sad: 97.8609848022461
angry: 99.99635314941406
angry: 100.0
angry: 99.9928207397461
angry: 99.96236419677734
angry: 99.99620819091797
sad: 91.68331146240234
angry: 100.0
angry: 100.0
angry: 100.0
angry: 99.99980926513672
neutral: 99.96316528320312
angry: 99.99188995361328
happy: 99.99915313720703
happy: 99.9998550415039
happy: 99.99996185302734
neutral: 82.79727935791016
happy: 99.99919891357422
happy: 99.99072265625
sad: 55.22420883178711
sad: 54.58689498901367
sad: 83.55866241455078
neutral: 41.99872589111328
sad: 99.3691177368164
happy: 97.19522094726562
sad: 95.80140686035156
sad: 94.67985534667969
sad: 71.18495178222656
sad: 81.52510833740234
neutral: 74.5596923828125
fear: 62.527217864990234
sad: 98.45478057861328
happy: 99.99844360351562
happy: 99.98991394042969
sad: 96.26616668701172
sad: 97.02632904052734
sad: 98.54826354980469
neutral: 91.74629211425781
neutral: 100.0
happy: 99.9964828491211
happy: 99.99970245361328
sad: 97.62757873535156
happy: 99.92290496826172
happy: 99.99210357666016
happy: 99.99028778076172
happy: 99.99398040771484
sad: 99.6951904296875
happy: 99.98920440673828
happy: 99.99915313720703
happy: 99.99639892578125
happy: 99.9977798461914
happy: 99.99967193603516
happy: 99.99980926513672
happy: 99.99993896484375
happy: 99.99982452392578
happy: 92.50440979003906
happy: 99.3448257446289
happy: 99.99603271484375
happy: 99.99951934814453
happy: 99.99720764160156
happy: 99.97871398925781
happy: 99.99266815185547
happy: 99.98839569091797
happy: 99.99195098876953
happy: 99.98902130126953
happy: 99.98884582519531
happy: 99.9809341430664
happy: 99.99644470214844
happy: 99.98817443847656
happy: 99.99276733398438
happy: 99.99674224853516
happy: 99.99786376953125
happy: 99.9988021850586
happy: 99.998779296875
happy: 96.34904479980469
angry: 82.70353698730469
sad: 48.65380859375
neutral: 69.71543884277344
angry: 99.45305633544922
neutral: 75.93791198730469
neutral: 94.19436645507812
neutral: 87.4168472290039
neutral: 86.111572265625
neutral: 58.83958435058594
sad: 48.349308013916016
happy: 99.9696044921875
happy: 99.45690155029297
happy: 99.94707489013672
sad: 58.16667938232422
sad: 69.18482208251953
sad: 65.00335693359375
fear: 45.770042419433594
fear: 48.02970504760742
neutral: 61.64638900756836
sad: 83.44094848632812
happy: 99.99974822998047
sad: 98.1343765258789
sad: 99.53186798095703
sad: 98.7755126953125
sad: 98.41411590576172
sad: 97.6656494140625
sad: 99.59661865234375
sad: 98.58374786376953
sad: 80.083740234375
sad: 99.411865234375
sad: 99.65275573730469
sad: 64.63558959960938
sad: 76.37230682373047
happy: 85.14921569824219
sad: 57.2415885925293
sad: 93.3543472290039
sad: 98.19988250732422
sad: 77.52127838134766
sad: 94.87431335449219
sad: 71.78421020507812
sad: 86.17957305908203
sad: 97.22828674316406
sad: 71.61378479003906
happy: 99.94892120361328
sad: 99.89727783203125
sad: 99.54911804199219
sad: 94.97618865966797
sad: 91.95425415039062
sad: 99.92479705810547
happy: 99.96969604492188
sad: 95.21743774414062
happy: 99.71302032470703
sad: 99.85115814208984
happy: 99.96700286865234
sad: 97.67636108398438
sad: 98.38792419433594
sad: 95.78083038330078
surprise: 85.0294418334961
sad: 75.55781555175781
sad: 99.44182586669922
sad: 62.74518966674805
happy: 99.97249603271484
sad: 58.2626953125
happy: 70.72063446044922
sad: 97.72994995117188
sad: 96.90453338623047
sad: 97.47154998779297
sad: 99.71815490722656
sad: 85.5124282836914
happy: 99.95742797851562
sad: 86.83262634277344
happy: 99.69454956054688
angry: 83.03594970703125
fear: 92.90927124023438
fear: 86.52218627929688
angry: 88.04918670654297
fear: 95.18907165527344
angry: 97.13160705566406
angry: 94.71599578857422
neutral: 81.43012237548828
sad: 89.72279357910156
angry: 92.62518310546875
angry: 98.798828125
angry: 99.82816314697266
fear: 81.2182846069336
angry: 56.98899841308594
fear: 63.98005676269531
fear: 74.4821548461914
angry: 78.03800964355469
angry: 92.86268615722656
angry: 88.7244873046875
angry: 85.47917938232422
angry: 52.1347770690918
angry: 81.56564331054688
sad: 94.54912567138672
happy: 80.81334686279297
neutral: 97.68265533447266
fear: 51.93770217895508
sad: 77.69908142089844
fear: 90.07694244384766
angry: 54.19098663330078
fear: 83.01924896240234
sad: 98.42449951171875
happy: 83.8030776977539
happy: 99.78656768798828
happy: 94.5596923828125
sad: 57.31783676147461
fear: 95.52181243896484
happy: 99.99995422363281
happy: 99.99673461914062
happy: 99.95576477050781
happy: 99.9739990234375
happy: 98.2599105834961
happy: 99.98453521728516
happy: 97.814208984375
happy: 99.99796295166016
happy: 99.96839141845703
neutral: 57.9288330078125
sad: 99.4754867553711
happy: 99.87136840820312
happy: 99.99834442138672
fear: 66.02344512939453
happy: 99.92918395996094
happy: 99.94879150390625
happy: 99.98735046386719
happy: 99.99947357177734
neutral: 99.99993896484375
neutral: 99.98918151855469
neutral: 99.99645233154297
neutral: 93.75208282470703
neutral: 67.0122299194336
neutral: 49.66043472290039
neutral: 60.859458923339844
happy: 64.35938262939453
happy: 59.86806106567383
happy: 83.65579986572266
happy: 96.57697296142578
happy: 99.94193267822266
sad: 73.6717300415039
happy: 100.0
happy: 99.99993133544922
fear: 99.99959564208984
neutral: 92.09890747070312
neutral: 88.57836151123047
neutral: 42.98539733886719
neutral: 75.84326171875
neutral: 96.04033660888672
neutral: 99.44577026367188
neutral: 84.93458557128906
neutral: 50.55834197998047
fear: 53.67657470703125
sad: 44.67405700683594
neutral: 45.6539421081543
neutral: 59.4043083190918
neutral: 47.42958068847656
neutral: 97.88636779785156
neutral: 91.62964630126953
neutral: 95.18376922607422
neutral: 56.50122833251953
sad: 95.81796264648438
fear: 86.13516998291016
fear: 89.994140625
sad: 35.882415771484375
neutral: 57.04119110107422
neutral: 58.67210006713867
neutral: 92.52558898925781
neutral: 53.48284912109375
sad: 53.30934524536133
fear: 75.78639221191406
fear: 84.94852447509766
fear: 57.84175491333008
sad: 37.94427490234375
sad: 42.053646087646484
fear: 38.06747817993164
sad: 48.114051818847656
sad: 43.535152435302734
fear: 90.05078125
fear: 99.1314926147461
happy: 52.5252685546875
happy: 97.91693115234375
fear: 42.5422248840332
happy: 87.45189666748047
fear: 88.75009155273438
neutral: 94.77816772460938
happy: 99.99908447265625
happy: 99.99991607666016
neutral: 47.491214752197266
sad: 98.37248229980469
neutral: 91.43785095214844
happy: 88.83019256591797
happy: 97.63959503173828
happy: 98.63933563232422
happy: 98.90495300292969
neutral: 56.697837829589844
fear: 50.305908203125
fear: 82.36627960205078
sad: 61.88756561279297
fear: 90.34115600585938
fear: 85.30760192871094
fear: 82.42101287841797
happy: 96.3630599975586
sad: 45.26103973388672
fear: 45.12797164916992
sad: 55.13149642944336
neutral: 69.71990203857422
neutral: 47.246299743652344
neutral: 99.26654815673828
fear: 48.15266418457031
sad: 97.45682525634766
happy: 99.99588775634766
sad: 99.59408569335938
sad: 99.4675064086914
fear: 59.132057189941406
fear: 85.26945495605469
fear: 91.75813293457031
fear: 49.771305084228516
fear: 56.817996978759766
fear: 61.054046630859375
sad: 78.99952697753906
sad: 97.37242126464844
fear: 72.09587860107422
fear: 95.36833190917969
sad: 75.71410369873047
sad: 98.98614501953125
sad: 99.26461791992188
neutral: 92.79489135742188
neutral: 50.92426681518555
sad: 74.68830871582031
neutral: 86.52571105957031
neutral: 41.6054801940918
angry: 79.35250091552734
happy: 90.8368148803711
happy: 99.99983215332031
fear: 61.176395416259766
neutral: 49.35665512084961
happy: 76.88388061523438
happy: 61.386497497558594
neutral: 96.60787963867188
neutral: 56.93599319458008
neutral: 46.26762390136719
sad: 38.845333099365234
neutral: 85.72166442871094
neutral: 81.61229705810547
fear: 80.30017852783203
happy: 88.61672973632812
fear: 76.31963348388672
fear: 99.75306701660156
fear: 99.32918548583984
fear: 97.2034912109375
fear: 60.775882720947266
fear: 96.48375701904297
sad: 49.8120231628418
happy: 99.91077423095703
fear: 91.10682678222656
happy: 76.31893157958984
fear: 99.47869110107422
fear: 64.31803894042969
fear: 99.16226196289062
fear: 99.83623504638672
fear: 98.87995147705078
fear: 99.88834381103516
fear: 99.9624252319336
sad: 64.70091247558594
fear: 78.45714569091797
fear: 34.63713073730469
fear: 89.50361633300781
neutral: 99.99351501464844
happy: 99.33000183105469
happy: 80.90270233154297
neutral: 73.10454559326172
happy: 99.90567779541016
fear: 87.99485778808594
sad: 65.49990844726562
sad: 96.8264389038086
fear: 93.79974365234375
sad: 94.1958236694336
sad: 89.5982894897461
sad: 91.2094497680664
fear: 82.38465881347656
sad: 64.97201538085938
sad: 50.35317611694336
neutral: 68.92546081542969
neutral: 75.68197631835938
neutral: 74.74665069580078
sad: 57.23751449584961
neutral: 68.73095703125
fear: 45.061100006103516
neutral: 83.26129150390625
neutral: 62.630027770996094
fear: 96.39408874511719
sad: 94.14945220947266
sad: 69.51875305175781
neutral: 88.37812042236328
neutral: 40.31056213378906
fear: 35.44172668457031
fear: 74.09029388427734
sad: 37.65396499633789
neutral: 63.50747299194336
neutral: 52.64760208129883
neutral: 61.38227462768555
neutral: 60.07808303833008
neutral: 70.64614868164062
neutral: 66.0536880493164
neutral: 59.351444244384766
sad: 75.01583099365234
fear: 86.7459487915039
sad: 99.87895202636719
sad: 98.69100189208984
fear: 63.559871673583984
sad: 50.75032043457031
fear: 81.85919952392578
fear: 84.47271728515625
sad: 98.69021606445312
sad: 76.2973861694336
sad: 93.13677978515625
happy: 97.13627624511719
sad: 45.13739013671875
sad: 99.98025512695312
sad: 93.7265625
sad: 95.50505828857422
sad: 97.14694213867188
sad: 89.28334045410156
sad: 95.55290985107422
sad: 99.6747055053711
sad: 99.7967300415039
sad: 95.06126403808594
sad: 74.37518310546875
sad: 99.17586517333984
sad: 76.4577865600586
sad: 97.89043426513672
sad: 92.68438720703125
sad: 98.6289291381836
sad: 95.99788665771484
sad: 66.4275894165039
sad: 57.000762939453125
surprise: 70.9901351928711
fear: 97.93891143798828
fear: 72.99356079101562
sad: 42.650753021240234
fear: 98.98895263671875
happy: 99.80935668945312
sad: 99.19084930419922
neutral: 51.27082443237305
sad: 98.63591766357422
sad: 97.95993041992188
fear: 87.70025634765625
fear: 96.83043670654297
fear: 82.70091247558594
fear: 89.67214965820312
fear: 87.2429428100586
fear: 93.07640838623047
sad: 51.15597152709961
sad: 58.860172271728516
fear: 82.9970474243164
angry: 99.56147003173828
sad: 80.40079498291016
fear: 82.16393280029297
fear: 41.2855339050293
fear: 85.5788345336914
fear: 75.78382873535156
neutral: 77.7665023803711
sad: 78.28202819824219
sad: 99.5403823852539
happy: 77.78746795654297
sad: 84.60832214355469
sad: 53.61307144165039
fear: 66.74334716796875
fear: 57.831302642822266
neutral: 33.5438232421875
neutral: 39.87205123901367
neutral: 40.604732513427734
sad: 81.4100112915039
fear: 36.52175521850586
sad: 93.97874450683594
neutral: 62.6060791015625
sad: 75.29655456542969
sad: 36.775691986083984
fear: 94.78144073486328
sad: 33.77769470214844
fear: 66.52029418945312
sad: 97.35108947753906
sad: 98.48899841308594
fear: 95.09706115722656
fear: 84.82476806640625
fear: 94.39881134033203
fear: 87.31605529785156
fear: 89.41558837890625
fear: 67.25187683105469
angry: 86.41265869140625
fear: 96.0146713256836
fear: 92.85579681396484
angry: 54.0716552734375
fear: 59.472171783447266
fear: 79.02640533447266
fear: 69.43458557128906
fear: 52.12227249145508
fear: 66.40830993652344
fear: 87.06126403808594
fear: 93.23316955566406
fear: 98.72510528564453
fear: 98.37422180175781
fear: 97.76582336425781
fear: 97.11283111572266
fear: 76.86180877685547
angry: 91.14828491210938
fear: 99.26007080078125
fear: 99.80951690673828
fear: 73.7707290649414
fear: 58.30438995361328
fear: 63.95786666870117
fear: 52.82543182373047
angry: 71.34195709228516
angry: 58.54320526123047
angry: 52.93523025512695
fear: 53.162174224853516
happy: 46.50669860839844
fear: 42.013492584228516
angry: 77.15367889404297
angry: 76.13726806640625
angry: 56.86954116821289
fear: 68.7050552368164
fear: 64.38330078125
fear: 77.84477996826172
fear: 75.47422790527344
fear: 83.92269897460938
fear: 83.12210845947266
fear: 80.94718170166016
fear: 82.50416564941406
sad: 74.65985870361328
fear: 70.17664337158203
sad: 90.58187866210938
neutral: 94.44849395751953
sad: 99.49158477783203
sad: 99.56690979003906
sad: 99.9990463256836
fear: 77.1767349243164
neutral: 61.84421920776367
sad: 100.0
sad: 99.99998474121094
sad: 99.88360595703125
sad: 99.99991607666016
sad: 100.0
sad: 94.60504150390625
sad: 68.01087951660156
sad: 60.81037521362305
neutral: 51.17259979248047
sad: 40.501686096191406
neutral: 61.32919692993164
surprise: 71.27197265625
fear: 43.12035369873047
neutral: 53.22461700439453
happy: 59.8039436340332
sad: 97.99172973632812
fear: 35.743289947509766
surprise: 47.799652099609375
sad: 66.72525024414062
sad: 85.73201751708984
sad: 84.0607681274414
sad: 89.15644836425781
sad: 77.86333465576172
sad: 56.25374984741211
sad: 99.677734375
sad: 49.47948455810547
neutral: 55.639034271240234
neutral: 68.8547134399414
neutral: 78.70670318603516
neutral: 84.02940368652344
neutral: 93.04689025878906
neutral: 87.09785461425781
neutral: 88.86089324951172
neutral: 71.88365173339844
neutral: 93.44454956054688
neutral: 83.54082489013672
sad: 99.0589828491211
sad: 99.99146270751953
sad: 54.12289810180664
sad: 43.195457458496094
sad: 66.08362579345703
neutral: 39.376556396484375
angry: 55.660621643066406
neutral: 79.30618286132812
neutral: 93.72348022460938
fear: 47.00463104248047
fear: 51.5522575378418
neutral: 56.00840377807617
neutral: 69.15371704101562
fear: 98.53225708007812
sad: 99.5256118774414
fear: 68.35829162597656
sad: 99.85655212402344
sad: 80.1659927368164
sad: 86.58602142333984
sad: 78.0122299194336
sad: 99.44612121582031
sad: 94.1343002319336
sad: 98.47602081298828
sad: 99.80833435058594
fear: 75.01441955566406
fear: 95.03717803955078
angry: 84.63833618164062
fear: 98.40641784667969
fear: 97.5997085571289
fear: 99.18453979492188
fear: 52.36159133911133
sad: 95.0057373046875
sad: 94.73860931396484
sad: 81.11312103271484
sad: 91.04241180419922
sad: 97.59406280517578
sad: 95.40489959716797
sad: 98.6707534790039
sad: 94.58480072021484
sad: 88.37449645996094
sad: 97.22494506835938
sad: 98.02288055419922
sad: 96.73872375488281
sad: 94.20942687988281
sad: 97.72456359863281
sad: 98.70516967773438
sad: 98.489501953125
sad: 99.84112548828125
fear: 84.48053741455078
fear: 78.75440216064453
fear: 85.97030639648438
sad: 94.92384338378906
fear: 96.12146759033203
sad: 56.45602798461914
sad: 84.58647155761719
neutral: 75.51216125488281
neutral: 80.90007019042969
angry: 93.43692779541016
neutral: 66.93914794921875
neutral: 97.14755249023438
neutral: 90.59569549560547
neutral: 56.3803596496582
neutral: 91.69624328613281
neutral: 77.88758850097656
neutral: 56.279640197753906
neutral: 97.25824737548828
neutral: 96.74382019042969
sad: 64.8313217163086
sad: 97.68742370605469
happy: 61.82326889038086
sad: 49.44385528564453
sad: 81.0893325805664
happy: 99.80567169189453
fear: 99.7575912475586
neutral: 97.2527084350586
fear: 99.21205139160156
fear: 97.1470718383789
sad: 99.89444732666016
fear: 92.11854553222656
fear: 94.97364807128906
fear: 80.3257064819336
sad: 99.99044799804688
sad: 48.494712829589844
fear: 44.28262710571289
fear: 88.61820220947266
fear: 67.3944320678711
sad: 55.92462921142578
happy: 95.56231689453125
happy: 77.96125793457031
angry: 39.626861572265625
sad: 99.9997787475586
sad: 99.99586486816406
sad: 99.9998550415039
sad: 99.99413299560547
sad: 99.99525451660156
neutral: 77.27783966064453
neutral: 82.25286102294922
sad: 99.92025756835938
sad: 99.8700942993164
sad: 99.99979400634766
angry: 51.964962005615234
neutral: 97.50867462158203
neutral: 90.93788146972656
surprise: 51.31267166137695
happy: 99.98387908935547
happy: 91.02774810791016
neutral: 94.24044036865234
neutral: 96.3438491821289
neutral: 74.70314025878906
neutral: 95.86470031738281
neutral: 80.86811828613281
neutral: 92.35490417480469
neutral: 79.55348205566406
neutral: 66.72586059570312
neutral: 86.53145599365234
neutral: 99.68590545654297
neutral: 87.07655334472656
neutral: 95.82304382324219
neutral: 54.107810974121094
neutral: 87.75126647949219
neutral: 85.75796508789062
fear: 45.12290954589844
fear: 98.00741577148438
fear: 92.82676696777344
neutral: 56.495304107666016
neutral: 75.68409729003906
neutral: 82.78343963623047
neutral: 55.3076286315918
fear: 99.76536560058594
angry: 96.09322357177734
angry: 99.97923278808594
sad: 69.54669952392578
sad: 58.517879486083984
sad: 94.70664978027344
sad: 77.17471313476562
fear: 69.7426986694336
sad: 38.1843376159668
sad: 90.55951690673828
fear: 91.59693145751953
neutral: 74.21862030029297
fear: 78.40332794189453
sad: 53.603919982910156
angry: 56.945674896240234
sad: 91.28792572021484
neutral: 79.52011108398438
neutral: 91.2167739868164
neutral: 51.248477935791016
neutral: 64.72802734375
neutral: 92.7702865600586
angry: 51.05018615722656
neutral: 92.99964904785156
neutral: 94.09899139404297
neutral: 91.15729522705078
neutral: 97.26100158691406
neutral: 99.9094467163086
neutral: 99.97181701660156
fear: 52.93645095825195
sad: 84.11878967285156
sad: 65.76715850830078
sad: 32.87726593017578
angry: 48.96434020996094
sad: 40.411556243896484
fear: 37.64624786376953
fear: 50.72418212890625
neutral: 44.23162841796875
neutral: 47.69427490234375
sad: 50.53665542602539
neutral: 97.97531127929688
fear: 59.798133850097656
fear: 75.25698852539062
neutral: 54.405426025390625
neutral: 99.4991226196289
fear: 50.54638671875
sad: 55.36437225341797
neutral: 59.17145538330078
happy: 65.25306701660156
surprise: 74.82231140136719
happy: 78.00318908691406
neutral: 88.18949890136719
happy: 81.90892028808594
neutral: 45.7569465637207
neutral: 85.60001373291016
neutral: 99.27465057373047
neutral: 62.947784423828125
surprise: 79.96248626708984
surprise: 54.316226959228516
surprise: 91.407958984375
surprise: 60.973106384277344
angry: 64.95720672607422
sad: 83.87823486328125
sad: 68.40680694580078
angry: 97.78277587890625
angry: 99.87996673583984
neutral: 63.02521896362305
angry: 99.9447250366211
sad: 99.90762329101562
angry: 53.55219650268555
sad: 96.09246826171875
angry: 90.06346893310547
happy: 90.55187225341797
sad: 85.129638671875
angry: 88.9266586303711
fear: 55.247737884521484
angry: 83.38280487060547
sad: 78.03765869140625
sad: 68.71159362792969
sad: 55.52030563354492
sad: 71.72950744628906
sad: 66.66452026367188
sad: 62.07489013671875
neutral: 84.2059555053711
neutral: 66.25707244873047
neutral: 75.77285766601562
neutral: 88.45402526855469
angry: 87.50639343261719
sad: 69.8479995727539
happy: 66.98754119873047
happy: 78.42445373535156
neutral: 91.70092010498047
sad: 80.5927505493164
neutral: 50.263206481933594
sad: 37.90373229980469
angry: 62.14938735961914
fear: 65.79405212402344
fear: 46.843605041503906
happy: 80.4082260131836
happy: 59.354644775390625
happy: 59.29888916015625
happy: 94.20886993408203
neutral: 76.80137634277344
neutral: 55.214576721191406
neutral: 73.69578552246094
neutral: 86.39759826660156
happy: 96.35337829589844
angry: 82.73939514160156
neutral: 57.277523040771484
neutral: 52.521209716796875
neutral: 53.6705436706543
neutral: 90.31333923339844
neutral: 94.5202407836914
neutral: 93.91101837158203
neutral: 91.50086212158203
neutral: 92.03006744384766
neutral: 90.77165222167969
neutral: 90.70648193359375
neutral: 95.62064361572266
neutral: 95.19172668457031
neutral: 95.50270080566406
neutral: 99.99856567382812
sad: 37.23479080200195
neutral: 51.33612060546875
neutral: 68.36154174804688
neutral: 86.11131286621094
neutral: 90.14189910888672
neutral: 83.04678344726562
neutral: 67.19407653808594
neutral: 54.40955352783203
neutral: 86.15924072265625
neutral: 89.25225830078125
neutral: 77.7698745727539
neutral: 79.3962173461914
neutral: 93.6175537109375
neutral: 50.39664077758789
happy: 99.96407318115234
neutral: 78.44587707519531
happy: 76.99401092529297
happy: 99.88890075683594
happy: 99.8888168334961
happy: 99.90365600585938
happy: 99.82305145263672
happy: 99.64815521240234
happy: 99.74857330322266
happy: 99.9522705078125
happy: 99.203857421875
happy: 99.46015167236328
happy: 99.80904388427734
happy: 99.59529113769531
happy: 99.83924102783203
happy: 99.85476684570312
happy: 99.99230194091797
happy: 99.9971923828125
happy: 99.90584564208984
happy: 99.8424301147461
happy: 99.7270278930664
happy: 99.62258911132812
happy: 99.72392272949219
happy: 99.74578094482422
neutral: 72.51322174072266
neutral: 90.04203796386719
sad: 90.21319580078125
sad: 63.17836380004883
sad: 79.50223541259766
sad: 61.40620040893555
neutral: 54.90089416503906
neutral: 44.47261428833008
sad: 94.71022033691406
fear: 77.07522583007812
fear: 95.1109390258789
fear: 91.97874450683594
fear: 92.33869934082031
fear: 94.45549774169922
fear: 95.81362915039062
fear: 98.96263122558594
fear: 99.96601104736328
fear: 99.95899963378906
sad: 64.76949310302734
neutral: 83.52235412597656
neutral: 90.15867614746094
fear: 57.72609329223633
neutral: 63.840354919433594
sad: 61.25531768798828
sad: 79.00684356689453
sad: 95.45149230957031
sad: 86.80276489257812
sad: 86.96348571777344
happy: 73.985107421875
fear: 99.8542709350586
sad: 71.78073120117188
sad: 91.6259994506836
sad: 57.22548294067383
sad: 96.97816467285156
fear: 99.94541931152344
fear: 50.469505310058594
fear: 80.03459930419922
fear: 99.97970581054688
neutral: 94.62490844726562
neutral: 54.99365234375
neutral: 78.27005767822266
sad: 35.6722412109375
happy: 40.125091552734375
happy: 52.417503356933594
sad: 88.95481872558594
fear: 58.666316986083984
neutral: 92.16614532470703
surprise: 81.22856140136719
surprise: 76.6816177368164
sad: 41.05959701538086
sad: 52.0899772644043
happy: 97.0477066040039
happy: 70.18512725830078
happy: 56.9796257019043
happy: 64.10443878173828
happy: 84.43836212158203
surprise: 74.30978393554688
surprise: 63.00537109375
happy: 86.62638854980469
happy: 79.8423080444336
happy: 42.92997360229492
angry: 73.75251770019531
angry: 86.13085174560547
happy: 68.85615539550781
happy: 84.29574584960938
happy: 75.05158996582031
happy: 85.53516387939453
happy: 83.81304168701172
angry: 81.05691528320312
fear: 45.087764739990234
angry: 73.3924560546875
angry: 54.302268981933594
happy: 30.37534523010254
surprise: 43.28522872924805
angry: 50.106201171875
happy: 58.84153747558594
happy: 81.09808349609375
sad: 67.33719635009766
sad: 36.501949310302734
neutral: 55.15061569213867
sad: 48.949180603027344
fear: 51.50997543334961
sad: 56.64933776855469
sad: 52.46235275268555
happy: 96.2158432006836
neutral: 67.75070190429688
happy: 74.88597106933594
neutral: 71.4281234741211
sad: 99.99307250976562
neutral: 64.3629150390625
fear: 60.612571716308594
happy: 37.75484085083008
sad: 91.09687042236328
sad: 99.09732818603516
happy: 99.43050384521484
sad: 89.07237243652344
sad: 88.12029266357422
sad: 79.16960144042969
sad: 59.685462951660156
surprise: 63.2784538269043
sad: 62.3746337890625
fear: 97.41692352294922
sad: 82.63432312011719
sad: 92.42971801757812
sad: 79.25836181640625
sad: 51.95924758911133
happy: 99.45378875732422
surprise: 83.74799346923828
happy: 72.41791534423828
happy: 92.45769500732422
happy: 68.10353088378906
sad: 92.03523254394531
happy: 99.98377990722656
sad: 98.23697662353516
sad: 74.36360168457031
sad: 99.59223937988281
sad: 80.85457611083984
sad: 58.40755081176758
happy: 99.2247314453125
sad: 93.55122375488281
happy: 98.3213882446289
sad: 85.19713592529297
neutral: 72.73809051513672
neutral: 76.22235870361328
neutral: 52.5291633605957
happy: 96.40872955322266
happy: 55.667564392089844
neutral: 67.18037414550781
sad: 99.89601135253906
sad: 70.01262664794922
neutral: 47.2058219909668
sad: 88.18277740478516
neutral: 59.99992370605469
neutral: 50.896732330322266
neutral: 63.39434814453125
happy: 99.94049835205078
happy: 96.08818054199219
happy: 99.8424072265625
happy: 97.10265350341797
happy: 99.9635238647461
happy: 99.83673095703125
happy: 98.64171600341797
happy: 99.6260986328125
happy: 99.47138214111328
neutral: 90.66394805908203
neutral: 41.69140625
fear: 98.1158218383789
fear: 39.039493560791016
neutral: 40.762752532958984
neutral: 54.55076599121094
sad: 53.13731384277344
neutral: 51.60138702392578
neutral: 60.91851043701172
neutral: 75.87015533447266
sad: 42.075103759765625
neutral: 61.74689483642578
fear: 98.63676452636719
fear: 99.37531280517578
happy: 97.3631362915039
sad: 50.21367263793945
fear: 99.99557495117188
fear: 99.99613952636719
fear: 93.25669860839844
fear: 98.2232437133789
angry: 47.28955078125
fear: 99.22721099853516
fear: 99.9808120727539
fear: 99.93146514892578
surprise: 40.539852142333984
fear: 51.50824737548828
neutral: 51.08427429199219
neutral: 95.41422271728516
neutral: 83.07559967041016
neutral: 92.3251724243164
neutral: 81.63794708251953
fear: 99.2496337890625
happy: 99.91780853271484
neutral: 71.37747192382812
sad: 99.54625701904297
sad: 68.29446411132812
neutral: 48.6163215637207
fear: 99.00736999511719
fear: 99.91608428955078
fear: 73.53759765625
fear: 99.99017333984375
neutral: 74.3355712890625
fear: 97.57917785644531
fear: 98.4493408203125
fear: 99.99421691894531
fear: 94.26492309570312
fear: 98.9759521484375
neutral: 62.628028869628906
fear: 81.7186279296875
fear: 49.154762268066406
fear: 99.8887939453125
fear: 99.57304382324219
fear: 55.58120346069336
fear: 82.79183197021484
fear: 70.86878967285156
fear: 78.24775695800781
fear: 81.90750122070312
neutral: 74.9191665649414
neutral: 88.82301330566406
surprise: 76.9398193359375
fear: 83.3135986328125
fear: 95.37274932861328
fear: 70.93924713134766
fear: 93.97730255126953
fear: 94.20927429199219
neutral: 81.65074920654297
fear: 96.53820037841797
fear: 80.2884521484375
fear: 49.56358337402344
surprise: 74.1047592163086
fear: 77.04823303222656
fear: 46.377838134765625
neutral: 95.81173706054688
sad: 48.02708435058594
sad: 55.06220245361328
fear: 97.62435913085938
fear: 99.5228271484375
fear: 87.94696044921875
fear: 95.11631774902344
fear: 77.41706085205078
fear: 55.965187072753906
neutral: 99.57475280761719
neutral: 61.9159049987793
fear: 98.16749572753906
fear: 60.96029281616211
neutral: 95.78851318359375
neutral: 99.39852142333984
fear: 70.67768096923828
neutral: 99.74335479736328
fear: 66.46198272705078
neutral: 87.10833740234375
fear: 98.45794677734375
sad: 87.8277587890625
sad: 97.359130859375
sad: 75.25437927246094
fear: 95.63516998291016
sad: 55.94732666015625
fear: 72.96826934814453
fear: 73.44633483886719
fear: 89.25497436523438
fear: 87.46394348144531
fear: 60.8936767578125
neutral: 68.14058685302734
fear: 48.284141540527344
fear: 99.9510498046875
fear: 99.93072509765625
fear: 99.9314193725586
neutral: 60.21749496459961
surprise: 98.89043426513672
fear: 98.75753784179688
sad: 47.853424072265625
surprise: 70.44298553466797
sad: 65.56071472167969
fear: 95.24361419677734
neutral: 97.44866943359375
neutral: 98.4387435913086
fear: 63.46868896484375
neutral: 99.64816284179688
neutral: 98.82034301757812
neutral: 58.62693405151367
happy: 96.13128662109375
neutral: 83.5615005493164
fear: 73.66079711914062
fear: 87.79230499267578
fear: 76.68222045898438
sad: 50.40182876586914
fear: 72.58836364746094
neutral: 98.34426879882812
neutral: 98.1507568359375
neutral: 98.00072479248047
neutral: 99.31158447265625
sad: 93.8530502319336
happy: 65.58760070800781
sad: 63.82902145385742
happy: 93.45420837402344
happy: 97.18316650390625
happy: 98.99581146240234
happy: 78.44622039794922
happy: 91.51388549804688
neutral: 82.84391021728516
neutral: 94.36434173583984
happy: 51.162391662597656
happy: 97.21038818359375
happy: 92.97415924072266
happy: 93.41377258300781
happy: 97.86841583251953
happy: 91.14325714111328
happy: 92.3141860961914
happy: 99.18163299560547
happy: 95.68901824951172
neutral: 98.73983001708984
fear: 99.59468078613281
fear: 99.040283203125
sad: 75.08893585205078
happy: 50.39751434326172
happy: 99.4854507446289
happy: 99.2350082397461
happy: 99.99163055419922
sad: 72.95256805419922
neutral: 93.80651092529297
neutral: 71.62385559082031
neutral: 81.57799530029297
fear: 85.49535369873047
fear: 99.95960235595703
happy: 99.97803497314453
neutral: 99.89716339111328
sad: 46.1928825378418
neutral: 99.76697540283203
happy: 96.80342102050781
sad: 96.32327270507812
sad: 48.750389099121094
neutral: 95.47782897949219
neutral: 98.01212310791016
neutral: 98.7295913696289
neutral: 75.1733169555664
fear: 70.94422912597656
neutral: 86.34202575683594
neutral: 98.4566650390625
happy: 99.77472686767578
happy: 99.95584869384766
happy: 80.07599639892578
happy: 98.29185485839844
happy: 99.9967041015625
neutral: 99.78673553466797
neutral: 93.1454849243164
neutral: 78.85671997070312
neutral: 81.26880645751953
neutral: 43.4727783203125
sad: 42.1627082824707
sad: 44.92524719238281
neutral: 93.44268798828125
neutral: 53.92072296142578
neutral: 81.40030670166016
sad: 95.43433380126953
neutral: 61.41874313354492
fear: 67.40592956542969
fear: 71.81568908691406
fear: 59.005340576171875
sad: 38.60319900512695
neutral: 64.33213806152344
sad: 79.04371643066406
fear: 51.49272918701172
happy: 53.86214828491211
sad: 83.67656707763672
fear: 99.79595184326172
fear: 98.24663543701172
fear: 94.01014709472656
fear: 98.11665344238281
fear: 91.4211654663086
happy: 87.62822723388672
fear: 86.33185577392578
sad: 91.1469497680664
fear: 36.32443618774414
fear: 98.81480407714844
fear: 49.37310791015625
neutral: 76.84180450439453
neutral: 48.520164489746094
neutral: 45.94094467163086
neutral: 75.60655212402344
sad: 45.9981575012207
fear: 53.2548828125
sad: 46.27601623535156
sad: 53.989566802978516
sad: 37.524024963378906
sad: 47.428287506103516
happy: 99.99923706054688
sad: 41.42292404174805
fear: 51.723854064941406
sad: 51.510772705078125
sad: 47.96177291870117
happy: 97.09419250488281
happy: 96.13253784179688
happy: 99.68185424804688
neutral: 38.19084167480469
happy: 98.61441802978516
happy: 96.23346710205078
happy: 98.42247009277344
happy: 98.64360046386719
sad: 42.448177337646484
neutral: 59.573543548583984
sad: 49.3486213684082
angry: 43.6792106628418
neutral: 39.289154052734375
sad: 43.34336471557617
neutral: 40.609344482421875
neutral: 57.29571533203125
happy: 99.98308563232422
sad: 98.9045639038086
neutral: 90.58457946777344
sad: 96.83280944824219
neutral: 65.29012298583984
neutral: 99.50654602050781
neutral: 96.69480895996094
fear: 47.9152717590332
neutral: 99.81053161621094
happy: 99.99816131591797
angry: 32.78740310668945
neutral: 58.198707580566406
neutral: 70.04637145996094
neutral: 74.37834930419922
neutral: 76.36856079101562
neutral: 72.08806610107422
happy: 94.216552734375
neutral: 99.99992370605469
neutral: 99.99993133544922
neutral: 99.99971008300781
neutral: 99.99848175048828
neutral: 99.98739624023438
neutral: 99.98601531982422
sad: 38.38168716430664
sad: 48.52289962768555
sad: 62.41727828979492
neutral: 44.15921401977539
neutral: 62.50522232055664
neutral: 89.17102813720703
neutral: 93.52347564697266
sad: 94.32778930664062
neutral: 86.59818267822266
neutral: 55.05046081542969
sad: 99.91584014892578
sad: 83.23394775390625
sad: 98.9757080078125
neutral: 90.1342544555664
neutral: 65.41934967041016
neutral: 34.14743423461914
neutral: 68.95121002197266
fear: 52.28413772583008
neutral: 39.74783706665039
neutral: 40.197208404541016
sad: 41.302059173583984
neutral: 42.86073684692383
sad: 55.65309143066406
sad: 50.62954330444336
sad: 27.973438262939453
neutral: 30.26632308959961
sad: 43.451229095458984
fear: 70.06293487548828
fear: 39.898193359375
fear: 50.563209533691406
sad: 36.69598388671875
happy: 87.32927703857422
sad: 31.564170837402344
sad: 56.49009323120117
happy: 62.34788513183594
happy: 99.77421569824219
happy: 99.99845886230469
neutral: 71.74108123779297
sad: 36.403324127197266
sad: 62.29914855957031
happy: 98.74787139892578
neutral: 42.28754425048828
happy: 99.71180725097656
happy: 99.68098449707031
happy: 98.94196319580078
happy: 99.99182891845703
happy: 99.99768829345703
happy: 99.99551391601562
happy: 99.99307250976562
sad: 64.45408630371094
neutral: 78.2455825805664
happy: 99.99712371826172
happy: 99.53478240966797
sad: 47.62376022338867
happy: 99.9622802734375
happy: 99.88306427001953
angry: 49.89646530151367
happy: 99.9601058959961
happy: 99.98950958251953
happy: 99.99357604980469
sad: 53.28658676147461
sad: 37.68315505981445
neutral: 59.44091796875
happy: 99.99205780029297
happy: 99.87261199951172
happy: 99.97454071044922
happy: 99.99241638183594
sad: 58.66832733154297
happy: 98.4124984741211
happy: 99.98014831542969
happy: 99.17794036865234
happy: 99.94245147705078
happy: 99.99088287353516
happy: 99.99381256103516
angry: 82.57353210449219
happy: 99.99686431884766
sad: 80.26258850097656
neutral: 64.9237289428711
angry: 50.474327087402344
sad: 97.87858581542969
happy: 72.48283386230469
happy: 97.54779815673828
happy: 75.3849105834961
sad: 61.68536376953125
sad: 81.25880432128906
sad: 91.61318969726562
neutral: 83.37060546875
sad: 96.78689575195312
neutral: 60.9349250793457
sad: 49.5944709777832
neutral: 61.779415130615234
sad: 49.3956298828125
neutral: 46.57310485839844
neutral: 46.4896240234375
sad: 47.99369812011719
sad: 66.74333190917969
neutral: 74.68804931640625
angry: 42.76851272583008
angry: 86.78858184814453
angry: 84.89126586914062
angry: 84.4815673828125
happy: 36.32176971435547
neutral: 71.08409881591797
angry: 88.9616470336914
angry: 91.86001586914062
happy: 96.46054077148438
angry: 66.59899139404297
happy: 81.8414535522461
happy: 61.4783935546875
neutral: 83.3981704711914
happy: 89.69718170166016
neutral: 92.11054992675781
happy: 73.8261489868164
neutral: 94.67340850830078
neutral: 86.84381103515625
neutral: 89.56188201904297
happy: 88.86609649658203
happy: 62.27581024169922
neutral: 85.25616455078125
neutral: 60.39310836791992
neutral: 84.67807006835938
neutral: 58.05900192260742
happy: 63.55869674682617
neutral: 65.34309387207031
happy: 62.7354621887207
neutral: 87.45597839355469
fear: 92.83314514160156
sad: 71.96446228027344
neutral: 78.64868927001953
sad: 43.4719123840332
sad: 72.79080963134766
sad: 45.030059814453125
sad: 56.60684585571289
fear: 58.81616973876953
sad: 69.08053588867188
fear: 91.47978210449219
fear: 60.049556732177734
fear: 39.730628967285156
neutral: 40.58271026611328
fear: 96.82600402832031
fear: 63.916507720947266
sad: 56.27237319946289
sad: 70.11466979980469
sad: 97.74797058105469
neutral: 88.8191146850586
sad: 47.12391662597656
neutral: 74.3780288696289
sad: 36.05829620361328
neutral: 50.784080505371094
sad: 62.70586395263672
neutral: 69.02275085449219
sad: 49.020877838134766
sad: 80.30049896240234
fear: 99.3858413696289
neutral: 72.82412719726562
fear: 97.077392578125
neutral: 94.41436767578125
fear: 71.53179931640625
sad: 47.27801513671875
sad: 55.34788513183594
neutral: 93.15203094482422
neutral: 90.09212493896484
neutral: 75.61841583251953
neutral: 64.7421646118164
neutral: 47.70917892456055
neutral: 51.63762283325195
neutral: 82.81521606445312
neutral: 58.434635162353516
neutral: 96.09429168701172
neutral: 60.896976470947266
neutral: 74.52823638916016
neutral: 74.44645690917969
sad: 73.64954376220703
sad: 42.01942443847656
neutral: 61.24129867553711
neutral: 61.68576431274414
neutral: 89.57324981689453
neutral: 94.12967681884766
neutral: 77.0644760131836
sad: 81.64441680908203
happy: 38.09663391113281
sad: 59.14154815673828
neutral: 90.41230773925781
neutral: 98.34571838378906
neutral: 74.40962219238281
neutral: 97.45310974121094
neutral: 49.74317169189453
neutral: 94.25972747802734
sad: 53.09307098388672
neutral: 84.16412353515625
neutral: 93.59972381591797
sad: 62.62940216064453
sad: 56.78605651855469
sad: 46.42938995361328
neutral: 90.70228576660156
neutral: 75.27323913574219
neutral: 77.33964538574219
neutral: 63.34912872314453
neutral: 77.15918731689453
neutral: 86.47732543945312
neutral: 62.604339599609375
sad: 80.06246948242188
sad: 81.32501220703125
neutral: 70.76448059082031
sad: 46.00783157348633
fear: 99.38465881347656
fear: 43.26415252685547
sad: 46.28239440917969
sad: 52.93556594848633
fear: 78.61026763916016
neutral: 70.76985931396484
fear: 95.06908416748047
neutral: 93.17510223388672
neutral: 91.0311279296875
neutral: 73.71623992919922
neutral: 54.55250549316406
neutral: 81.75556182861328
sad: 52.27368927001953
neutral: 47.85093688964844
neutral: 47.162200927734375
sad: 71.8724136352539
neutral: 59.085548400878906
fear: 60.827449798583984
neutral: 52.75615310668945
neutral: 80.43327331542969
neutral: 87.90774536132812
sad: 52.45436477661133
neutral: 83.49706268310547
angry: 46.700923919677734
fear: 66.88642883300781
fear: 87.57693481445312
sad: 76.91898345947266
fear: 64.19402313232422
fear: 99.9772720336914
neutral: 63.82735824584961
neutral: 50.13307571411133
neutral: 77.50569152832031
surprise: 84.0246810913086
surprise: 80.63714599609375
neutral: 65.79814910888672
neutral: 63.04838562011719
surprise: 66.48114013671875
neutral: 40.59288787841797
surprise: 42.84187316894531
neutral: 46.896915435791016
surprise: 38.97197723388672
surprise: 99.17382049560547
sad: 93.8851089477539
angry: 93.66837310791016
angry: 87.20042419433594
surprise: 42.59148406982422
fear: 95.01483154296875
angry: 76.95733642578125
angry: 76.76824188232422
angry: 81.69164276123047
fear: 99.40171813964844
surprise: 80.08162689208984
angry: 98.5635757446289
fear: 96.68165588378906
fear: 93.83761596679688
fear: 89.26502227783203
fear: 93.97669982910156
fear: 57.27167892456055
surprise: 97.62432098388672
fear: 82.11455535888672
sad: 43.86434555053711
sad: 59.345458984375
sad: 89.73084259033203
sad: 71.19320678710938
angry: 70.42813110351562
surprise: 51.0372200012207
surprise: 95.98342895507812
surprise: 99.36035919189453
surprise: 75.87201690673828
surprise: 99.64268493652344
surprise: 98.9725112915039
surprise: 94.35234832763672
fear: 47.28945541381836
surprise: 93.84886932373047
sad: 80.69720458984375
fear: 99.24015808105469
sad: 85.52438354492188
fear: 95.22331237792969
fear: 68.68904876708984
sad: 98.69898986816406
sad: 78.58366394042969
sad: 99.37002563476562
fear: 75.77952575683594
fear: 95.47297668457031
fear: 84.90375518798828
fear: 50.22280502319336
angry: 89.54874420166016
neutral: 71.38597106933594
sad: 99.45613861083984
sad: 83.28064727783203
sad: 98.20520782470703
fear: 92.61041259765625
fear: 97.83226776123047
happy: 99.99992370605469
happy: 100.0
happy: 100.0
sad: 78.30512237548828
sad: 98.23351287841797
fear: 54.80256271362305
sad: 83.3009262084961
fear: 90.24063873291016
sad: 60.94690704345703
sad: 72.29485321044922
happy: 35.13215255737305
happy: 37.51585388183594
happy: 42.252349853515625
happy: 27.288970947265625
surprise: 45.087493896484375
neutral: 45.94474411010742
sad: 96.85063171386719
fear: 53.52275466918945
fear: 99.3499755859375
fear: 54.47757339477539
fear: 99.82685852050781
happy: 58.43450164794922
fear: 93.72220611572266
neutral: 99.42864990234375
fear: 99.89763641357422
fear: 99.83772277832031
fear: 99.9974365234375
fear: 99.99947357177734
fear: 99.99862670898438
fear: 52.45346450805664
neutral: 88.80756378173828
neutral: 79.6170883178711
neutral: 79.15486907958984
happy: 71.76187133789062
sad: 61.23969268798828
neutral: 53.91313552856445
neutral: 97.35503387451172
neutral: 90.09835815429688
neutral: 95.26590728759766
sad: 93.23076629638672
neutral: 97.86831665039062
sad: 97.00202178955078
sad: 87.21456909179688
sad: 96.21834564208984
sad: 98.33882904052734
happy: 89.01273345947266
fear: 68.81969451904297
neutral: 69.17262268066406
surprise: 52.36082077026367
neutral: 82.61011505126953
neutral: 50.5656852722168
neutral: 82.13260650634766
neutral: 59.395790100097656
neutral: 82.67249298095703
neutral: 77.54081726074219
happy: 99.82268524169922
neutral: 54.35528564453125
fear: 65.44934844970703
sad: 42.988468170166016
sad: 66.14405822753906
neutral: 32.203617095947266
sad: 44.627017974853516
sad: 57.07509231567383
sad: 47.34282684326172
sad: 54.75420379638672
sad: 52.200679779052734
sad: 43.07234191894531
sad: 50.001258850097656
sad: 63.71804428100586
sad: 89.09698486328125
sad: 94.42942810058594
sad: 70.62737274169922
fear: 54.7809944152832
sad: 98.7009506225586
sad: 96.20132446289062
sad: 64.96430969238281
sad: 59.933197021484375
sad: 92.54296875
sad: 66.59552764892578
sad: 65.72221374511719
sad: 68.54126739501953
neutral: 77.50697326660156
sad: 70.57656860351562
sad: 59.151180267333984
sad: 99.5440902709961
sad: 89.33531951904297
sad: 70.63350677490234
sad: 76.5968017578125
sad: 63.50871276855469
fear: 64.86861419677734
neutral: 54.05670928955078
neutral: 78.89527893066406
neutral: 97.54537200927734
neutral: 62.31427001953125
neutral: 64.54277801513672
neutral: 99.95983123779297
neutral: 70.95613098144531
sad: 66.67684173583984
sad: 67.65625762939453
sad: 39.40848922729492
angry: 60.535526275634766
angry: 49.946922302246094
angry: 46.150115966796875
neutral: 99.00188446044922
fear: 73.51702880859375
sad: 43.274330139160156
sad: 48.344093322753906
fear: 42.096824645996094
neutral: 45.219486236572266
neutral: 84.76004028320312
neutral: 90.05863952636719
neutral: 59.9085578918457
sad: 55.266746520996094
sad: 79.86801147460938
fear: 55.408851623535156
neutral: 75.89572143554688
sad: 73.23172760009766
neutral: 63.51800537109375
neutral: 75.31327056884766
neutral: 62.705718994140625
neutral: 96.51012420654297
neutral: 99.95055389404297
happy: 99.9990234375
neutral: 75.83708190917969
sad: 62.90422058105469
neutral: 99.09957885742188
sad: 86.9186782836914
happy: 48.56689453125
sad: 58.97142028808594
fear: 71.80448913574219
neutral: 83.88741302490234
fear: 50.88874053955078
fear: 89.08988952636719
fear: 76.53474426269531
sad: 53.606201171875
sad: 67.01939392089844
fear: 58.2290153503418
neutral: 62.285186767578125
neutral: 39.217140197753906
neutral: 64.8680419921875
neutral: 74.37332916259766
neutral: 81.50685119628906
sad: 64.20663452148438
sad: 53.89749526977539
sad: 70.94308471679688
sad: 94.81822967529297
sad: 52.87403869628906
sad: 54.92207717895508
neutral: 56.440399169921875
sad: 58.663238525390625
neutral: 94.33202362060547
neutral: 54.18836975097656
sad: 67.81201171875
sad: 69.74166870117188
sad: 67.01057434082031
sad: 83.1825180053711
neutral: 39.417274475097656
sad: 96.90760803222656
sad: 96.12568664550781
sad: 94.0779800415039
fear: 69.46898651123047
sad: 97.14380645751953
fear: 99.76443481445312
fear: 99.54032135009766
fear: 97.76470184326172
sad: 41.057334899902344
neutral: 63.1692008972168
neutral: 93.81739807128906
sad: 55.4420280456543
neutral: 98.14442443847656
neutral: 92.20675659179688
fear: 63.26694107055664
sad: 96.96939086914062
sad: 77.19606018066406
neutral: 96.59452819824219
neutral: 43.81537628173828
sad: 61.00322723388672
neutral: 83.48443603515625
fear: 53.28851318359375
sad: 71.7925796508789
surprise: 90.51593017578125
neutral: 89.70344543457031
neutral: 88.66769409179688
sad: 57.25127029418945
sad: 60.95079040527344
happy: 77.95213317871094
sad: 56.88135528564453
sad: 83.39746856689453
sad: 64.21800231933594
sad: 55.8213996887207
sad: 72.24015808105469
sad: 75.64077758789062
sad: 70.70518493652344
sad: 81.04350280761719
sad: 63.0819206237793
neutral: 52.548500061035156
neutral: 50.97350311279297
sad: 94.09654235839844
neutral: 99.95864868164062
sad: 69.7105941772461
neutral: 73.52730560302734
fear: 78.42027282714844
fear: 65.42514038085938
angry: 66.31458282470703
angry: 89.16209411621094
neutral: 57.59208679199219
fear: 93.13430786132812
fear: 96.8413314819336
fear: 95.07768249511719
fear: 82.01580047607422
fear: 84.90570068359375
fear: 91.17727661132812
fear: 95.19541931152344
angry: 37.5222282409668
fear: 63.16341781616211
sad: 99.91801452636719
neutral: 70.17428588867188
sad: 95.59537506103516
sad: 99.35432434082031
neutral: 67.03092956542969
sad: 99.47386169433594
sad: 99.28206634521484
neutral: 96.50093078613281
happy: 99.00373840332031
happy: 88.19505310058594
sad: 62.158626556396484
neutral: 59.65176773071289
happy: 92.05738830566406
happy: 93.36557006835938
happy: 98.86559295654297
happy: 98.17168426513672
happy: 99.9752197265625
fear: 74.12125396728516
happy: 99.37186431884766
fear: 53.771907806396484
happy: 99.73021697998047
happy: 98.50080108642578
sad: 36.09309768676758
happy: 80.88066101074219
happy: 99.86945343017578
sad: 89.52095031738281
sad: 97.95650482177734
sad: 90.0624008178711
sad: 73.51997375488281
sad: 61.61307144165039
sad: 78.94207763671875
sad: 98.43334197998047
happy: 99.98989868164062
happy: 99.99445343017578
happy: 99.97016143798828
happy: 99.99886322021484
happy: 99.9863510131836
happy: 99.99993896484375
happy: 99.45417785644531
fear: 52.10616683959961
sad: 90.96040344238281
happy: 76.18180084228516
happy: 98.87255859375
sad: 99.78608703613281
sad: 99.29200744628906
sad: 85.68711853027344
sad: 89.73754119873047
sad: 51.66078186035156
angry: 96.07652282714844
sad: 35.97261428833008
sad: 57.482051849365234
neutral: 41.91396713256836
neutral: 70.33301544189453
sad: 72.43634796142578
neutral: 39.70429611206055
happy: 79.55947875976562
happy: 65.92863464355469
neutral: 48.448143005371094
sad: 52.48417663574219
neutral: 36.44110870361328
neutral: 48.41353225708008
neutral: 65.0323257446289
sad: 70.5037841796875
sad: 46.60375213623047
sad: 83.01786041259766
sad: 67.50060272216797
sad: 82.59221649169922
sad: 80.64051055908203
neutral: 54.16886901855469
sad: 63.76530456542969
sad: 60.936466217041016
neutral: 51.101810455322266
sad: 58.47252655029297
sad: 50.05300521850586
neutral: 67.61064910888672
neutral: 61.77885055541992
sad: 67.9327621459961
neutral: 99.40625762939453
neutral: 60.40584945678711
neutral: 98.10686492919922
neutral: 99.8308334350586
fear: 99.64994812011719
sad: 94.74121856689453
sad: 58.82719802856445
sad: 47.39807891845703
sad: 92.45246124267578
fear: 83.30376434326172
angry: 71.81501007080078
fear: 83.9316177368164
fear: 47.47058868408203
neutral: 95.67633056640625
angry: 45.915245056152344
neutral: 61.468814849853516
neutral: 79.73652648925781
neutral: 59.145992279052734
sad: 57.068687438964844
neutral: 49.05666732788086
neutral: 84.13191223144531
sad: 81.1585693359375
sad: 65.11751556396484
sad: 83.75386047363281
sad: 62.45145034790039
sad: 83.22510528564453
sad: 78.52967834472656
sad: 41.882286071777344
sad: 36.91533660888672
happy: 65.69087219238281
neutral: 76.64535522460938
sad: 77.98920440673828
neutral: 61.9589729309082
sad: 43.77691650390625
sad: 56.6245002746582
sad: 61.752899169921875
sad: 64.21422576904297
sad: 82.18450164794922
sad: 58.49008560180664
sad: 57.192562103271484
sad: 57.9351692199707
neutral: 41.142356872558594
neutral: 52.588409423828125
neutral: 50.187896728515625
sad: 53.17147445678711
sad: 56.541961669921875
sad: 37.78787612915039
neutral: 64.0262451171875
fear: 54.08304977416992
sad: 48.85104751586914
sad: 51.36416244506836
fear: 61.39726257324219
sad: 52.5379638671875
fear: 74.09696960449219
sad: 44.17692184448242
neutral: 54.28915023803711
neutral: 54.53142547607422
neutral: 50.822715759277344
sad: 53.524391174316406
sad: 51.408905029296875
fear: 51.193721771240234
sad: 84.22761535644531
sad: 74.92988586425781
sad: 51.43712615966797
sad: 61.26013946533203
sad: 95.22209167480469
neutral: 43.8709602355957
sad: 54.978240966796875
sad: 94.08638763427734
fear: 46.525474548339844
neutral: 77.80221557617188
neutral: 56.35464859008789
sad: 94.74048614501953
fear: 53.049442291259766
sad: 96.02537536621094
sad: 89.88302612304688
sad: 93.94857025146484
sad: 42.80936050415039
sad: 50.885467529296875
neutral: 42.564632415771484
sad: 65.742919921875
sad: 38.75147247314453
sad: 96.51151275634766
sad: 46.195255279541016
neutral: 59.80915832519531
neutral: 47.2556037902832
sad: 94.41488647460938
sad: 38.94211196899414
sad: 51.22522735595703
sad: 47.639991760253906
sad: 53.54166030883789
neutral: 60.57572937011719
sad: 70.75961303710938
fear: 88.33187103271484
sad: 98.08671569824219
fear: 88.5608901977539
sad: 47.626651763916016
sad: 86.882568359375
sad: 58.69342803955078
sad: 61.60485076904297
sad: 59.41648483276367
neutral: 75.88204956054688
neutral: 97.4570083618164
sad: 57.075523376464844
sad: 74.3087158203125
sad: 73.543701171875
fear: 52.03401565551758
sad: 44.34615707397461
sad: 88.19418334960938
happy: 99.71467590332031
sad: 61.753360748291016
sad: 50.62808609008789
sad: 81.80049133300781
sad: 45.90079116821289
sad: 61.473350524902344
fear: 63.43851852416992
sad: 56.11959457397461
sad: 88.49384307861328
fear: 91.49173736572266
happy: 86.2967300415039
neutral: 36.38903045654297
sad: 72.52672576904297
fear: 43.45480728149414
sad: 65.96981811523438
fear: 43.85865020751953
sad: 76.70747375488281
happy: 99.94583129882812
neutral: 99.39348602294922
neutral: 99.97547149658203
sad: 46.720794677734375
sad: 68.59614562988281
sad: 71.04573059082031
sad: 61.091590881347656
happy: 98.72845458984375
happy: 69.13953399658203
sad: 99.7232894897461
happy: 99.9656982421875
fear: 99.97539520263672
fear: 99.70665740966797
fear: 99.79730987548828
fear: 99.904541015625
fear: 98.9703598022461
fear: 98.23184967041016
fear: 84.6732177734375
fear: 86.12619018554688
fear: 97.73804473876953
happy: 53.92499923706055
fear: 55.81818771362305
fear: 98.81771087646484
fear: 99.36590576171875
fear: 99.7969741821289
fear: 99.84205627441406
happy: 99.99641418457031
sad: 66.27166748046875
sad: 62.959503173828125
happy: 60.11840057373047
neutral: 77.6247329711914
happy: 89.30236053466797
happy: 88.203857421875
neutral: 96.3010482788086
happy: 99.99935150146484
happy: 99.9908447265625
happy: 83.18762969970703
neutral: 81.72098541259766
fear: 81.60159301757812
sad: 85.73506164550781
sad: 96.88468170166016
fear: 34.24988555908203
fear: 37.56123733520508
fear: 66.85575866699219
sad: 50.0465202331543
sad: 47.004150390625
sad: 46.21894454956055
neutral: 82.04276275634766
happy: 91.18644714355469
neutral: 56.493804931640625
sad: 39.04369354248047
sad: 99.94584655761719
sad: 88.10236358642578
sad: 48.159141540527344
sad: 43.773590087890625
sad: 56.82108688354492
sad: 67.25704956054688
sad: 49.5135383605957
neutral: 39.533267974853516
sad: 54.071964263916016
sad: 70.8390884399414
fear: 64.74869537353516
sad: 99.23565673828125
sad: 61.13797378540039
sad: 86.3216781616211
fear: 47.16331481933594
sad: 86.00680541992188
sad: 41.300174713134766
neutral: 41.79017639160156
neutral: 67.67878723144531
sad: 99.97314453125
sad: 75.30552673339844
sad: 86.4421615600586
sad: 64.34419250488281
fear: 91.31726837158203
sad: 55.4754753112793
fear: 67.15625
sad: 73.1280288696289
fear: 47.6190185546875
fear: 99.99097442626953
sad: 77.50444030761719
sad: 72.06109619140625
sad: 59.985660552978516
sad: 75.2248306274414
fear: 49.247840881347656
sad: 87.99152374267578
angry: 71.1368637084961
fear: 99.99124908447266
sad: 66.90447998046875
sad: 80.2923355102539
angry: 94.52996063232422
angry: 45.91893005371094
fear: 60.77784729003906
fear: 99.9883041381836
angry: 68.3777084350586
angry: 47.09183120727539
sad: 67.18455505371094
disgust: 86.51793670654297
angry: 41.056968688964844
fear: 99.9974594116211
sad: 57.43196487426758
fear: 99.90413665771484
fear: 98.268798828125
fear: 98.51161193847656
fear: 99.4812240600586
fear: 99.81877136230469
fear: 98.7343521118164
fear: 94.70378875732422
fear: 95.20448303222656
fear: 99.96869659423828
angry: 71.74656677246094
fear: 98.90396118164062
fear: 69.31761169433594
fear: 91.3199691772461
fear: 99.56543731689453
fear: 99.99250030517578
sad: 95.97965240478516
neutral: 61.278934478759766
sad: 79.98308563232422
sad: 92.319580078125
sad: 79.71251678466797
fear: 99.84578704833984
sad: 75.33973693847656
sad: 70.97588348388672
sad: 58.97819900512695
sad: 94.88676452636719
fear: 99.87065887451172
fear: 99.60514831542969
fear: 99.8189697265625
fear: 99.97462463378906
fear: 99.97810363769531
fear: 99.98121643066406
fear: 99.9504623413086
sad: 71.5864486694336
happy: 92.14168548583984
fear: 99.41263580322266
happy: 79.52583312988281
fear: 91.65835571289062
fear: 98.53070831298828
fear: 97.1485366821289
happy: 51.12346267700195
fear: 84.86151885986328
angry: 59.72660446166992
fear: 95.93022918701172
fear: 97.48990631103516
fear: 95.95257568359375
angry: 43.43467330932617
sad: 99.81881713867188
neutral: 84.49275970458984
sad: 99.48097229003906
fear: 97.8940658569336
sad: 99.45452117919922
sad: 88.32357788085938
sad: 77.94490814208984
sad: 97.1248779296875
sad: 78.69837188720703
sad: 92.53245544433594
sad: 94.81864929199219
sad: 98.11956787109375
sad: 94.5541000366211
sad: 71.3812255859375
sad: 98.60639190673828
sad: 98.66387939453125
sad: 98.26634216308594
sad: 97.47461700439453
sad: 97.14667510986328
sad: 46.3099365234375
sad: 99.42388153076172
sad: 93.1585693359375
sad: 99.86262512207031
neutral: 98.49636840820312
happy: 95.02039337158203
angry: 82.04298400878906
happy: 87.5803451538086
sad: 91.06021118164062
sad: 86.6473617553711
sad: 94.96321868896484
fear: 64.34620666503906
neutral: 99.4998550415039
happy: 98.83060455322266
sad: 87.6592025756836
happy: 99.99320220947266
fear: 99.17310333251953
fear: 98.15406036376953
fear: 96.61024475097656
happy: 95.95510864257812
happy: 89.27428436279297
happy: 82.37971496582031
happy: 89.7367172241211
fear: 87.70338439941406
fear: 96.44580841064453
fear: 99.99419403076172
fear: 99.9927978515625
happy: 94.380615234375
fear: 99.37322235107422
fear: 49.38613510131836
fear: 67.60889434814453
fear: 47.662986755371094
sad: 70.81131744384766
sad: 99.89849090576172
fear: 94.48726654052734
sad: 99.11884307861328
sad: 99.51972198486328
happy: 95.64881134033203
sad: 79.9420394897461
happy: 99.58979797363281
happy: 68.93111419677734
happy: 99.99525451660156
happy: 99.6579360961914
happy: 77.71326446533203
sad: 95.392822265625
neutral: 85.82943725585938
happy: 80.79589080810547
happy: 92.45663452148438
sad: 57.984779357910156
sad: 69.98371124267578
happy: 59.03973388671875
happy: 99.81219482421875
happy: 86.80361938476562
fear: 99.58096313476562
sad: 90.14281463623047
sad: 95.4072494506836
sad: 89.17634582519531
sad: 80.06511688232422
happy: 93.19053649902344
sad: 92.34580993652344
sad: 96.68191528320312
happy: 99.98811340332031
happy: 99.59123992919922
happy: 51.885986328125
happy: 49.96413803100586
sad: 57.4043083190918
sad: 91.93395233154297
sad: 57.7298583984375
sad: 99.46707153320312
sad: 70.5672836303711
sad: 94.13093566894531
sad: 46.196773529052734
sad: 46.46361541748047
sad: 76.51933288574219
sad: 79.31404113769531
angry: 70.09085083007812
angry: 99.55762481689453
happy: 99.94261169433594
happy: 99.92686462402344
sad: 98.9899673461914
happy: 70.71748352050781
sad: 98.5238265991211
happy: 99.99308013916016
sad: 85.3138427734375
sad: 83.13955688476562
happy: 99.99290466308594
happy: 99.35441589355469
sad: 99.36666870117188
sad: 86.52655792236328
happy: 66.96634674072266
sad: 99.66321563720703
sad: 37.939693450927734
neutral: 42.28565979003906
happy: 82.4632339477539
sad: 94.8130874633789
sad: 85.77915954589844
sad: 76.85588073730469
happy: 99.99440002441406
sad: 99.8182144165039
sad: 90.68890380859375
sad: 99.91133880615234
sad: 99.3615493774414
sad: 99.9653091430664
sad: 98.97156524658203
sad: 97.80511474609375
sad: 97.95942687988281
neutral: 54.79441452026367
happy: 62.36671829223633
sad: 98.5907974243164
happy: 99.8280029296875
sad: 82.6822509765625
happy: 99.01888275146484
sad: 76.96810913085938
happy: 51.197120666503906
sad: 88.34089660644531
sad: 70.36046600341797
neutral: 48.07673645019531
happy: 99.96450805664062
happy: 99.86254119873047
happy: 97.64912414550781
happy: 95.64630889892578
happy: 83.60543823242188
happy: 93.12651062011719
happy: 73.8958740234375
sad: 59.0577278137207
sad: 95.90727233886719
sad: 75.68247985839844
sad: 98.71514892578125
sad: 94.58406829833984
sad: 50.314510345458984
happy: 82.25091552734375
happy: 97.88287353515625
happy: 65.62834167480469
happy: 70.22899627685547
fear: 99.9881362915039
happy: 99.96723937988281
sad: 79.71984100341797
sad: 85.84402465820312
happy: 98.32360076904297
happy: 76.11439514160156
happy: 99.86397552490234
happy: 99.99921417236328
happy: 99.65123748779297
happy: 97.3515853881836
happy: 79.33727264404297
happy: 93.64653778076172
happy: 98.5348892211914
happy: 77.27884674072266
happy: 70.81339263916016
happy: 51.14454650878906
happy: 62.23524475097656
sad: 99.80968475341797
sad: 77.77311706542969
neutral: 89.95902252197266
happy: 99.87205505371094
happy: 99.50982666015625
happy: 97.83860778808594
happy: 99.9818344116211
sad: 77.62985229492188
happy: 99.94646453857422
angry: 94.8358154296875
sad: 98.78025817871094
happy: 90.9172134399414
sad: 51.39191818237305
happy: 98.29673767089844
neutral: 49.30509948730469
neutral: 98.5138168334961
sad: 99.54241180419922
sad: 97.56299591064453
sad: 99.23626708984375
sad: 99.6306381225586
sad: 89.97029876708984
sad: 99.38549041748047
sad: 97.95777893066406
fear: 99.96873474121094
neutral: 40.60531234741211
sad: 99.99860382080078
sad: 99.39405059814453
happy: 80.0752182006836
sad: 98.01214599609375
angry: 99.80791473388672
sad: 90.43350219726562
sad: 99.93953704833984
sad: 98.69345092773438
sad: 99.82073974609375
sad: 99.94025421142578
sad: 42.2938346862793
happy: 99.94772338867188
angry: 95.75737762451172
sad: 89.58397674560547
happy: 83.5378189086914
happy: 94.3955307006836
happy: 93.71267700195312
sad: 99.92074584960938
happy: 97.57568359375
happy: 99.99076080322266
happy: 76.43854522705078
fear: 47.882415771484375
sad: 99.99275207519531
sad: 97.11518859863281
sad: 99.6990966796875
sad: 98.2087173461914
sad: 98.34549713134766
neutral: 66.23250579833984
angry: 44.95344924926758
sad: 99.63674926757812
sad: 99.94241333007812
happy: 53.204795837402344
happy: 95.81505584716797
sad: 99.09126281738281
sad: 83.55709075927734
sad: 99.98027801513672
disgust: 46.69776153564453
sad: 99.99984741210938
sad: 99.99881744384766
sad: 86.66696166992188
sad: 99.95023345947266
angry: 99.49459075927734
happy: 99.90270233154297
happy: 54.870574951171875
happy: 99.99932861328125
happy: 99.99925994873047
happy: 99.99598693847656
sad: 92.9621810913086
happy: 92.98019409179688
sad: 99.99885559082031
angry: 96.6617431640625
sad: 92.3145751953125
sad: 56.923797607421875
sad: 44.46293258666992
angry: 98.6962661743164
sad: 99.75326538085938
sad: 99.92961883544922
sad: 99.98748016357422
sad: 99.76028442382812
sad: 99.99817657470703
sad: 99.93778228759766
sad: 99.92656707763672
sad: 99.99820709228516
sad: 99.97698974609375
sad: 99.95667266845703
sad: 99.76419067382812
sad: 99.6784439086914
sad: 99.84651947021484
sad: 99.795166015625
sad: 99.99222564697266
happy: 97.94116973876953
sad: 92.86996459960938
sad: 99.18353271484375
happy: 62.89303970336914
sad: 95.16755676269531
sad: 99.98220825195312
sad: 99.93506622314453
sad: 99.99712371826172
sad: 99.99961853027344
sad: 99.99766540527344
sad: 99.98967742919922
sad: 99.9996566772461
sad: 81.99720001220703
sad: 97.87295532226562
sad: 99.9764175415039
sad: 99.88606262207031
sad: 99.98423767089844
sad: 99.99065399169922
sad: 99.91925811767578
sad: 99.99756622314453
sad: 99.88536834716797
angry: 99.9998779296875
sad: 97.36734771728516
sad: 99.99378967285156
sad: 99.82383728027344
sad: 99.98909759521484
sad: 99.99547576904297
sad: 99.99473571777344
sad: 99.95997619628906
sad: 99.83341979980469
sad: 63.58512496948242
sad: 99.20281219482422
sad: 80.27747344970703
sad: 99.6812973022461
sad: 99.98896026611328
sad: 98.74681091308594
sad: 99.95704650878906
happy: 73.08306884765625
sad: 99.85469818115234
sad: 95.55960083007812
neutral: 60.69265365600586
happy: 97.87783813476562
sad: 99.3051986694336
neutral: 56.294532775878906
sad: 99.98038482666016
sad: 99.99966430664062
sad: 99.99871826171875
sad: 99.99639129638672
sad: 95.93896484375
sad: 99.41799926757812
sad: 99.95006561279297
sad: 99.99226379394531
sad: 99.99871063232422
sad: 99.99737548828125
sad: 99.89195251464844
sad: 99.99102020263672
sad: 99.99124145507812
sad: 99.99846649169922
sad: 79.2581558227539
disgust: 58.48207473754883
sad: 75.63715362548828
neutral: 66.25303649902344
sad: 48.96817398071289
neutral: 49.17295455932617
neutral: 39.08699035644531
sad: 93.51870727539062
neutral: 85.05424499511719
fear: 50.05291748046875
sad: 58.07468032836914
neutral: 59.47372055053711
neutral: 51.01559829711914
neutral: 99.71087646484375
neutral: 82.65159606933594
neutral: 49.74893569946289
sad: 81.7635498046875
neutral: 39.056949615478516
angry: 40.79392623901367
sad: 62.21171569824219
neutral: 99.90186309814453
sad: 47.33121109008789
sad: 76.31375885009766
sad: 89.8451919555664
sad: 88.28377532958984
neutral: 56.66946029663086
sad: 43.77749252319336
fear: 61.29680633544922
neutral: 54.56233215332031
neutral: 69.88400268554688
neutral: 71.44622039794922
neutral: 62.91720199584961
sad: 41.704864501953125
sad: 81.34876251220703
sad: 76.23185729980469
sad: 77.75131225585938
fear: 65.80464172363281
sad: 63.685523986816406
sad: 56.99281311035156
sad: 50.491092681884766
sad: 46.55216979980469
sad: 63.120792388916016
sad: 52.7843132019043
sad: 49.77731704711914
sad: 62.82049560546875
sad: 47.96444320678711
sad: 52.1239013671875
sad: 52.201602935791016
sad: 56.1819953918457
sad: 57.74598693847656
sad: 57.58384323120117
sad: 39.07470703125
sad: 67.33332061767578
sad: 56.7084846496582
sad: 48.29133987426758
sad: 57.01117706298828
sad: 37.8050651550293
neutral: 96.93931579589844
neutral: 98.8634033203125
neutral: 99.16858673095703
neutral: 99.78082275390625
neutral: 98.24444580078125
neutral: 99.1906509399414
neutral: 99.8988037109375
neutral: 99.99681091308594
neutral: 99.99603271484375
neutral: 99.99947357177734
neutral: 99.99853515625
neutral: 99.99813842773438
sad: 64.7063217163086
sad: 86.16334533691406
sad: 82.70720672607422
sad: 53.80571365356445
sad: 60.38129425048828
neutral: 99.01397705078125
happy: 95.84829711914062
sad: 57.213478088378906
sad: 87.89064025878906
sad: 79.96871185302734
sad: 79.48898315429688
neutral: 92.77892303466797
sad: 48.53803253173828
happy: 99.98800659179688
neutral: 99.86100769042969
neutral: 99.87700653076172
neutral: 98.63391876220703
neutral: 99.99942779541016
neutral: 99.999267578125
neutral: 99.98391723632812
neutral: 99.99849700927734
neutral: 99.99750518798828
neutral: 99.99723052978516
neutral: 99.99781036376953
neutral: 89.2533950805664
sad: 97.23553466796875
sad: 57.564781188964844
fear: 85.08924102783203
sad: 56.66856002807617
sad: 43.720096588134766
sad: 62.88068771362305
sad: 33.305458068847656
sad: 55.05550003051758
sad: 56.30365753173828
neutral: 99.96472930908203
happy: 72.84654998779297
neutral: 98.96212768554688
neutral: 99.92632293701172
neutral: 99.9554443359375
neutral: 99.95843505859375
neutral: 99.92101287841797
neutral: 99.83660125732422
sad: 73.62909698486328
sad: 93.88859558105469
sad: 70.94609832763672
happy: 44.7425651550293
happy: 100.0
happy: 99.9994888305664
sad: 95.47401428222656
neutral: 92.13566589355469
neutral: 91.29813385009766
neutral: 89.77059173583984
sad: 95.04280853271484
sad: 79.45550537109375
fear: 99.97334289550781
fear: 99.82929992675781
fear: 99.82402038574219
fear: 99.87843322753906
fear: 99.97823333740234
fear: 99.60670471191406
neutral: 57.71151351928711
happy: 50.298946380615234
fear: 54.96829605102539
happy: 99.91622161865234
neutral: 70.9995346069336
disgust: 52.34104537963867
disgust: 66.89766693115234
sad: 75.55770874023438
fear: 60.72336196899414
neutral: 43.73273468017578
sad: 78.14734649658203
sad: 97.05439758300781
sad: 60.45009994506836
happy: 98.97692108154297
fear: 60.64906311035156
sad: 38.4099006652832
angry: 74.55282592773438
neutral: 86.30238342285156
neutral: 73.59966278076172
neutral: 59.25123596191406
neutral: 73.27117156982422
neutral: 75.56476593017578
neutral: 71.5266342163086
happy: 99.7110366821289
neutral: 90.74050903320312
neutral: 92.60889434814453
neutral: 92.3423080444336
neutral: 91.44005584716797
neutral: 80.25003814697266
neutral: 94.19330596923828
neutral: 86.1877670288086
neutral: 87.16606140136719
neutral: 56.471580505371094
neutral: 99.35987091064453
neutral: 86.81742858886719
disgust: 54.93711853027344
fear: 43.38324737548828
happy: 98.8154525756836
happy: 90.86773681640625
neutral: 99.91929626464844
neutral: 96.80667877197266
neutral: 99.55431365966797
neutral: 70.81980895996094
sad: 99.81785583496094
neutral: 91.10820770263672
neutral: 97.00276947021484
neutral: 82.22696685791016
sad: 90.08179473876953
neutral: 79.02112579345703
neutral: 72.88803100585938
neutral: 84.80423736572266
neutral: 92.4231185913086
sad: 89.7269515991211
neutral: 64.97594451904297
neutral: 82.76406860351562
neutral: 97.9547348022461
neutral: 88.83507537841797
neutral: 93.71502685546875
neutral: 89.51543426513672
neutral: 94.7742691040039
neutral: 61.919795989990234
neutral: 68.49050903320312
neutral: 59.993797302246094
neutral: 83.92925262451172
neutral: 83.23472595214844
sad: 86.06732177734375
neutral: 69.07905578613281
sad: 54.504512786865234
neutral: 80.10172271728516
neutral: 96.98726654052734
neutral: 80.90474700927734
sad: 70.92282104492188
neutral: 93.84077453613281
neutral: 88.45278930664062
neutral: 51.04950714111328
neutral: 50.795162200927734
neutral: 99.74699401855469
neutral: 99.46416473388672
neutral: 99.56543731689453
neutral: 97.71422576904297
neutral: 98.66094970703125
neutral: 93.68680572509766
neutral: 84.07581329345703
neutral: 93.54293060302734
sad: 64.30245208740234
happy: 83.83970642089844
happy: 87.62464904785156
neutral: 99.65042877197266
neutral: 66.05120086669922
sad: 56.461875915527344
neutral: 44.96255874633789
fear: 95.8595962524414
fear: 63.28651428222656
neutral: 97.41824340820312
neutral: 95.51741790771484
neutral: 99.23748016357422
happy: 99.97886657714844
neutral: 99.02686309814453
happy: 92.68740844726562
happy: 71.77216339111328
happy: 97.39579010009766
neutral: 94.06571197509766
neutral: 99.35790252685547
happy: 76.46986389160156
happy: 98.9287109375
happy: 99.64004516601562
neutral: 99.77937316894531
neutral: 50.143653869628906
fear: 82.96700286865234
neutral: 51.89558410644531
neutral: 95.71417999267578
fear: 62.02420425415039
neutral: 89.51451873779297
neutral: 97.06092071533203
fear: 50.958251953125
fear: 99.27159881591797
fear: 98.99585723876953
fear: 91.61239624023438
fear: 94.05651092529297
fear: 88.38009643554688
fear: 88.97575378417969
fear: 96.83827209472656
fear: 97.97850799560547
fear: 99.4761734008789
fear: 98.91166687011719
fear: 97.12751770019531
fear: 97.99293518066406
fear: 98.72510528564453
fear: 98.91790008544922
fear: 99.3868408203125
fear: 99.75962829589844
fear: 99.78181457519531
fear: 99.63903045654297
fear: 98.89541625976562
fear: 98.95686340332031
fear: 99.75951385498047
fear: 99.35795593261719
fear: 98.72052001953125
happy: 98.34137725830078
happy: 99.99760437011719
neutral: 75.81483459472656
sad: 97.17092895507812
sad: 75.78230285644531
neutral: 79.95340728759766
happy: 82.75527954101562
sad: 75.44587707519531
fear: 59.555946350097656
neutral: 64.43489837646484
neutral: 58.14946365356445
neutral: 97.07637786865234
neutral: 85.84627532958984
fear: 61.00194549560547
fear: 68.07754516601562
sad: 78.408447265625
happy: 85.08402252197266
sad: 45.50881576538086
fear: 53.46153259277344
happy: 52.702754974365234
fear: 96.94231414794922
fear: 99.99694061279297
fear: 99.98649597167969
fear: 99.99812316894531
fear: 99.99642944335938
fear: 99.96343231201172
fear: 99.99984741210938
fear: 99.9980239868164
fear: 99.99983215332031
fear: 99.99916076660156
fear: 99.9998779296875
fear: 99.9964370727539
fear: 99.99971008300781
fear: 99.99961853027344
fear: 99.99983215332031
fear: 99.99954986572266
fear: 99.99993896484375
fear: 99.99993896484375
fear: 99.99764251708984
fear: 99.99993896484375
fear: 99.99991607666016
fear: 99.99957275390625
fear: 99.99987030029297
fear: 99.99989318847656
fear: 99.9998779296875
fear: 99.99907684326172
fear: 99.99968719482422
fear: 99.9998550415039
fear: 99.99990844726562
fear: 99.99989318847656
fear: 99.99794006347656
fear: 99.99993133544922
fear: 99.99983215332031
fear: 99.99993896484375
fear: 99.99755096435547
fear: 99.99979400634766
fear: 99.9998779296875
fear: 99.99983215332031
fear: 99.99932861328125
fear: 99.98088836669922
fear: 99.99883270263672
fear: 99.99938201904297
fear: 99.99954223632812
fear: 99.99845886230469
fear: 99.96592712402344
fear: 99.99702453613281
fear: 99.99993133544922
fear: 99.99976348876953
fear: 99.99919891357422
fear: 99.99987030029297
fear: 99.99986267089844
fear: 99.99983978271484
fear: 99.99909210205078
fear: 99.99906158447266
fear: 99.99990844726562
fear: 99.99994659423828
fear: 99.99992370605469
fear: 99.99981689453125
fear: 99.99671173095703
fear: 99.99974822998047
fear: 99.9999008178711
fear: 99.9998779296875
fear: 99.99947357177734
fear: 99.99897766113281
fear: 99.99610900878906
fear: 99.99858093261719
fear: 99.99982452392578
fear: 99.99994659423828
fear: 99.99990844726562
fear: 99.9998779296875
fear: 99.99968719482422
fear: 99.99784088134766
fear: 99.99559783935547
fear: 99.99730682373047
fear: 99.99742126464844
fear: 99.99134826660156
fear: 99.99763488769531
fear: 99.99468231201172
fear: 99.99478149414062
fear: 99.99658203125
fear: 99.99441528320312
fear: 99.9969482421875
fear: 99.99655151367188
fear: 99.9985122680664
fear: 99.9964828491211
fear: 99.99436950683594
fear: 99.994384765625
fear: 99.99764251708984
fear: 99.99779510498047
fear: 99.99493408203125
fear: 99.99524688720703
fear: 99.99597930908203
fear: 99.99674224853516
fear: 99.99595642089844
fear: 99.99677276611328
fear: 99.997314453125
fear: 99.99784088134766
fear: 99.9974365234375
fear: 99.99735260009766
fear: 99.99742126464844
fear: 99.99716186523438
fear: 99.98677062988281
fear: 99.99809265136719
fear: 99.99480438232422
fear: 99.99851989746094
fear: 99.99714660644531
fear: 99.99842834472656
fear: 99.99971008300781
fear: 99.9991683959961
fear: 99.99879455566406
fear: 99.99947357177734
fear: 99.99954223632812
fear: 99.99874877929688
fear: 99.9942626953125
fear: 99.9976577758789
fear: 99.99742126464844
fear: 99.99915313720703
fear: 99.99883270263672
fear: 99.99495697021484
fear: 99.99884033203125
fear: 99.99900817871094
fear: 99.99942779541016
fear: 99.99895477294922
fear: 99.99944305419922
fear: 99.99976348876953
fear: 99.99917602539062
fear: 99.99890899658203
fear: 99.99978637695312
fear: 99.99976348876953
fear: 99.99870300292969
fear: 99.99974060058594
fear: 99.99955749511719
fear: 99.9992446899414
fear: 99.99908447265625
fear: 99.99944305419922
fear: 99.9993667602539
fear: 99.99866485595703
fear: 99.99898529052734
fear: 99.99958801269531
fear: 99.99943542480469
fear: 99.99974060058594
fear: 99.99739837646484
fear: 99.99949645996094
fear: 99.99873352050781
fear: 99.9989242553711
fear: 99.99947357177734
fear: 99.99927520751953
fear: 99.9995346069336
fear: 99.99968719482422
fear: 99.99951934814453
fear: 99.99891662597656
fear: 99.9996566772461
fear: 99.9997329711914
fear: 99.99978637695312
fear: 99.99932861328125
fear: 99.99938201904297
fear: 99.99939727783203
fear: 99.9990463256836
fear: 99.99850463867188
fear: 99.99964904785156
fear: 99.99956512451172
fear: 99.9994125366211
fear: 99.99972534179688
fear: 99.99882507324219
fear: 99.99864959716797
fear: 99.99887084960938
fear: 99.99991607666016
fear: 99.9990463256836
fear: 99.99877166748047
fear: 99.99505615234375
fear: 99.99662780761719
fear: 99.99884033203125
fear: 99.99557495117188
fear: 99.99909973144531
fear: 99.99632263183594
fear: 99.99653625488281
fear: 99.99893188476562
fear: 99.99864959716797
fear: 99.98854064941406
fear: 99.99636840820312
fear: 99.99916076660156
fear: 99.9971694946289
fear: 99.99813842773438
fear: 99.9990234375
fear: 99.9966049194336
fear: 99.99687957763672
fear: 99.99952697753906
fear: 99.99943542480469
fear: 99.9964828491211
fear: 99.994384765625
fear: 99.9988784790039
fear: 99.99794006347656
fear: 99.99778747558594
fear: 99.99897766113281
fear: 99.9983901977539
fear: 99.99858093261719
fear: 99.99810028076172
fear: 99.9982681274414
fear: 99.99942016601562
fear: 99.99758911132812
fear: 99.99908447265625
fear: 99.99947357177734
fear: 99.99637603759766
fear: 99.99960327148438
fear: 99.99952697753906
fear: 99.99954986572266
fear: 99.99952697753906
fear: 99.94496154785156
fear: 99.97743225097656
fear: 99.90794372558594
fear: 99.87225341796875
fear: 99.97686767578125
fear: 99.96980285644531
fear: 99.9886245727539
fear: 99.98443603515625
fear: 99.96135711669922
fear: 99.98403930664062
fear: 99.99737548828125
fear: 99.99520111083984
fear: 99.9753646850586
fear: 99.99010467529297
fear: 99.98395538330078
fear: 99.99723815917969
fear: 99.9864273071289
fear: 99.98918151855469
fear: 99.9727554321289
fear: 99.99767303466797
fear: 99.99937438964844
fear: 99.990478515625
fear: 99.99588775634766
fear: 99.99800872802734
fear: 99.99959564208984
fear: 99.99978637695312
fear: 99.99947357177734
fear: 99.99946594238281
fear: 99.99951934814453
fear: 99.99958038330078
fear: 99.99900817871094
fear: 99.99832153320312
fear: 99.99925994873047
fear: 99.99894714355469
fear: 99.99726867675781
fear: 99.99742889404297
fear: 99.99903106689453
fear: 99.99889373779297
fear: 99.99934387207031
fear: 99.99933624267578
fear: 99.9994125366211
fear: 99.99776458740234
fear: 99.99771118164062
fear: 99.99938201904297
fear: 99.99932098388672
fear: 99.99856567382812
fear: 99.99806213378906
fear: 99.99956512451172
sad: 79.6486587524414
fear: 99.97238159179688
fear: 99.99862670898438
fear: 99.99906921386719
fear: 99.99989318847656
fear: 99.99968719482422
fear: 99.99971008300781
fear: 99.99927520751953
fear: 99.99970245361328
fear: 99.99961853027344
fear: 99.9994888305664
fear: 99.99972534179688
fear: 99.99971008300781
fear: 99.9996337890625
fear: 99.99952697753906
fear: 99.99919891357422
fear: 99.99925231933594
fear: 99.99956512451172
fear: 99.99943542480469
fear: 99.9994125366211
fear: 99.99944305419922
fear: 99.99961853027344
fear: 99.9996109008789
fear: 99.99979400634766
fear: 99.9997787475586
fear: 99.99935913085938
fear: 99.99922180175781
fear: 99.99955749511719
fear: 99.99968719482422
fear: 99.9991683959961
fear: 99.99966430664062
fear: 99.99783325195312
sad: 93.68946838378906
happy: 98.47091674804688
fear: 53.617000579833984
surprise: 97.69902038574219
sad: 78.92974853515625
sad: 76.51594543457031
sad: 64.34811401367188
neutral: 70.50128936767578
neutral: 73.47350311279297
sad: 51.40779495239258
fear: 99.0101547241211
sad: 63.41025924682617
fear: 84.7059326171875
sad: 72.32869720458984
neutral: 52.1176643371582
neutral: 99.89080810546875
fear: 46.40382385253906
fear: 92.81065368652344
fear: 65.00764465332031
neutral: 80.05465698242188
fear: 76.1912841796875
sad: 49.50660705566406
neutral: 37.44834899902344
neutral: 71.67584991455078
sad: 92.69782257080078
sad: 98.335693359375
happy: 87.15154266357422
happy: 99.95021057128906
happy: 99.94939422607422
happy: 99.69640350341797
happy: 99.8739013671875
happy: 99.35778045654297
happy: 99.70506286621094
happy: 99.48299407958984
fear: 98.96591186523438
fear: 99.96944427490234
fear: 99.9990005493164
fear: 99.99851989746094
fear: 99.98936462402344
fear: 99.997314453125
fear: 99.99584197998047
fear: 99.99556732177734
fear: 99.98023986816406
fear: 99.99418640136719
fear: 99.99357604980469
fear: 99.98518371582031
fear: 99.99162292480469
fear: 99.99542999267578
fear: 99.99567413330078
fear: 99.99595642089844
fear: 99.9970703125
fear: 99.95528411865234
fear: 99.9858169555664
fear: 99.9858627319336
fear: 99.97607421875
fear: 99.7107925415039
fear: 99.98196411132812
fear: 99.9844970703125
fear: 99.98709869384766
fear: 99.95479583740234
fear: 99.7446517944336
fear: 99.9767837524414
fear: 99.96820831298828
fear: 99.98597717285156
fear: 99.99961853027344
fear: 99.99971008300781
fear: 99.9997787475586
fear: 99.9970474243164
fear: 99.9998779296875
fear: 99.99968719482422
fear: 99.99917602539062
fear: 99.99866485595703
fear: 99.99851989746094
fear: 99.99263000488281
fear: 99.9912109375
fear: 99.87311553955078
fear: 99.81134033203125
fear: 99.96923828125
fear: 99.87317657470703
fear: 99.85759735107422
fear: 99.9463119506836
fear: 99.93317413330078
fear: 99.97079467773438
fear: 99.80389404296875
fear: 99.87533569335938
fear: 99.88894653320312
fear: 99.99333953857422
fear: 99.99214935302734
fear: 99.99791717529297
fear: 99.9941177368164
fear: 99.99723052978516
fear: 99.99829864501953
fear: 99.99877166748047
fear: 99.9990234375
fear: 99.99932098388672
fear: 99.99937438964844
fear: 99.9989013671875
fear: 99.998779296875
fear: 99.99598693847656
fear: 99.99347686767578
happy: 99.41567993164062
fear: 99.9970703125
fear: 99.99781799316406
fear: 99.9958267211914
fear: 99.98341369628906
fear: 99.9951400756836
fear: 99.990478515625
fear: 99.99520874023438
fear: 99.99568939208984
fear: 99.9914321899414
fear: 99.99346923828125
fear: 99.9871597290039
fear: 99.99213409423828
fear: 99.98372650146484
fear: 99.9857177734375
fear: 99.9913558959961
fear: 99.98381042480469
fear: 99.98446655273438
fear: 99.97586822509766
fear: 99.95289611816406
fear: 99.95401763916016
fear: 99.9836654663086
fear: 99.99502563476562
angry: 35.18430709838867
fear: 91.68468475341797
fear: 69.13959503173828
neutral: 37.66274642944336
neutral: 44.063331604003906
sad: 83.66122436523438
sad: 81.53605651855469
neutral: 52.05345153808594
fear: 99.98400115966797
fear: 99.9986343383789
fear: 99.99961853027344
fear: 99.99955749511719
fear: 99.99779510498047
fear: 99.99932861328125
fear: 99.99964141845703
fear: 99.99942779541016
fear: 99.99960327148438
fear: 99.9994125366211
fear: 99.99951934814453
fear: 99.99932098388672
fear: 99.99893951416016
fear: 99.99925231933594
fear: 99.9986801147461
fear: 99.99945068359375
fear: 99.99919128417969
fear: 99.99955749511719
fear: 99.99980163574219
fear: 99.9994888305664
neutral: 56.41982650756836
fear: 99.23167419433594
happy: 38.41299057006836
sad: 71.26081085205078
fear: 99.99886322021484
fear: 99.99974822998047
fear: 99.99982452392578
fear: 99.99967193603516
fear: 99.99951934814453
fear: 99.99910736083984
fear: 99.99991607666016
fear: 99.99966430664062
fear: 99.99601745605469
fear: 99.9854736328125
fear: 99.24055480957031
fear: 99.97420501708984
fear: 99.92955017089844
happy: 56.33224868774414
fear: 91.7291488647461
sad: 99.92176055908203
fear: 99.1076889038086
fear: 99.96063232421875
fear: 99.78848266601562
fear: 99.99883270263672
fear: 99.98650360107422
fear: 99.97899627685547
neutral: 77.31421661376953
happy: 60.42377853393555
sad: 94.96514892578125
fear: 99.99978637695312
fear: 99.99979400634766
fear: 99.99966430664062
fear: 99.99984741210938
fear: 99.9998550415039
fear: 99.99983215332031
fear: 99.9996337890625
fear: 99.99987030029297
fear: 99.99961853027344
fear: 99.99942779541016
happy: 99.31198120117188
fear: 99.99842071533203
happy: 99.68489837646484
fear: 99.9994125366211
fear: 99.99803924560547
fear: 99.99955749511719
fear: 56.803871154785156
fear: 40.583892822265625
fear: 54.953895568847656
angry: 40.30619430541992
neutral: 75.35523986816406
sad: 68.3895492553711
happy: 92.22308349609375
fear: 77.0393295288086
fear: 99.99979400634766
fear: 99.99906921386719
fear: 99.99856567382812
fear: 99.9961166381836
fear: 99.99844360351562
fear: 99.99506378173828
fear: 99.99322509765625
fear: 99.99798583984375
fear: 99.99900817871094
fear: 99.99617004394531
fear: 99.9891357421875
fear: 99.99542999267578
fear: 99.98593139648438
fear: 99.98261260986328
fear: 99.9925308227539
fear: 99.99874114990234
fear: 99.99678039550781
fear: 92.69705963134766
happy: 88.84596252441406
happy: 68.32950592041016
neutral: 83.12736511230469
neutral: 84.82157135009766
neutral: 43.380706787109375
neutral: 51.44404602050781
neutral: 88.5322036743164
neutral: 70.2975082397461
fear: 24.75865936279297
happy: 24.59111976623535
neutral: 61.7585334777832
sad: 77.39210510253906
sad: 84.63265228271484
sad: 75.2336654663086
sad: 86.22425079345703
sad: 76.96662902832031
neutral: 32.67842102050781
sad: 76.01659393310547
sad: 94.13311767578125
fear: 50.18616485595703
fear: 97.5383071899414
fear: 97.2000732421875
fear: 98.18217468261719
fear: 99.87006378173828
fear: 99.98726654052734
fear: 99.99614715576172
sad: 87.02617645263672
fear: 99.93487548828125
fear: 99.89199829101562
fear: 99.97450256347656
fear: 99.98153686523438
fear: 99.94725036621094
fear: 99.947265625
happy: 99.61031341552734
happy: 88.73939514160156
fear: 99.56910705566406
fear: 99.56963348388672
fear: 99.5531005859375
fear: 99.90376281738281
fear: 98.51538848876953
fear: 93.0687026977539
fear: 88.41172790527344
fear: 99.92806243896484
fear: 99.17573547363281
fear: 99.84202575683594
fear: 99.82759094238281
fear: 99.76354217529297
fear: 99.29914093017578
fear: 98.74083709716797
fear: 95.06490325927734
fear: 97.61156463623047
fear: 96.61320495605469
fear: 94.60877227783203
fear: 93.2098388671875
fear: 93.5357437133789
fear: 99.8619613647461
fear: 99.94879150390625
fear: 99.9216537475586
fear: 99.70733642578125
fear: 99.36174011230469
fear: 98.64814758300781
fear: 99.9681625366211
fear: 93.16727447509766
fear: 99.97013092041016
sad: 72.33560180664062
fear: 99.8306655883789
fear: 99.75228881835938
fear: 99.55601501464844
fear: 99.66951751708984
neutral: 48.130775451660156
fear: 86.7150650024414
fear: 88.58879852294922
fear: 95.4897689819336
fear: 95.70476531982422
fear: 99.72440338134766
sad: 96.8447036743164
fear: 62.97737121582031
fear: 99.13441467285156
fear: 98.96514892578125
sad: 49.949302673339844
sad: 80.13928985595703
sad: 97.90577697753906
happy: 83.5534439086914
fear: 99.7865219116211
fear: 99.88656616210938
fear: 99.96993255615234
fear: 99.98915100097656
fear: 99.984130859375
fear: 99.93785858154297
fear: 99.91355895996094
fear: 99.91625213623047
fear: 99.99337005615234
fear: 99.99461364746094
fear: 99.98165130615234
fear: 99.9823989868164
neutral: 57.077388763427734
sad: 89.05133819580078
sad: 84.79710388183594
fear: 99.9879150390625
sad: 96.14574432373047
fear: 46.75766372680664
sad: 88.30201721191406
sad: 76.74939727783203
happy: 93.89884948730469
fear: 95.62749481201172
fear: 96.11729431152344
fear: 90.36044311523438
fear: 91.91742706298828
fear: 94.68909454345703
fear: 94.48387145996094
fear: 96.82952117919922
fear: 99.22183227539062
fear: 97.88658905029297
fear: 99.45672607421875
fear: 99.81240844726562
fear: 85.46073150634766
fear: 78.95826721191406
fear: 87.83601379394531
fear: 82.3774642944336
fear: 99.8245849609375
fear: 99.64878845214844
fear: 99.98695373535156
sad: 85.1910400390625
fear: 92.19104766845703
fear: 87.53585815429688
fear: 99.7280502319336
fear: 98.35136413574219
fear: 99.3287124633789
fear: 99.82721710205078
fear: 99.49453735351562
fear: 99.85546112060547
fear: 99.88525390625
fear: 99.6170883178711
fear: 99.85075378417969
fear: 99.78848266601562
fear: 99.93780517578125
fear: 99.9578857421875
fear: 99.9919204711914
fear: 76.72460174560547
sad: 39.104488372802734
sad: 99.7413101196289
neutral: 97.83349609375
fear: 53.07933044433594
neutral: 91.72120666503906
sad: 95.74629974365234
sad: 95.99837493896484
sad: 47.33926010131836
fear: 99.87098693847656
sad: 99.39224243164062
fear: 99.99785614013672
sad: 99.4930191040039
sad: 98.99554443359375
fear: 99.88796997070312
sad: 93.75238800048828
fear: 99.98826599121094
fear: 99.95079040527344
fear: 99.99884033203125
sad: 58.58881759643555
happy: 99.673583984375
fear: 71.45118713378906
neutral: 40.712310791015625
fear: 39.69464874267578
sad: 99.999267578125
sad: 99.38643646240234
happy: 51.619022369384766
happy: 99.85443115234375
happy: 69.41172790527344
happy: 99.99983215332031
neutral: 97.8198471069336
neutral: 53.64210510253906
neutral: 79.62708282470703
sad: 54.4684944152832
fear: 60.314815521240234
neutral: 39.546321868896484
neutral: 47.772369384765625
sad: 40.713356018066406
fear: 61.77126693725586
fear: 42.995094299316406
happy: 99.99822235107422
sad: 63.32651901245117
happy: 94.56802368164062
happy: 94.37308502197266
sad: 41.63243865966797
neutral: 43.257301330566406
sad: 42.771568298339844
sad: 54.71730041503906
happy: 99.62113952636719
happy: 99.872802734375
fear: 99.04963684082031
fear: 82.76983642578125
happy: 99.21475982666016
fear: 99.88265991210938
fear: 99.80551147460938
fear: 98.36235809326172
fear: 99.82698822021484
fear: 99.53874206542969
fear: 99.76981353759766
fear: 99.61190795898438
fear: 99.95392608642578
fear: 96.81212615966797
fear: 75.82939147949219
fear: 85.99186706542969
fear: 92.12088775634766
fear: 90.4261245727539
fear: 86.30602264404297
fear: 74.44942474365234
fear: 74.74981689453125
happy: 45.77674102783203
fear: 53.635013580322266
fear: 65.28009796142578
fear: 61.67085647583008
happy: 66.50117492675781
fear: 61.65253448486328
fear: 66.4819107055664
fear: 87.3995132446289
fear: 77.12615966796875
sad: 49.39183807373047
fear: 49.211761474609375
happy: 65.43952178955078
fear: 63.80669403076172
sad: 50.99616622924805
fear: 68.83051300048828
sad: 88.82991790771484
fear: 94.3590087890625
angry: 66.78215026855469
neutral: 53.749473571777344
fear: 51.2924690246582
fear: 78.58048248291016
fear: 99.88280487060547
sad: 46.04438400268555
fear: 97.39330291748047
fear: 96.9076919555664
fear: 99.96678924560547
fear: 99.90859985351562
fear: 99.95032501220703
fear: 99.82527160644531
fear: 98.56903839111328
fear: 99.70462036132812
fear: 99.42681121826172
fear: 99.57305145263672
happy: 90.97954559326172
fear: 97.22086334228516
fear: 99.65779876708984
fear: 63.688716888427734
fear: 85.94892120361328
fear: 94.4248046875
happy: 87.58702850341797
fear: 99.1960220336914
fear: 99.94935607910156
fear: 99.98506164550781
sad: 92.6025619506836
fear: 97.88206481933594
fear: 67.24170684814453
fear: 61.036869049072266
sad: 61.85982131958008
sad: 89.46803283691406
sad: 99.97942352294922
sad: 99.98734283447266
sad: 99.71991729736328
sad: 98.5457534790039
sad: 99.40120697021484
fear: 73.76713562011719
fear: 74.98001861572266
sad: 82.73403930664062
fear: 96.60298156738281
fear: 98.42666625976562
fear: 98.6534652709961
happy: 93.7683334350586
happy: 52.51033401489258
fear: 98.75464630126953
fear: 99.52909851074219
fear: 99.2654037475586
fear: 97.11825561523438
fear: 99.82060241699219
fear: 71.61540985107422
fear: 68.45719146728516
sad: 95.42939758300781
sad: 81.84061431884766
sad: 74.47978973388672
fear: 99.1616439819336
fear: 99.44627380371094
neutral: 57.00992202758789
fear: 60.5036735534668
sad: 78.72663879394531
sad: 99.97417449951172
sad: 55.488136291503906
neutral: 93.76986694335938
sad: 97.65457153320312
sad: 99.97468566894531
sad: 99.96858978271484
sad: 99.99185943603516
sad: 85.81291198730469
sad: 95.9233169555664
sad: 77.0747299194336
sad: 98.28974914550781
sad: 44.62199020385742
sad: 70.19245910644531
sad: 59.05009841918945
sad: 74.18601989746094
sad: 79.57030487060547
sad: 42.961944580078125
sad: 55.52244567871094
fear: 49.4799919128418
sad: 99.83527374267578
sad: 49.00912094116211
